Ensenble,1T,2T,3T,4T,5T,6T,7T,8T,10T,11T,12T,13T,14T,15T,16T,17T,18T,19T,20T,21T,22T,23T,24T,25T,26T,27T,28T,29T,30T,31T
ENSG00000215788,-0.042505313836642335,0.08930138174935097,0.7308071323610625,2.9501562640426924,2.4014066179779934,0.17880535333071798,-0.38278038037363715,1.2657333052215198,3.12048066048133,0.8739037251246914,2.3464307722431443,1.1239520918753332,0.9436843503839482,1.741893104748819,-0.05508625469039852,2.9260184511850063,1.7743522986738036,1.9454564512247863,1.9650217769837397,0.34534686983272306,0.6486738322928061,1.4632814200376183,-0.6859883889729883,3.0968492875344986,1.0423472629188013,-0.11888848246600317,0.7042299657241655,-0.8717166992107648,1.8907595478876096,1.5541472599922979
ENSG00000066056,0.24999123248378186,0.9981733804559242,0.9140088464965133,0.9984817191790686,2.9718333840884394,-0.3166835385093383,0.779329676671531,1.1590173185187937,-0.5536780058926765,2.0004054542997225,0.8557257229358247,0.6951743095083194,2.969827659478632,1.6670250531338933,0.6216226645576032,-0.10111726092678028,0.2200994049367646,1.195480877657556,2.6357464967081885,1.2122915838262798,2.6963782605929234,0.5211658804828261,-0.7346479565986025,0.8368573568477159,0.9218254769169146,-0.00033910636705378487,1.4148640967514774,0.7729198730712039,-0.044391946751526204,-2.8915663584221356
ENSG00000162618,1.1689109274427572,1.638859872108851,1.3098633684249057,2.4841840123000676,2.82422687690804,0.9763318645617198,1.2885256724183467,1.9774561490650857,0.2819411020644384,2.2622125566635902,2.669677162513224,1.605434861636496,5.0169619769883855,2.8458313749933484,1.1774687530739885,0.2478039028967433,1.4066917279160949,1.177709923284634,2.9825907103313805,2.0214797409135086,2.997978836521433,1.2020533039179764,0.15983819355620307,1.126441226923718,1.552539291629748,0.8732683157204142,1.9100853686112715,1.1366854293323894,0.9445472367884767,0.20649659671063592
ENSG00000099260,-1.4654817054470002,3.038216433651565,-0.5708511638175289,0.005924113644124888,0.4942049436194914,-3.396728910592961,-0.1832361226771774,0.49975420260583375,-1.9232754689052132,0.18030851088616356,0.08724553532360761,-1.962378649938081,1.4735348384341365,0.9742721925063883,-0.6643712608166833,-1.554632027858196,-0.4114112221988921,-0.00827854091607606,1.3977236656597878,-0.11429614169754061,1.4815964217727502,-0.6834095427955129,-2.376774747388869,0.34663649525370444,0.8058146100978332,4.454615376981892,0.2703789361587647,-1.6875927782839066,-2.3056567902074163,-4.462090946838494
ENSG00000117281,-5.091499286054595,-6.250207704995802,-4.346445083479202,-3.2747395130858132,-1.1580065667819044,-2.3030154206131805,-7.229585542411214,-2.092098748565996,-3.5967597682175327,-2.0859736033739433,-1.4426960611911068,-1.0463675163873174,-1.3459762047754342,-1.1397847074237244,-2.945650849249099,-2.9304572575745302,-2.0502300715675377,-4.524113176624348,-2.451171181291249,-2.0194480151079532,-1.1818097916694992,-2.351247287238727,-4.188347972330678,-3.49963246443434,-2.5285993997026086,0.14246613334920183,-0.4044972618293924,-3.555455138101741,-3.2592490216853847,-3.415683186300101
ENSG00000169291,-3.0426893608145393,-1.1212274636469242,-1.6951143079815574,-1.8050155378077755,0.15271108343702888,-3.089757323696215,1.3641336691938337,-1.2319504056182475,-4.120839524939158,-0.9462485048513367,-0.9642018795273515,-2.503403976585407,0.2739904061079822,-0.4008300620276791,-0.7157838412944517,-2.179053120717443,0.4266734870541232,-1.136980750304076,0.08659436398634597,-0.603839903591827,0.8829800454706237,-1.3336883120721572,-3.1395380577547427,-2.3821661979366673,-1.5501788205269873,1.231918025846291,-0.13983488486937082,-3.1269145978996793,-2.3397221231948646,-5.776264186322446
ENSG00000187800,-0.5175337766456748,-1.2449029114860286,-1.069639779416791,-0.49724061950695375,0.10616339207609864,-2.370088350237891,-0.25707061654536933,-0.7223078168925663,-2.8692490210857624,-0.24062635742738261,0.32391451465853066,-1.7038816876902059,0.9991706044032671,0.13521384523548183,-0.2655197969834919,-1.759339846362756,-2.3653804668447656,-0.6999210644106849,0.4401685556016903,-0.6709026314249225,0.5840596085994051,-1.7772817906076879,1.6586360249146714,-1.1627061662494778,-0.9257790396285724,-1.6159432505971338,0.09884257488963795,-0.6495078764725293,-1.5146647456511562,-2.5473098913438683
ENSG00000132704,-6.433239779018252,-2.9480920461694335,-6.495540543547931,-4.1019068478546075,-4.108556324099531,-7.47033291717022,-4.11189439908996,-6.388035591457976,-7.897343910916135,-5.982302944818876,-3.421866496287079,-3.897121684829436,-4.331572910499087,-2.359534702641609,-6.480700267101671,-5.916053943053071,-2.2075460233376036,-3.865853706357428,-0.993824395089793,-5.504146505679393,-3.3187305171581265,-4.523062815106342,-7.131215039946706,-3.7589108330785415,-2.811446232517587,-1.5736699011472561,-5.218725530341626,-5.958630862476901,-7.27972531774133,-5.844886542766426
ENSG00000158477,1.5026215023058989,-1.7364603594696308,-1.7655835342290214,-1.629747617852065,-5.795323581782158,-5.328426874175961,-2.0528731166105327,-1.3101552791303206,-3.585512762973222,-0.8788875815567747,-3.151341118848411,2.6841912329388204,-2.1541569385269024,0.7239051239959438,-6.480700267101671,-3.4756035836163637,0.8948565982929824,-4.273400246431069,-0.21204620325748538,-3.8185836140226184,-3.8137398879001063,-2.4224624306350946,1.3026793161610957,-5.658310439155653,-1.5998145420092327,-1.9425548074979604,-4.685165752404233,-5.958630862476901,-7.27972531774133,-8.716267341561384
ENSG00000158485,-1.4882236546710075,-2.5644699371169684,-4.637987213734676,-5.788674069727336,-5.795323581782158,-7.47033291717022,-2.3918446194515974,-2.5304822839964216,-3.8464817531347526,-1.8028215805486862,-4.149275709364948,-1.7400081016903126,-6.432077795310376,-2.1264722669969243,-5.073694264506987,-3.2511457479651,-1.470286954607356,-2.8383754118128395,-0.369761227207632,-3.9096276022671876,-2.5486400622136425,-2.250472006834279,-4.087572682133199,-6.071282542548129,-3.597749131038672,-3.4710041102018327,-5.683100369026058,-4.740082062864213,-3.5507911545735444,-4.987333230859775
ENSG00000158488,-0.8908061542249459,-0.6344771028095897,-3.0405697348198126,-5.553826685368279,-5.795323581782158,-7.47033291717022,-1.8433367198185262,-0.8741710941565208,-5.155954842313485,-1.3049397558357239,-3.551858201268754,1.209084835221762,-6.432077795310376,-0.04076828783665607,-3.3607995532330266,-2.9585828281157376,-0.7719405487359162,-1.995845416884854,0.14748592312919007,-2.0898176746609396,0.6732683012325822,-1.9160889140034358,-1.2677627663720594,-5.473865018237359,-2.4978312825366373,0.1463129526245233,-3.6706453429487067,-5.142664559703576,-6.538336200230373,-8.716267341561384
ENSG00000162747,0.25644357954763786,-0.4992000105589916,1.4097059260578857,3.095178032516418,1.5252110558652663,-1.470580111981743,0.6670996753147306,1.3075970576861726,-0.8121995057948301,1.6402662012314326,3.0692929091711623,2.9902423575280057,4.399973217776019,4.352214036527175,-2.2535368330386754,0.569011687581526,2.3849843289858264,1.8148595072960938,4.707461203907073,-0.7637000019949591,1.5495021164351632,1.330497761394749,-2.9519134270688547,0.8863784253755659,0.6730697186037152,1.0957049705745083,-0.27798041619148434,-0.4692632301163731,2.251218927676266,1.7461125546236085
ENSG00000198574,-1.152518759915884,-3.1525294589582833,-2.940644534085582,-5.569378703329352,-1.7686732242904284,-5.744495998962213,-7.229585542411214,-3.533579300210624,-3.8495787664041075,-3.9579216910546555,-2.7373352215101705,-4.158142629698394,-1.7222291324763168,-2.014092070273833,-4.076791282434181,-3.2542427664996367,-5.996945921746295,-2.7634699200983315,-5.582311602207436,-4.234652700753563,-3.551737078851521,-3.838531537047402,-7.131215039946706,-5.074379534560315,-5.600846112506558,0.3672011285319024,-4.686197362609478,-3.7431791008183413,-1.424605161134624,-6.990430338750856
ENSG00000117322,-7.304620499657021,-1.6837688712277485,-1.890753303985806,-5.788674069727336,-5.795323581782158,-6.548753817023758,-6.521127685612401,-6.3378372393955615,-7.897343910916135,-4.0252140119523165,-5.541593132143708,-4.74000811614772,-4.959446445800816,-4.348864688333372,-5.881049186564591,-4.865855578344098,-3.7137410007596547,-7.815655206333261,-1.7718596719773678,-3.8689856117471977,-2.712138795847075,-6.642789422748141,-6.4798900742523555,-6.697671523961832,0.5606802393907856,-5.950587545976106,-3.320530266992383,-5.958630862476901,-2.965828659488089,-8.716267341561384
ENSG00000076356,0.6697209975148009,1.593367697282974,0.027265146070712763,0.3876917730412857,1.1910888206502734,1.557885497548646,0.7460252393998136,2.3565453203419504,1.5766626203124665,0.08753574540810442,0.23381040772285303,1.5922956018738093,0.9385279606234482,0.6663892272342385,0.19084739695594344,0.562897420886022,1.3072899008954901,0.9350257696580159,1.1981885182252094,-1.2175574918772134,-0.30516001873562915,0.4832028957340334,1.5248922756139627,0.8274268777000892,0.1783212453053444,0.35829540144385125,-0.8623934531411092,-1.758094267717977,-0.7614484338174082,-0.6760378170694692
ENSG00000233355,-4.055269890059997,-3.6290158364320892,-3.7956425345727154,-5.788674069727336,-3.1456239369631804,-5.220982354952563,-7.229585542411214,-3.5506340623304387,-6.647993273124331,-8.237401806144847,-2.6288591027721213,-5.219591496970957,-4.1462480902994026,-2.3836632481134905,-4.968315187063104,-4.07865244565837,-3.772992605920429,-3.4878838196057216,-3.251443071398788,-4.711139074025082,-3.4432609723777383,-5.315017887718278,-7.131215039946706,-5.22893786202811,-3.9074075192768634,-5.950587545976106,-5.9883977430684165,-5.958630862476901,-5.030374560581508,-4.881954136554379
ENSG00000115523,1.4456046040248178,-0.2778884621424094,1.04733793933913,1.2768058796172645,2.461004184147098,-1.4104233526829524,-2.257266229798757,-1.0442284582473833,-1.541978357607944,1.2545889428008776,0.19258821029152617,3.8110159765291356,2.3458915969473857,1.8289941947982356,-0.40773441655182524,1.3752857366974105,0.02744218655116531,3.0218532542720578,0.492001730632953,-0.09322516934717814,0.3115886027887084,1.1021986617810065,-3.100551494669148,0.20114088458297052,-1.516751777816044,5.4300571783115075,-0.7030319128866194,1.0323287152539915,1.0689456710195313,-0.3878688104174487
ENSG00000153563,1.1661917075210797,1.0731865070117965,1.354809090632197,1.1067576718757557,1.126974807593969,-3.1236420563743703,-1.1418195104582227,-0.4697818966003507,-1.906796758561366,1.0282825896523002,1.399218523930161,1.3206922835036268,0.4383580247871388,2.7889651707380057,0.003494245655513403,-0.01447902236661182,2.014076933827086,2.8066731702395766,1.4351470781033318,-0.2650706452000938,2.2035431472875824,0.5571094420292116,-1.3543385806789143,0.10106321146395668,-0.32178074914725835,2.9116243764086494,-0.9778806168301699,-1.449899840525784,-1.1781467648599406,-2.9772589279314245
ENSG00000172116,-0.21220347060481698,0.3234618002189715,0.630636607567386,-0.591840920408337,1.1990167458192607,-2.9893506354646613,-3.3242944818946065,-0.1934714693611902,-0.753396512411473,0.12979897619273162,2.0862898458674595,0.47147182827008105,-0.9376999936106947,2.0505976319970736,-0.8477147617510163,-0.6690224337665658,2.4306247420047256,0.97470233373873,0.7577962197917163,-0.9770070355007684,1.5491830861612843,1.077605681061296,-7.131215039946706,-1.4016963763898065,-1.8457008111723738,4.473793643309816,-1.9310520369267237,-1.070495918859912,-1.7987428443195368,1.2601259833291192
ENSG00000211592,6.216268585784606,11.623977343309225,9.53784737553448,8.974405613805178,10.861665647238256,5.813091043736548,6.332882710390478,7.939815657062998,7.3076338787620605,9.082209029868558,10.182688754825609,7.524620273077771,7.048818314107412,11.670194669534496,6.107322815847734,8.121895497208047,12.473652366632523,9.740610579722565,13.670915198488364,9.689837244841893,10.191028238833143,9.74108905411717,6.556508332327321,7.641871933122191,9.225434632554263,10.007791722137847,4.5151947208306575,5.133009770873683,8.273320417950599,6.2757320809195525
ENSG00000172005,-3.6344148297328087,-0.40080584723176577,-3.3747874702506726,-2.455084977183059,-1.5441966120743187,-3.215164783839435,-3.7725010314127703,-3.0042481063995523,-4.227138163504733,-1.935550490947329,-2.3335349101265837,-1.154880241798974,-3.2108198408148643,-0.4847608784957528,-6.480700267101671,-3.795300908009154,-4.052577231333088,-1.9795659017452087,0.5118041981506604,-3.120359018452204,0.36991153283308853,-1.724237836104808,-4.7312634973516765,-4.545048351886253,-2.656477453468638,-1.4142552167013904,-4.741828661638657,-3.798810406758444,-3.024556979317739,-6.0460616002675165
ENSG00000115919,5.338452772768964,3.202336949550329,2.8521370826355423,2.8237857815814333,1.6819767279358282,-1.9246122110479666,4.038321681631248,4.126524013494171,0.2098804299823611,3.278937367597711,2.325568917567389,4.51167584880504,2.4329649346576843,3.0505125831796818,3.2615870053909557,1.4002795186674684,3.0548557562504652,4.247680473289595,5.286542342592365,3.801585774449642,2.241728327966574,1.3032803262837296,3.792754106176112,3.967481048160698,3.537471091045671,3.8847746320071748,2.1681747664031654,2.377536926694671,1.4867249534419227,-1.2918528023577631
ENSG00000168542,6.9100783187201404,6.587176640925709,6.467498143552287,8.70946389762583,8.39508927596852,4.056235465682704,5.14479881667392,6.192994301321107,4.3106950613687305,6.323179828674296,6.183640652076393,4.5622730297938965,8.168140406969034,7.631136528684908,4.559564783706866,4.810534409258657,4.397793145617059,6.162780752290704,7.849766826274096,6.41305173002229,6.476192173464935,5.447294739394923,4.530226983057528,5.5774253552908775,6.2623332057043966,6.719716833677683,5.238971837070392,3.9324438950533778,5.573940647103952,3.815602768084412
ENSG00000168497,-0.7198325275851469,0.7277951765927121,-0.2783668467873002,-0.4727361280656262,1.7285863064040605,-1.36667167595355,1.2509177476717332,0.9735280115218173,-1.9523803089025349,-0.15507581084179536,1.5672792258908415,1.7501963923183543,3.7123499434156813,2.427058161829957,2.8088276545242685,-2.9468077914519175,-0.761140640695658,0.4108209830563763,1.4345518575791512,1.7652234071867265,3.0452557345053903,-0.04566973182483065,-0.6159838719594168,-1.3273214430290292,1.3057578196724455,-0.22180770974397748,1.4104451751871607,-0.5409263589359832,0.7308267145304724,-1.9881151035684472
ENSG00000138411,-1.6623166581137132,-0.44738197321117446,-1.3069496386923511,-0.7010953494543977,-0.1991726561893375,-2.7362366402836744,-0.47637018919291757,-0.7667772958682406,-3.680646732134786,-0.10728809843669483,-0.5137589868386776,-1.5759421928906927,1.0521245745948897,0.22024694737299666,-1.3158420038208383,-2.7196009519199853,-0.38409529189252756,-1.2387663479565012,-0.6294505171773705,-0.6414308748221251,0.25253962834731286,-2.0543124669054706,-1.9868327140274487,-1.2391364876165671,-0.4923925207514621,-0.47907761739376364,-0.7180154740288298,-1.8479287188967424,-2.450051185939712,-3.648433540776065
ENSG00000178562,-1.500398368822909,-0.6348592678886197,-3.2754171563016587,-0.9142049572488004,-1.7078607028283044,-2.2268257761627757,-0.6022643968692416,-1.5304822839964216,-3.168409835051489,-1.5397871747148926,-2.018031170243338,-2.689382033771835,-2.19391169679745,-0.2803849522027861,-2.8810491865645913,-5.543927483456735,-1.5917504710093715,-1.6863723193996254,-0.5792145934191327,-2.79098309863649,-0.15632264104268342,-0.848373562891858,-4.894927616454644,-2.708712455079325,-2.275821029164725,-1.0689056614421233,-4.320530281405362,-3.740082062864213,-1.803557226032688,-4.335256555081299
ENSG00000163599,-1.2249358650002447,0.26207222102772637,-0.8151681549136917,-0.3117463378026223,-0.818824799052829,-2.6444049149712496,-3.509863470213758,-1.1797316527054809,-2.7718555187625213,-0.33587793311399433,-1.089756371808478,0.256459060414172,-1.9075402936796362,0.824670904037156,-1.9767002254431731,-0.4524929814456772,1.170889732790812,1.6122555817797415,1.9721578366016275,-1.587073853696814,0.32364768893671647,-0.1720936474278121,-4.275980856144364,0.14545075201090693,-1.5007550827730423,1.192336756487288,-5.28654601518767,0.2711820922715992,-3.569274339180399,-1.7834240001210253
ENSG00000163600,-2.250273103248715,-0.7989280663174615,-2.8600616365089517,-1.4013329313631597,-2.495445242434793,-5.663913101725073,-3.314358732697443,-1.7525566864461193,-3.631492332722782,-1.6897117940740978,-1.6567523265930246,-1.9620825063576215,-3.074605644005158,0.3318353959409946,-2.472646423477027,-2.5886973670768154,-0.6309608127837049,-0.39165572250893876,0.9577029053900057,-2.5102136188073043,-1.0448894291037323,-1.6286656119934626,-3.787694395589413,-1.7458691352095759,-3.7129083192408476,-0.7305532125629446,-5.605614440882695,-4.077633697291641,-4.47330529065345,-3.5879192619814066
ENSG00000180871,-1.6575317323462215,-3.3605607037702048,-1.2344056427094867,-1.8232136018028058,-1.8771687822540284,-5.952527232669499,-3.018010373884083,-0.960250824607304,-5.794575615438618,-1.9435605097282707,-0.37551085197831024,0.003059951990055491,0.8146980166367567,1.9416231190953752,-6.284822559472226,-2.9477008283556043,-1.0964527134445097,-2.3125380724266718,1.9204635838255435,-3.5357933521656193,-0.5699437605927372,-2.2392078432089457,-4.88366343735838,-2.638554597907938,-0.5800586899128409,-4.6821323763699505,-1.3706666516243087,-3.9512103274708816,-0.07541888723186278,-2.8061440800896813
ENSG00000163464,-3.088025693708659,-5.568662246633222,-1.5180582102921498,-2.8155864441698006,-2.319735574087801,-5.575666242949831,-3.9630774893032923,-0.6643098537329144,-2.8327521272409317,-1.2310965116103731,0.0013501143806367436,0.30836765816783135,1.1593186474901371,2.0241535504606465,-3.9079615592993813,-4.570839874649701,-1.1556908588685266,-3.035212783782353,2.9937858822045325,-3.895897969659978,-0.38290735194566855,-1.9692620770176201,-7.131215039946706,-1.8611557026050711,-1.1840888983338997,-2.8027710542485096,-0.9324051373152243,-4.574349374116845,-0.6036987325437256,-0.8908631957074378
ENSG00000124019,-2.5970236693037965,-0.969135756724907,-1.9368583813865412,-2.1546594230157434,-0.8718022740948059,-3.1777736251131032,-0.6647205583184356,-1.966856955156553,-3.704320189965712,-1.6606600270216292,-1.2961437600180077,-1.2759184498988023,0.19394237054555785,-1.0547000386630867,-3.831997040175086,-2.7013262207041984,-2.1671891801212957,-2.0661634648350975,-0.7326553059130277,-1.384996402676662,-1.2480491440743924,-2.478260062814836,-1.6234830357482886,-2.4603514928672063,-2.186126892877969,-1.1704131863544023,-0.8766185013868344,-3.7614192404523896,-3.7241314272314674,-3.74563601321426
ENSG00000163508,-4.159270415534934,-1.3974133201630852,-3.2215711345791274,-3.787295485556131,-1.3200137658670752,-7.132337750668563,-3.7827834414961328,-2.220981393134917,-4.974386158533832,-1.7083335870959135,-3.8032489453681735,-2.6073849807546368,-2.5430303524941174,0.519678217975183,-3.3771702590202426,-3.2795144950819664,-1.2350406234838578,-1.095458496791304,-0.430994614164664,-2.922054799666057,-0.04476113229241563,-2.138910496783562,-4.741545931391005,-0.7207543755555841,-2.8187629575262165,1.8996082955913831,-4.489076666497142,-3.430581192373457,-3.134375070787497,-0.7344158869539852
ENSG00000163519,-1.6255996687685381,-1.891223318281332,-6.495255358643897,-3.8385872426581287,-1.7863430320248834,-5.598667041034917,-2.9860783006047904,-2.4808597831440875,-5.025677921864185,-2.8120927679329184,-2.4215813013467185,-4.012313692763513,-5.3312877218423935,-1.211150859459613,-6.480700267101671,-2.392206802606788,-1.8969206994440508,-1.0842087966005347,-1.114554594511555,-3.503861284004909,-0.030868727928243928,-2.692702602218526,-7.131215039946706,-4.6066225325934465,-3.8700547260213383,-0.7634875804781406,-5.540368419851327,-4.597350182345668,-5.408059232902028,-8.716267341561384
ENSG00000197415,3.6281660040261543,-1.4738386864934392,-1.2399274507083804,-1.305725396518476,-2.24963910949889,-2.418106939277022,1.0772982626664336,1.2155008021411118,-4.4928160847720005,2.680127096562429,-0.3805725423333032,2.462280499758721,1.2430507786455551,-1.4035727985663957,2.9123608033889816,-3.830365895721749,1.055625018450684,-3.15213441673042,-1.5625839175039309,3.4967872351240015,3.528402128578514,-2.7091793399892574,1.0386824779818846,1.7967684408539815,2.246433187793423,-0.2760361883531168,2.5429836907126657,1.4901005358584447,-3.534160489282308,-3.8967019820018076
ENSG00000137441,-2.6101144208909006,1.931616850019435,0.9296208572110993,-0.4080645010968921,-1.0927858768734862,2.752208555090698,-0.7482006361061139,0.46062488329571466,0.8099862769497,4.59952151297021,2.7368619027932257,-1.7744360269359354,2.398443055872911,1.555306839947926,2.9078901290817067,-1.256427323579098,0.27289269586400905,-2.390651643936051,3.579002558481686,1.9096550371346286,1.5637733991868144,0.5126072031180907,-1.9293555327556093,4.98930973586313,0.7699213952320784,-1.810286613712366,-1.8244434788969544,-0.5818649192353131,-2.070645908916438,-1.2441535915187238
ENSG00000128052,0.3309121525189473,1.0314786796011637,-0.054658097789023745,0.6951193853987384,2.699957232653918,0.4903421142435582,1.1981791698138597,1.5310661944916875,-1.748311050265856,1.717413874024195,0.700810921538297,0.10075273118750373,2.826683075130388,0.5030798823443724,1.2592938583534121,-0.37161534155846887,0.1944341979355155,0.7125322441229419,1.9787292223357456,1.661572317537553,3.571320320759098,0.08716461724512081,0.0018048837901295438,0.46429347201456483,1.5065138408668113,0.2221131751147056,1.257944443451851,-0.389245949769048,-0.6388392767412542,-3.567234452665799
ENSG00000138722,-2.271299459792269,-0.908055205027446,-3.371074903882544,-1.7659371242399837,0.5856050426677242,-5.7224141460901885,-2.4093856793272237,0.3953931278909768,-2.901497510540408,-2.613911767089775,1.218437264541755,-3.0771670975113765,-0.3257517819410854,0.3354560424714663,-0.7059812951036197,-3.039515857036644,-1.5825466758404354,-2.5298839775206816,0.7840661286931104,-1.2937076396644993,1.6477642890121083,-1.6871666751497758,-2.6535503705455232,-3.052297712513838,-1.6014843837646575,-2.130091193967659,-1.3787133163081071,-1.8142066630144422,-0.9772174919072932,-6.9683484276938294
ENSG00000164035,-0.3353081196220343,0.6183311589877184,-0.1127277471254591,0.28590083463160826,0.9647833584814597,-0.9228472413877087,0.04219446157242721,0.2396290730303672,-1.2704236611153872,1.3387466387868496,0.815824669787224,-0.6381495900546937,3.060591184637265,1.3275637187631544,0.00562167933938497,-0.7979444091363019,0.33040202062247154,0.14842003356637537,1.8951209551992523,1.244937967098317,2.744115016446903,-0.48741540992550597,-1.090050835990502,0.05277172709938399,0.509690420733759,-0.7954103468061636,0.8832643374304738,-0.868091103716028,-0.830803282964392,-1.9659646497228886
ENSG00000153064,-4.391872483455803,-2.380655913603009,-3.1911388005754455,-0.7975051269437121,-0.42564297412178,-1.5575849252557556,-4.0445318492079165,-3.3466682515317263,-5.9845957891825,-4.175400909488831,-1.317763421123543,-2.668668802378042,-1.1364002516874188,-0.7942664031543866,-5.889880245839524,-5.611652209944729,-3.6084010324513827,-3.339059557660938,-0.35100644778462836,-3.9102381312563614,-1.9588336775249686,-4.388586064554619,-7.131215039946706,-0.24939466818528033,-0.7024401905222705,-0.8103763832436501,-5.9883977430684165,-5.293233631681351,-3.6014423868390124,-6.125447348787048
ENSG00000164161,-5.10337633850271,-1.7385228281341674,-2.9692798605853716,0.6202740226008718,-2.663215653704957,-6.046696338308754,-3.826425058829336,-0.992082932477782,-2.5806224577352985,-8.237401806144847,-0.6472182022278568,-5.15222070674044,-2.211632524131585,0.639437261463695,-6.480700267101671,-4.58619052587032,-5.647069618076577,-1.4915961346524658,-2.077157089116127,-3.8206460661811232,-1.2266641788002506,-1.5817646379707497,-3.927206535843322,-5.376579950348282,-3.5009481050458002,-2.793579513319883,-5.9883977430684165,3.610534501726134,-3.378041280936824,-4.05559146339682
ENSG00000164283,1.2561516638255015,-0.5753920397706008,-1.3395812735298387,3.2440849744262414,0.993247159341967,2.0969820528032392,1.5988005791011641,-0.27055047125728443,-2.8700038777048436,1.3051071348590624,0.49614933031377045,2.455128585255715,6.099285530925672,-0.6385885120377887,0.4279952939918846,-0.6860941266065852,-0.16201075402157644,1.0700840281896016,2.3261322350760016,-0.29843419591540365,-1.3282366165174924,-1.4995538460984454,0.8536766881183779,-0.45094847732767473,1.9485843490973371,2.777510048490916,1.5961967862795627,2.1464467278469197,2.095877043140329,0.08551301283927763
ENSG00000182578,1.9133449132158276,2.337421313354518,2.3142294721526446,3.327140009054303,2.9376979187312715,1.7011968837069587,3.3681779216117143,2.4545066204922326,1.029905552080975,1.985770107828386,2.910382254146762,4.155467219912989,1.5155908465192036,3.831520473510276,0.9493626808207314,1.5006091768173222,2.6950176620525155,2.991272921262029,3.603040945105468,1.913897885335753,2.44404323138632,3.266573777027092,1.5390281825304628,0.38473382035306275,1.1801953228798894,3.839919097765633,1.2941529043351667,2.6614864946348855,2.3500100354502935,0.6523950599175075
ENSG00000153162,1.8478612167092767,-1.2692681283729526,-1.2060272778358092,-3.7532315400122966,-0.8667962091497088,-4.7357037687460535,0.3253454866746658,-1.717432164084682,-6.162714651121984,0.21186239762131748,-1.3022782536031177,-4.149350410554719,-0.38086157507086044,-1.2794748186703848,-2.2606441424267545,-3.0528054681968437,1.3868857158601822,-2.6806771178568107,0.321298366509198,4.109529862187221,2.6144020690079546,-2.5818117967850824,5.2833513588008465,-2.8176598189688367,3.12390806429479,-2.590839787510466,-0.2511403977211314,3.734237167943435,-0.687114965784515,-4.3966755478305455
ENSG00000078401,0.3570261980577813,1.4973713797843857,4.259861198930962,3.210369729593573,3.918847100938399,-0.036492176542237194,1.7984889863501892,3.218818612750087,2.3329635439553544,0.7072690162976913,3.0977804890437026,0.4312166770256317,1.9018228856486308,2.8488323016598414,3.278102762661067,2.7626132504859626,2.4965533512914866,6.2275773251637885,2.9001324820817644,1.6474883386456152,1.3921549766142174,2.8261158984520804,1.4918032061748627,2.548088060516255,2.903624258872276,4.962300602116725,0.021806426020261085,-1.425121813487109,0.8369254419495904,2.2961945048522554
ENSG00000146070,1.6178646192041595,2.0394723072207626,2.0363443450844323,2.572910882670861,2.8496242240685254,0.4933094865565466,0.730389093182568,2.761676428369316,1.0797608605467897,1.016849356875455,2.2792044781780407,2.15861417832885,1.3029468746502442,3.820648530463943,-0.11651980055189938,1.8766474897523036,2.693718490720694,2.343271782960508,2.495957079317007,-0.674919155868535,0.23450500056416185,3.129913886430748,-1.85286424628444,0.874920814820888,-1.1000062770410204,1.6249980631900487,-0.3108883867994679,0.4111030111183294,1.7840539518669976,1.0339715558781943
ENSG00000172673,-2.5016357068847426,-2.901352248727487,-3.804944548651667,-4.192670588313849,-3.498880332066221,-7.47033291717022,-4.170236645687128,-3.986946199159305,-5.794798731227948,-4.943783673150848,-1.7756646309542337,-4.781434515594959,-2.7080911226876947,-0.9455062744595726,-4.7000832087706685,-3.7779990027713755,-2.91979812292512,-1.3492871215342876,-1.8480515182124915,-4.688019602322135,-0.5026036488872433,-2.603842440368312,-6.298924095089307,-6.697671523961832,-3.41678313103535,-2.097393035186849,-5.9883977430684165,-5.958630862476901,-6.177180106368785,-8.716267341561384
ENSG00000093134,-1.645803961117306,0.08857238805817838,0.31743039590732486,-3.706788441144886,-4.450403514351673,-5.203833833295107,-0.17620759911662298,0.10511491200507678,-2.5433818832391735,-2.832297058891625,-1.0469259746167796,-0.16901998881377,0.8773266888926181,0.859553344197799,-6.480700267101671,-1.638292506754704,1.1803408198573084,0.09912030744954943,2.6094022098932657,-4.109028085277501,-0.9236121093653967,-1.127944393377216,-1.228079479538172,-1.446254578978506,-1.9727211713897714,-0.6604204973716081,-2.621973283665474,-5.202516986910125,2.8291242973099475,-2.64241320672352
ENSG00000120279,-0.3191419744171547,0.8336106738334395,-0.0840567996111535,0.4341645084930678,1.8593207507690024,-0.014403811439584129,0.7299748018088266,1.1192071318044967,-0.70194224736565,1.0786835072617231,1.4046547272998333,0.3606655079129415,3.297749752426208,1.4132443039804834,0.20012824953588282,-0.6851424814601139,0.03740329609165246,0.7249537173772548,1.978247529152972,0.7895007521135156,2.5996515668638303,0.34069133048312494,-0.8602927621216319,-0.212497517157013,0.7266994628849107,-0.6198726643467785,0.9331143602494327,-0.7924877927629211,-0.5818232282792521,-0.916003595193642
ENSG00000127954,-2.9071859022237705,-0.10099814544713838,0.6699236506231414,0.37332277946442055,1.6263509359204797,-1.9404480585179187,-0.011002212132799272,-0.02326259225630756,-1.4321646328839068,-1.9087612846055217,1.3475648404235723,-2.248385269517313,-1.1661087332647244,2.922850112936014,-1.4051936648336396,-3.002976948525591,-0.9596988427691708,0.15451732002499324,2.071840869556637,-0.09356980913420712,1.9272154562326147,-0.23074900770854948,-6.7044743284838235,3.5442367756513566,-0.771707247464649,-3.2299247327226492,-0.6065150131172942,-3.6020961942673915,1.3241603168765055,-0.7154916162267583
ENSG00000105967,-1.505813797120519,-1.1652896189929836,-2.8091226380527345,-1.7539051815481694,-0.27276080814464915,-3.5646110465624488,-1.2782505416004757,-0.9226445654896718,-3.7989768668021293,-2.0971052165157937,-0.4048032947781479,-1.487932074108999,-0.35639378699118984,0.27638371114992544,-4.797370696578204,-2.2461241941020176,-0.06217351034476109,-0.7685027159732606,-0.670622803368923,-2.672298151468364,-1.5498504669454396,-1.4773168430719752,-5.7181397190538386,-3.2424179360646366,-2.9063880554059125,3.4786874405786996,-3.6132276465500914,-2.5632941720956244,-2.250620845510093,-3.5304374236574154
ENSG00000173535,0.896449822796752,-3.061000419132829,1.6052629033084254,1.0299450115772684,0.8730529060089839,-1.5655040839396406,-2.625340690372728,0.8798778373917365,-1.7945755954190081,2.0800263096444507,0.916436244589209,2.0695231114972144,0.0901458419416795,0.9392396804244515,1.1695558711538871,-2.2696289218516337,0.8759428260530528,0.18865606851809708,2.0327793879895535,0.8792441484204316,0.6587330349969942,1.2864205187017672,3.145517580729557,-1.1248695113351148,2.2186033569826917,2.212374509884927,2.98653225779985,1.9182055614563844,-0.48507921013300875,-0.198461501055324
ENSG00000147454,1.649004310235269,-0.041137241839350046,2.19840868132691,4.50489040469095,1.2504282985434396,2.428558018937332,0.08537615722446323,0.7572606928627,0.03127696101931109,1.1358471561246453,3.343581701344835,1.577482216493151,2.823969258362868,3.540674409465577,0.5460656252120621,1.9888093316931077,1.707744647319994,1.1744730027706594,3.838172931931412,1.1044112324715945,1.762638426580192,1.0138811476232537,1.5305106227128626,2.1624689065822307,1.116847101826023,2.7100670158466547,2.298251850824978,0.35501582543264115,1.0436131557387172,0.9949967226442624
ENSG00000120156,-0.4292110994695756,0.47621079080141504,-0.590196109998316,-0.6521689687405448,1.5342642843456256,-2.4693926750179114,-0.46379273964853374,0.6744098001836076,-2.1859101771808307,0.5540735935364584,0.731778693604226,-2.1548439390473817,1.6931717592988602,1.1123671456600666,-0.2686532755790294,-1.4558490768576,-0.5863276632551615,0.3892367470560427,2.066250080483811,0.8066281038018565,2.934000665432828,-0.5634282290982577,-2.0186582753977858,-0.6837990354102261,0.7846811450531446,-1.5064263519163046,-0.1887016494381704,-1.7051149903418865,-2.2787848813602114,-2.95236616619254
ENSG00000196092,-7.304620499657021,-4.141400904466552,-5.044993178562999,-5.788674069727336,-1.5603981841705044,-7.47033291717022,-7.229585542411214,-5.089491310865005,-7.897343910916135,-7.268721314271656,-7.463172351744214,-6.883979572121293,-6.432077795310376,-4.048051394531935,-6.480700267101671,-6.327379418816673,-5.722782939740478,-5.737234460630055,-3.7231861418823926,-6.111463618743815,-3.4702191846842436,-5.242440450633792,-5.079541145071854,-5.992861644806377,-3.8031212210580487,-0.5134376252795297,-5.9883977430684165,-5.958630862476901,-7.27972531774133,-8.716267341561384
ENSG00000106780,1.108639759383423,2.7788644863237275,2.166024396609453,-0.36130771226011976,0.1415151189875944,0.9908219927723656,3.0740405591777114,2.1292868678638697,-1.0240986785584247,0.6279353700800913,1.4298512621638897,0.662905217089014,1.8273749455433983,1.2911625569445342,1.6658686568331533,1.305038413990491,2.2100638336557488,0.9114039037661493,1.0397356520162953,0.4436105658414081,1.5277137126132834,0.9629635134203426,0.3804356595099588,0.9934271541124212,1.4970419010219,1.467536854645411,1.409398863131123,2.184783950210674,-0.1478778381143098,-0.09899309760743685
ENSG00000107551,1.1136916876311853,2.7196703039384116,1.8448609160110878,2.8284355830056453,3.2732784874573726,0.887026019681726,2.689752982929806,1.9956441128243902,0.6526602117881,4.452876694602277,1.7402740831996872,4.604950562808534,2.3395167626890285,3.2216403056503986,1.9404904150903128,1.1068652899781641,4.5357302850223915,2.919986711520889,2.5794773578339485,1.3893356090664875,1.3739680123999147,2.2794903251271474,1.3267847272701685,3.4657495092672934,3.9455592351921247,3.828273788961876,4.876484232009686,0.7698210751916424,1.0819211713231125,0.8579530419936264
ENSG00000173269,0.4501261075026324,1.616817946812472,0.9708552597058577,2.820329565583901,2.9986911004092374,0.21922948216057075,1.0901302185464636,1.4778428933512737,-0.34771166456500296,2.0690553145138812,1.7515326436641938,3.8231554610752077,3.3813247019402577,2.0373704849897867,1.495942145708876,0.007310003780951654,1.1461032205144412,1.51283747778702,3.248147309664492,2.1357511757176937,3.732096795284813,1.1372667580665694,-0.13911896763650325,1.2424556535918132,1.5395239100908995,0.8171989871289962,2.1342543799925,1.0772726572924347,0.006872608784836383,-0.8234904908709036
ENSG00000149090,0.6769899579270608,-0.7934267421717841,0.3774058099527784,0.823276605428038,0.6797453287805556,-3.209821694094999,2.0321236731944863,-0.010220331193295493,-1.50754955822015,1.5489346443573877,-0.1582668206059567,-0.9046500915121889,2.057557650102579,2.4494991151354273,-0.20226699688111202,-3.067491789491464,-1.3329886329472318,-0.39990755280608375,1.6734618592410109,2.1948393374294617,3.1415468889784828,-0.4090394808431819,-0.9511333660216732,0.1607344518214433,1.0212909821255445,-0.15806712739308093,-2.1973267737239803,-0.5080650912031527,0.6881452383285228,-1.811899789956283
ENSG00000156738,-3.057269684000185,-0.27111968191108626,-3.634143588223519,-4.047864830887088,-1.852880448164605,-4.959947736623788,-3.709929077307097,-1.719283718344886,-4.649993031173938,-4.4688293284786464,-1.3880023643488346,-6.883979572121293,-1.9921286774856777,0.33054400054307104,-4.7072805482779,-3.540083851504665,-1.2427713420013478,-2.0569241923453636,0.6616682448372541,-2.543213873098001,0.9099435014155166,-1.4101270985709529,-5.476046446789751,-4.874793830088986,0.292226553424368,-5.950587545976106,-4.486611616119342,-5.958630862476901,-4.769339922732021,-7.79084454468929
ENSG00000013725,0.28739634861295127,-0.1717604670906764,-0.37436645919596323,-0.570951012938142,-0.24936781070522196,-3.1436606804165765,-1.81647415457341,-0.9466831966819955,-1.4637563582362318,0.28824871945154734,-0.09547266062416362,-0.19165785229294005,-1.291318837967974,1.705500042194434,-2.0471126881706048,-0.6613562221065562,-0.4170702549171896,0.3360813712754242,1.5396710864964624,-1.7343442869930414,0.7998696067499504,-0.06777123019543657,-3.9678817063250524,-1.1852992865094552,-1.325411131451876,0.17224883150716588,-1.808521866922167,-1.9358929200154211,-2.261175174088949,-1.6977172647674896
ENSG00000110448,0.2288832085298733,0.001462010344922736,-1.3527916877697594,-1.5634858406399736,-0.3701977402758835,-3.0411659108125257,-1.3968683096096741,-0.8064024980150437,-2.2876045477606226,-0.26531803990340597,-1.240456040108582,-0.9022715354928347,-1.8226961708927027,0.740119161359963,-2.3261555071649034,-1.592732878683214,-0.9910530996242021,-0.09601689356478127,1.3638749736423907,-1.5074759051784805,0.7838611951226299,-0.7383113135145982,-3.294230239945032,-2.523052582041013,-1.3449750580782274,3.2755647741129725,-2.567829806713489,-1.5544222006311137,-2.509521194526922,-2.801673372154409
ENSG00000149591,5.157988101385128,5.294455989591408,6.703412393680974,6.709149495908883,8.006188896322293,4.852596930016331,4.292764224793078,5.7515695927578125,4.829606727848054,6.040732241847883,5.9126526255097245,4.31806790108899,6.848135149439713,6.176279187710086,4.606472721620903,3.4177436340417158,4.70808328096503,5.219057536344801,6.989027930110085,5.3151123055460285,6.499031553893977,5.59851724518399,5.689614506753905,5.110112650227012,5.385869421136427,5.525000333358289,5.505360385861391,3.8711046959618995,5.966716464415748,4.504344935287536
ENSG00000167286,2.689789924852562,3.2179235921211435,2.908011021170639,3.047620662959564,3.246684872977817,0.27086212370154517,1.1941517039613654,2.164038494545326,1.2630765337172662,3.6972608356012415,3.137160334475852,3.794355449695769,2.5213676423369322,4.617712945371494,1.2804863818073704,1.8938178673284507,3.431351195354148,3.537697839610483,4.7054863934734765,2.135800343905199,3.9857234888700894,3.5154334029363943,3.6104286585374257,2.1146266317247204,1.1175302143211387,3.4126727637071363,0.07282097211723763,1.532414774980034,1.6050607703791255,0.02492783066351936
ENSG00000160654,-1.419656473678818,-1.1707069513284456,-1.5731050999374692,-1.777033965046398,-0.6053461917303633,-4.200078785291025,-4.365097621840617,-1.7037598887036858,-4.457164658823408,-1.2083900680661315,-1.2860274324189196,-1.706834829852008,-0.9785031280731101,0.22220283050717138,-2.888517899815463,-2.3472554891544606,-0.7382832175562387,0.31437947721791554,-0.16752969639431178,-2.4048332915782322,-0.2259601736489446,-1.206651489281981,-7.131215039946706,-2.529962358095325,-2.7345008557633874,-0.694467466601585,-4.141780182795306,-2.8768338055298637,-3.309031260783302,-4.4460130616287055
ENSG00000149564,2.156777022404641,2.179796098649738,2.385767943765913,3.285970784643707,3.7528908150771687,4.10308311795953,2.1602711814177975,2.3886495000026358,1.90494286343987,3.5957353503219402,2.1898174565341373,2.5337253253689567,4.334302792063813,3.0747486596557394,3.065714551693139,1.3996573321986794,1.484534114304797,2.8996908115231044,3.883180398662581,2.6011917867854835,3.4237516106849313,2.323946360336911,1.6011982395625142,2.2554692796365434,2.448761966149517,1.9700803808456797,2.651068932214733,2.779547189854277,2.365872368814721,0.514292783339014
ENSG00000154133,-0.0821844009239275,0.2724086674900104,0.7013917176457486,1.952420994395124,1.8933041041286358,0.4093704327495432,0.31073290020091104,0.2605926363307115,-1.117751937336154,1.7221130193877228,0.3797986277148817,0.48918792836119546,2.456203192994812,0.9639474596668854,-0.154075223307956,-0.8601656010030405,-0.4020828029354664,0.4947035482003924,1.644245068090498,0.4382129325780974,1.7237930615018118,0.1122898686867951,-0.5877290660984127,-0.31157178329820523,0.18294664955760098,-0.8971599023556182,1.125960314369835,0.38630315314706015,-0.3064087239484664,-1.720466797277191
ENSG00000110799,1.4081811831312863,0.8992159178538782,0.38072219622799114,3.7356617935269445,3.24820705408251,1.5695173061894072,-1.1342952885704296,-1.7905401860845127,-1.9002912657462154,2.698181782842718,0.8195525744438839,2.920427890138075,4.96767579724968,2.3451104135253145,1.8793904327821762,-0.5441182726706104,1.216527295154274,0.25718309627313846,4.119814308553006,3.090815639473944,3.9989281113959896,1.7567167449757313,0.34930034013456035,0.4071429862527964,2.1230841495739416,0.26893799009637004,2.1496545129045304,2.5829229907170643,2.0318651757342856,-1.2398179290988403
ENSG00000134539,-3.625029087656901,-2.421167461578621,-2.540488440435318,-0.5160885797706095,-2.3852345238101447,-4.13866485734274,-4.11103862606323,-2.927748187643576,-4.565675743703012,-1.937053081475947,-1.6367394151928696,-2.2043882001392663,-0.904452380829525,-0.8676925732939161,-3.538074354865525,-2.8708040736812683,-1.5651442147581225,-0.7775350945392251,-2.3066290952713673,-2.5336643559843393,-1.1199353671917187,-2.692132029798269,-3.00567075373022,-3.343017548969721,-3.0621292279299595,-0.40486948721032684,-2.49540375253932,-2.3873262305515714,-3.5005980831512313,-4.036675841240902
ENSG00000183542,-1.5287064360914928,-2.5618840049252003,-2.7285106985143766,-5.788674069727336,-1.07849208770177,-7.47033291717022,-7.229585542411214,-4.942933848802845,-7.897343910916135,-2.9522387373037287,-1.8247616682255292,-2.5674971635954518,-2.0791162525581117,-0.4234466102331778,-6.480700267101671,-4.470952215391888,0.08555262347420903,-0.9613203535464164,-3.4067036491859404,-2.3220791529661717,-0.9610916244182774,-2.662923566131956,-7.131215039946706,-6.697671523961832,-5.600846112506558,-0.46841816496086247,-5.9883977430684165,-5.152533641099543,-7.27972531774133,-1.592429883590943
ENSG00000205810,-0.2627275483808977,-2.5088988337290568,-1.1645636116084495,-1.6403458288908683,-2.7624725220495683,-4.515902845529377,-3.9033140974130847,-6.410390204170542,-2.9429137356256616,-2.577325473007718,-1.4212792582536837,-0.7596244955869424,-1.2485235101614485,-1.5790480695906564,-6.480700267101671,-2.511076471070163,-2.446424709863168,-0.19784180694794648,-2.353718488103723,-2.8361345812416037,-0.3231439586413576,-2.80258348114871,-1.1991115708835858,-2.5238583304855395,-3.787290525773046,0.7544919999026521,-4.457604258559088,-4.514585967530514,-3.003366963412886,-0.3695197172133894
ENSG00000139567,0.11106130410390319,0.928893882812292,1.0014548524396418,2.179359833575173,2.9409800774976436,0.7190729904448263,2.8325599677707762,0.5771086366328342,3.1720883685434402,2.163669081001502,2.171573997188877,3.9859535757675975,3.0797743787169227,1.8582189843600656,0.735672822319242,1.181845460958138,0.43451084425894027,1.2608220910831063,2.881257349125873,1.397832729254319,1.6045734730561987,1.0468640989756968,0.36379704795273926,0.2055894730881728,0.2363403915584007,4.681507561161072,1.8329950992815085,1.0657183975765305,1.7027063375702847,2.466317431857211
ENSG00000127329,-0.9672487234999706,0.04869466239126423,0.018345231638627182,-0.2282016279593081,1.1269029769969785,-1.554098878795982,-0.35022199894165607,1.0885691636508663,-0.3194322970068382,-0.3882468658095447,0.951240602868712,-1.5773700845381085,1.525285490156687,0.8379824891191084,0.25147977774078284,0.0853601455378806,0.3588408079885117,0.46126353709335577,0.8426526151333247,0.29710300879253393,2.1062195094994554,0.0416069497265739,-1.733672144057368,0.2777686124188816,1.7522125254808838,-0.4444883799483252,0.28689259115254023,-1.5285344533186362,0.9714197304101166,-0.6165870298860961
ENSG00000011465,3.8286524512662212,4.628545493148902,2.955591929932836,4.697001486945361,5.036043772731042,0.4356371019276668,2.8419073894913365,4.149155378596417,1.8154891703344613,3.558225801416556,4.470505947357554,1.384432999823503,5.559215376019515,6.3664536858632435,4.043587047654357,1.0479738892000112,1.9038783116530702,3.3886665438981134,6.2396102576796855,4.770921145695308,6.734123267036538,3.6048511339516,1.759478716288998,2.9062055847103805,4.1742572657481025,4.483902524634387,2.797847200129883,0.6832495893013861,3.5754343542893126,1.3554133218194506
ENSG00000084110,-0.4357515222554099,1.265815265817333,1.2837109492385876,-2.54182390222939,-2.9959323422332504,-3.9233920688602786,1.2303429350857704,1.160732064226033,-1.1681996289447831,-2.515329425648059,0.8871546922746559,-1.4525159414343645,0.2134031530029043,2.6504962250484376,-2.0253897637714062,-1.4017746952331516,0.9692082973142156,-0.38293861450993794,-0.8034359503687194,-4.026525683973674,1.8192255135079474,-0.20216751024731525,0.5324948120938748,-3.783790365737617,-1.0207503460282428,-5.353436917335908,-0.3463646691860096,-3.8151599888185244,-2.1478217779093516,-3.9628754997370246
ENSG00000176435,1.863743158920618,2.770054503034511,2.3553780276555876,2.920948720702042,4.200652927157816,1.5242636342000526,1.8245103291528135,2.2652510455735917,0.5577332186492318,3.69378178022794,2.61003421599233,2.579460927052291,4.645239478359847,3.4479783182591017,2.523100245111544,0.8338346718966343,1.917054185826489,1.8652250756045334,4.216518734998961,3.726534094776725,4.376033693745793,2.0754685905154613,1.5521556168884174,2.6209131933636076,2.2335106390204302,1.8213405238992197,3.676122412610987,2.9478135143508886,1.841844283928229,-0.11759933437529925
ENSG00000168229,-4.1106461333046935,-3.5323889955293573,-4.75790938875259,-0.9048440853993558,-2.522928265216371,-7.47033291717022,-5.833694865720207,-5.650404416904035,-5.288331969760426,-2.9227437310691595,-2.854160351310936,-6.883979572121293,-2.2016243336430605,-2.583429396066056,-6.480700267101671,-6.178422765540564,-7.113771060634819,-7.815655206333261,-3.891781819826248,-5.351477862702608,-1.4986372054294885,-4.3703941597035785,-5.792457334815794,-6.697671523961832,-3.017231547272008,-3.853960646867086,-5.8030224650103435,-4.27504172545797,-7.27972531774133,-8.716267341561384
ENSG00000119630,-0.4806013314034217,0.5631830851495264,0.6335955877787264,1.7715208512164442,1.97076539477169,0.5258054266525637,0.043236935036718147,2.036556420071495,2.396846659405621,1.4153219780853017,0.6139658962854443,1.286786019608407,3.354568475646682,1.029876191152777,1.2473081101798411,-0.3916888294542303,-0.9696472352003771,1.3908156405999927,1.3456367398149311,1.624989629874024,0.985977161511892,0.4273781016752964,1.3925967531575894,-0.43131230646754526,-0.7382922065668246,0.3451490259543699,1.1792622967371755,0.57880646103268,2.2355834074312466,-0.12207070752368816
ENSG00000196663,0.10988392972249302,0.14954245069014366,0.3811392907490428,0.3989060599360336,0.8124373930457005,-0.060004204064022904,0.22367001238660522,-0.10461440281876919,-0.09410040142510585,0.5649843721323166,0.1569489277904866,0.3406568292466638,-0.13032027697962417,0.4067861668463076,1.131444243521785,0.5911852212170482,1.0852297684398016,0.6959124169874508,0.986877165160599,1.1435078187638037,1.281618070520437,-0.17086438193278625,0.8821877564788969,-0.13383980654545707,1.3777069265969224,0.36740309983299396,0.5508354218436712,-0.22235333444830135,-0.42948424107186833,-0.9226098564124463
ENSG00000166923,3.5156819632605862,0.14663424619761595,2.2014628530961793,4.8749066439230635,4.252743581455069,-1.827948287732465,-2.1222501410206105,-0.13160478966525735,-0.6699966722247832,1.2940273730375969,1.320354562142074,-1.4115199377308907,5.131833451020064,3.8554581356480484,-0.8707369797712807,3.9929088465548372,0.11424918427365659,1.6917466144832483,3.5349984782836046,0.8446779083518127,1.0677143607069752,1.0537686113715585,-1.0221189297033775,1.3587436609298351,2.425619234974108,1.7536482494486185,-1.5335823241071798,-1.926167079272147,2.8552248700267535,0.7651812028759511
ENSG00000140332,0.7717794961850375,0.19607469716747303,1.7949827487740948,1.589936813745748,1.7358490800812911,1.8951286966775205,1.7457030226097152,1.4462810090891285,1.2356773261278409,1.4208564496798517,1.3165256680085018,2.0677790169640353,0.656264598137943,1.180631358011438,1.8826772397532605,1.8804381930266891,1.2946826073882816,2.328851799387541,1.998452742898064,1.735047735531523,1.4778762633080982,1.7563485178432303,1.3830296708625256,1.547513446989549,-0.3664130046616342,2.3677493653366226,1.8979007719741465,0.09029173209393342,1.3744418324423922,1.8140371330316485
ENSG00000177455,-7.304620499657021,-0.8850982574395275,-3.426120463559988,-1.064908271229798,-2.138671940921797,-5.699457156219091,-3.6718309503652953,-2.903578020727397,-3.541505575010701,-3.3823681896617943,-1.8343154483643795,-3.698066344734131,-6.432077795310376,-0.44067431455610295,-3.709824398137784,-2.768631386135363,-1.0692641004027235,-1.3516488063767713,0.32070816492869514,-4.019688930361023,-1.149146297044686,-1.9355117505049224,-7.131215039946706,-5.444378258740316,-0.7484524379002129,-3.3135851240458347,-0.9132381325590285,-5.1131778252518405,0.5245736064356858,-3.3604289881764604
ENSG00000179776,0.8882367845212381,2.0118855474722346,1.0257385499002942,1.7077273741723022,3.2976341990438867,0.829439531887155,1.2976383632296906,1.8527785501108252,-0.7237484602861703,2.5052667422492068,1.840149345825603,0.8797399812712341,3.7295455194385103,1.758217287097107,1.0339321267433583,0.11378843954739785,0.6327528423959043,1.5482538441252711,2.6605612581741958,1.8122186764466435,3.370185175747627,0.8282912726684716,-0.0875525220515604,0.8426486579311047,1.3978658630900367,0.4788925811736086,1.9655536108162472,1.0902329977980696,0.1556113075473981,-2.437974488414418
ENSG00000161940,0.538210458337736,1.1991513605330066,1.2804125284697292,1.4934231993215192,2.199374774923286,0.8541207527447221,1.2459033232499135,1.5531824696813261,-0.4673359617635836,2.33088385252951,1.2655659430695585,1.1514964294625782,3.2919540362790882,1.0797028044512194,0.965151985500588,0.17036200131648713,0.4929231283531713,0.9214741359288436,2.583702762570313,0.5678732574922821,1.53502468882616,0.13896303263494741,-0.26490703156299794,0.45098819239035826,1.067479553916205,0.4663041175151976,1.9979202991682603,0.6234909042135026,0.3407133746596746,-1.7280969294116717
ENSG00000132514,-0.17007990525218966,1.5819443098697696,0.030653765452852873,-0.3020309121671751,-2.489252632008688,-0.6104147416819727,0.2179026905335766,1.6235855407241662,-0.4680599812039927,0.8135894552060496,0.7823996981970579,1.6894452294809323,-2.7122692178916084,1.878981059706616,-1.3119438622442356,-2.07435784304197,1.0716822357799118,1.7684003284962337,2.4336236616186446,1.2761490882163111,3.4371120110032805,1.4911005108816273,0.33714272558373737,-2.646567115607754,0.47385654055191184,-2.486861284628257,-0.2209102304969947,-1.5189000524787728,-0.981685834873869,-4.225582840541351
ENSG00000184060,1.3690245903119462,0.7344464998090616,1.6673554786341738,1.6150723382952428,2.001092554649726,0.2588894818062857,2.211190148758346,1.4486828594157573,0.26359483568726017,1.194107839259995,1.5980086888651988,2.3905216306043413,1.343178047922067,2.4754574066919295,0.26851374022048036,0.26371586056543406,1.2490597504747103,1.702714377364451,1.7761687987969936,0.4509924456115718,0.8895697602673888,1.995977013043514,0.4560773416365511,-0.42044325526436727,-0.035040758009877625,2.469341788040773,0.5844102862378142,1.5378451798036024,1.424111956512986,0.1023902724321657
ENSG00000108821,6.667161986187547,5.803983078422155,6.311734601096162,8.04968147405764,8.111338206226884,4.318389899876066,4.674692263034997,5.910859891635449,4.522977633438754,5.806815620181889,4.571737608154179,4.575816598809953,6.197637105637539,5.899619335526794,3.2437386145419307,4.068306300131732,2.713327444255696,6.029756246340728,7.041022126037451,5.259226986053921,4.69018297943163,4.925089653491317,4.35853077968301,5.252165093606353,5.78273751143279,6.296596152537391,4.6196316286557675,4.266669901018334,4.736760429606294,3.537535971925961
ENSG00000261040,0.1604263458070216,-0.583244602558008,1.0095889349329634,1.5848686859450225,0.7481442174659264,-2.397603531266777,1.5488859436207152,1.0227665007327842,0.9435699051141544,2.5809895144401627,0.41691213529009663,6.3201781047019105,2.0792291695113065,2.5981449333337245,2.601018032891652,1.6603341822641509,1.5787651958232596,1.1036793296177723,3.077463779847668,-0.8877602715039695,0.18747277758879227,2.525169197482486,0.47861515158054296,3.4795272068663237,0.9159712962394019,4.962021080404296,-1.5319500079015451,-2.226361656156814,5.912593880346029,1.8240677230838047
ENSG00000167434,-1.3279781820592549,-2.2091526504190484,-3.849710546015208,-5.788674069727336,-5.369616955703276,-7.47033291717022,-2.1181410946480073,-0.9348506661521319,-1.4415336884308703,-1.1935150297286936,-0.8304842921271267,-3.9517314001163326,-2.183242576711957,-2.3381955751717043,0.8300596496434989,-3.5332583855417163,-7.113771060634819,-7.815655206333261,-1.675460678699498,1.8014812397554496,-2.8858942484534476,3.7032700412821833,-1.6618660715457256,0.5832427752759437,0.8629529140830196,-2.1522126905812073,0.5536368461162136,-5.958630862476901,-4.347476961706411,-2.976664128753352
ENSG00000186529,3.236694956062416,1.5495450832677264,0.7278944078573648,0.6651909515431732,0.7203467663603713,-0.9963250130293272,1.8977053775384674,2.0659871398173544,1.5834532671512171,-2.2747061775282744,1.6426648407426352,-1.3653026122235956,-0.33792505716368837,3.8598278680152145,-0.3083479283886357,1.061940626424061,1.9346965602034623,1.7737246624167882,2.1103642336676516,-3.085119192828279,2.5466642292354265,2.164712551454207,-1.5056345834618838,0.5270715359225386,1.1842759526784665,-0.027585865583588803,2.120322762989746,-0.008683070400011199,-2.0417845797552405,1.6718719329882255
ENSG00000105717,-1.1223908318875995,-1.433102372453801,-1.5066196630863493,1.636548277191951,0.17314628883781502,-2.4401063810901804,-2.190087718011938,-2.698675000475123,0.5702880444141871,0.4412461186632146,-1.0793086791168764,-2.438715529131632,-1.9503346247364053,1.4199327991873152,-1.0115893558890678,0.5486003319475073,-1.9555907493855633,1.63876699302465,0.29361996117165823,-1.7078706990070198,-1.2078191288508955,-0.228333509776954,-4.956205102982085,-0.7500904036624667,-0.4440137425743972,2.9130288959654296,-0.879307438007144,-1.521251661021439,-0.3533343991712056,-0.9252283376673588
ENSG00000012124,0.7817088433475707,-1.8448680620295315,-2.532731656249531,-1.849591369804676,-1.779619555392608,-4.806068363767925,-1.2706475001759805,-1.688261115579415,-3.425724349869438,-0.15599610303183462,-2.406590210987951,0.05950861465863034,-3.2907615316606753,-0.23694538606595458,-0.45186316345961985,-4.315815178750246,-2.1516277466147717,-1.9232227207543644,-0.1681505901230188,0.8149105531200669,-0.327907272538894,-1.2276785948633882,1.017682886706852,-3.6765203352456175,-0.42401381120676623,-0.6368202549594475,0.40704833185536954,-1.1043117807532745,-4.445535578584319,-2.842549308002614
ENSG00000170956,-2.7177862327485998,-3.2915321768155117,-2.6926241332633913,-2.123418892037325,-1.3574788611123536,-6.883498624959616,-5.270909940638431,-1.6725820253575312,-2.786947625006285,-1.807417797520279,-0.8763379455898388,0.7761036392989635,-0.1566877368852925,0.5127877044092549,-5.630831503641031,-0.18937315272460642,-1.4080281984178098,-1.9024726394022373,1.4284327852151408,-6.111463618743815,-2.990300087852956,-2.0233379394766966,-5.229672423402147,-2.512942554986844,-3.4179207672468346,-3.6131038382828438,-3.0178451706363334,-5.297219323520727,-0.44496338562868537,-1.4570076421478715
ENSG00000105369,-2.3612640276106514,1.735528259997941,-0.6162098397667679,-1.9733475612247287,1.0060637780029693,-2.263942074926189,-2.1208386213454293,-0.023278063113886527,1.1752956486974924,-0.9103272068531996,0.38707485994139024,-2.0401588051184474,-1.8810855192765588,1.6404912240137826,-2.4807601721337256,-0.8806040748522502,2.0381968141971196,0.3760470575237545,3.79103804776142,-1.8154993585973545,1.1767443252661702,0.7009160564617587,-2.4581127226978676,-1.7193565391194487,0.6870626740603957,-0.38211251749743697,-3.7906059679453716,-3.040232776169815,-1.48837178037013,-3.5098763711230805
ENSG00000090554,2.1329394652931897,0.8387160474189805,1.0673183706624394,1.2229627666904528,1.6376097862690895,0.0849984679688092,-0.32707484569334067,0.0856974290032578,-1.0547304664140447,1.8246292418749597,0.8388727853523252,1.1285587704525994,0.7176622691511272,1.6116979674212597,1.1179876201427612,-0.56015744481458,0.32494488817810835,0.23923470408789047,2.0047847125959413,0.5701796744961717,1.1764740197966175,0.6705622858052677,-1.5193274522129818,1.203388717036073,0.43346808773412593,1.8006771005847142,1.2940770216031978,0.5959897200580178,0.28778097519170676,0.08570414216510112
ENSG00000187474,2.4369798460402365,2.7753022699105174,2.326060404528423,3.6333942299225725,4.702535247641687,0.2457322965109317,2.8391104341143163,2.80804397000165,1.1129045153020674,1.7949947318488322,3.0170801069099924,3.0062451540386887,2.412348657854164,4.015236017069368,0.5582088816145245,2.2642336134116117,3.102138637565966,3.8963686756836062,2.928488568944468,1.0636978544961122,2.535352724529167,3.1459603710872344,-0.43386517341228753,1.4503214483660196,1.1736534350399488,3.8471862509144223,0.6028753806252036,0.6096192554785118,1.3417032165431386,0.9532554178512233
ENSG00000167633,-7.304620499657021,-6.250207704995802,-5.5178951601614825,-4.861227085506462,-5.795323581782158,-7.47033291717022,-7.229585542411214,-6.410390204170542,-6.0483177751575115,-2.6123402063724286,-7.463172351744214,-6.883979572121293,-4.353927554203019,-3.5913427222371905,-5.9536021693457055,-4.353446118560135,-6.87375685633173,-4.080853444286581,-6.45912255721689,-6.111463618743815,-4.106619919345455,-6.667381395646791,-7.131215039946706,-6.697671523961832,-4.477657058534861,-2.9358745552065453,-4.563008294221648,-3.4500650213690327,-7.27972531774133,-8.716267341561384
ENSG00000189013,-0.6746402564470365,-3.418311211805406,-2.5849378972097226,-4.835160431925398,-1.9349192948407161,-7.47033291717022,-7.229585542411214,-4.799361063231897,-7.897343910916135,-3.8086659347700498,-1.9156541268492224,-3.0088868706654077,-3.7428983850141004,-1.8103885298700062,-3.3425730337034016,-6.327379418816673,-2.014800165389945,-1.1072541749713665,-6.45912255721689,-3.5004344595304406,-2.8175188318824076,-5.104313257182674,-7.131215039946706,-4.755198808744751,-5.600846112506558,0.9039733210022881,-5.9883977430684165,-2.6870327423957536,-3.8196699301972528,-8.716267341561384
ENSG00000243772,-4.822670909216973,-6.250207704995802,-5.4699341173874485,-3.8132660539678547,-5.795323581782158,-7.47033291717022,-7.229585542411214,-6.362429147328986,-7.897343910916135,-5.956696577166536,-7.463172351744214,-3.9869925221868403,-5.305966505623428,-4.348864688333372,-6.480700267101671,-4.568519490924924,-7.113771060634819,-7.815655206333261,-6.45912255721689,-4.478540098415982,-3.795624463638194,-6.667381395646791,-7.131215039946706,-6.697671523961832,-5.429696063699801,-2.9810229239042996,-5.9883977430684165,-2.764674063916705,-7.27972531774133,-8.716267341561384
ENSG00000125498,-7.304620499657021,-5.997257102723992,-6.495540543547931,-5.788674069727336,-4.835793284296483,-7.47033291717022,-7.229585542411214,-5.793344454403431,-7.897343910916135,-8.237401806144847,-7.463172351744214,-6.883979572121293,-6.432077795310376,-4.348864688333372,-6.480700267101671,-5.321362842303098,-7.113771060634819,-7.815655206333261,-6.45912255721689,-6.111463618743815,-4.811502208545301,-6.667381395646791,-7.131215039946706,-6.697671523961832,-5.600846112506558,-4.3188287664470275,-5.9883977430684165,-4.41798172194732,-7.27972531774133,-8.716267341561384
ENSG00000189430,-2.693895785161584,-6.174532296970601,-6.0781245960974095,-5.788674069727336,-3.4281060192539576,-7.47033291717022,-7.229585542411214,-4.970619681566655,-7.897343910916135,-5.564887092242514,-3.8524475051616434,-5.180145489554396,-5.914156992933232,-3.5666096524831734,-4.928869169054187,-4.498638057461093,-4.849023806013139,-2.641082877375133,-4.019351981949093,-5.0867305737331225,-3.666849350780344,-6.667381395646791,-7.131215039946706,-4.926457404957167,-3.2305315953656635,-1.138551988538129,-5.12323772292196,-5.958630862476901,-4.990928567230933,-4.427470643950505
ENSG00000089012,0.78457694585734,-0.18970693107819483,-0.43947485994952973,-1.040958966062828,-0.14853734560975274,-3.6181747145753174,-3.8129408902923485,-1.5707567729779435,-2.852540512599456,-1.3170272581704918,-1.6634813800326333,-0.2542137796063805,-2.4577105733812687,0.20434739433915064,-0.40027293701770716,-0.8118940078539933,0.2645349141417566,0.3187961628272007,0.11169415861408702,-1.9614900587579727,1.2348348082157727,-1.2716376750077711,-0.44977527172639914,-0.9740534953551061,0.5382991610278445,0.6174547199464588,-3.197306024171281,1.4023357360041473,-5.234921828533056,-4.671463941665371
ENSG00000157551,-2.7853260601923346,-1.6221064087332637,-3.1471870763902654,1.3044522020159035,-1.484890136539781,-5.951038552683949,-2.2415882346210014,-1.9327669191647054,-3.605459886474507,-2.9886143994802956,-2.6461972197553303,-1.5122423507079241,-0.8592307397583594,3.05334026009355,0.9486872989640206,-3.2383928789778995,-1.9180862559900365,-2.99554755344032,2.090729095599141,3.8650563545587637,2.0903433164238887,-2.382109054190578,-3.379674411099879,1.1171089826987974,5.291630307384795,-1.8505686661347123,0.6771156982394759,-5.364759122187859,-0.9191284652944449,-3.0270478033270627
ENSG00000142156,3.819419440202926,3.866527004936028,4.1361472063568945,7.772212750538079,4.7835795663226826,3.9544219116357477,5.580436781703861,4.602485052866083,2.2052555733975368,4.687841908410693,3.8426913157414475,6.4447428512265175,3.9438676524249257,3.952667130529974,4.0862214631436515,2.4371859947164505,2.3626617775736247,5.267624875744946,4.696862758435703,4.222264706515238,5.1369140882515705,3.1431396814123675,5.315167065460858,4.988320379138222,3.2681482934260058,3.996552100717807,5.31182604545593,3.545694106226271,5.69842816254448,2.729700785655949
ENSG00000142173,4.206600518359206,4.681009180709738,4.845066057601674,6.273743750945952,5.939981453071602,3.6941222167551464,5.620119033514667,4.490001387292635,3.0533320400986543,5.2371118788287,3.405704363558031,7.50521862770983,5.1531001373293215,4.739660032011171,3.78789074203864,2.6902837356240275,2.96485855937858,4.249004283062194,5.631685218964517,4.287612001046326,5.107498376784898,4.315730178309657,5.047280223935156,3.4638463004559426,3.8399301539940214,4.055532718125477,5.3900435595239955,3.924142597525296,5.638337109058252,1.536158845883885
ENSG00000251322,-0.03856833509030505,2.0378375374512934,0.5145472260146621,0.7532450704723915,2.0193826898766987,-0.8662843299023575,1.3433904723287127,0.508457142054701,-0.9532197732150871,1.5274017253481886,0.32894876608643436,1.1888777770926215,2.5443974869797534,1.2500680619630495,0.9974854986775811,0.21673678071985208,1.022499808348149,2.1878289174755516,2.2553884819710817,1.1309410733992646,2.2682465177757347,0.09345137094933488,0.4184349396773219,0.2245651974216022,1.2048059325932343,0.3577176125622692,2.173635744216835,-0.3107672022782001,-0.4172148583703447,-2.772143178091472
ENSG00000102010,-7.304620499657021,-1.4941975528606386,-3.6457173482727994,-3.9890492760853657,-1.2231092403550172,-5.749129054808845,-4.136540337424885,-2.145894981928292,-6.176139949289531,-2.8845522902125182,-1.612685311549076,-5.747738210806151,-1.272296372335925,-0.06095340810607775,-1.6551596297848281,-3.606799164335204,-2.4166165329680322,-2.016030536147486,-0.11121128527786407,-1.457926099902431,0.04354265638750207,-2.673239633507298,-4.095302797820976,-4.0790126533415885,-2.3575517326700943,-2.8937717220047796,-2.1672685148386748,-5.958630862476901,-3.558521279831526,-5.99506340485874
ENSG00000147113,-0.6933163378597774,-0.47820994819850365,-0.27600757255819425,1.1719659330637895,2.031597151328379,-0.1885969511909798,-0.6148274594829677,-0.161234624753404,-1.70786634422758,1.4055348864055854,-0.17506667953030847,0.5317737463630327,2.8677821618513684,0.568082729098183,0.30638720099197964,-1.5185227085516413,-0.1631937914767178,-0.31567544432486305,1.6789292536188996,0.6226008654548574,1.922075234282466,-0.6681832423238114,-0.720743631111511,-0.46214254573505925,0.21168951159390284,-0.33465888127606674,1.0153069727660429,0.4601465156397851,-0.3505625696827256,-2.025891513648384
ENSG00000171388,-1.3224645958600938,0.12548452887001843,1.2902293702815053,2.1670878413164596,1.763890976949591,2.53822063794585,1.140713501418395,-0.36165256942336255,-0.17494721167255126,2.344997636827831,-0.13309300118901582,1.6684920222376602,4.91316178950073,-1.8301816465168672,-0.9579758886318209,0.3646462336440253,-1.5276332889874977,-0.7882453766947757,0.8366275071277385,-1.9783337889470702,-1.5453964164010754,0.3677467090674208,0.2401961657862571,-1.522604749220424,-1.218996340958679,0.8824819186169218,0.1330577442056798,-0.15187592548204118,0.9709195773730536,-1.286652367075811
ENSG00000155962,0.46530280557744846,1.7243209447885526,0.4030020696353236,2.238341191470175,4.013915928119103,-1.2746457461405676,0.8460898994840603,1.5158801901903716,-0.9646910375250589,1.1028158652361775,1.9549074232220844,2.7990414974990827,2.317864119280738,3.0627469625892485,-0.7237547216773644,-0.16473731982951786,1.87889665325714,1.3241517011442427,2.3872073628079358,1.2511390601744632,2.4869559783502093,0.8399053201800214,0.20925551724192948,1.4658600037199256,0.2719687503410886,1.8614480098737525,-0.049988756324774286,-0.023714976606983698,-0.166500111304729,-1.1544521388393023
