Entrez ID,1T,2T,3T,4T,5T,6T,7T,8T,10T,11T,12T,13T,14T,15T,16T,17T,18T,19T,20T,21T,22T,23T,24T,25T,26T,27T,28T,29T,30T,31T
940,0.35345577799999994,0.644003633,0.103276423,0.5306362139999999,0.306113653,0.213628232,0.658719244,0.34616162799999994,0.111227865,0.343936188,0.246894881,0.155029854,0.21855803199999999,0.823371289,0.135743104,0.02143441,0.331768663,0.310707222,0.6693280620000001,0.144487531,0.897309356,0.555410531,0.033610886,0.15296649,0.20649503100000002,0.47668044200000004,0.050048468,0.074838162,0.28646738,0.049540198
915,6.452194482,9.304467537,7.505826911000001,8.268471522,9.491820862,1.206528608,2.288102535,4.481676437,2.400070083,12.9713869,8.797906899,13.87441896,5.741260999,24.5510521,2.4292086,3.71617352,10.78796765,11.61323369,26.09110957,4.3948086260000006,15.84244925,11.43538793,12.21370211,4.330779235,2.169752091,10.64919715,1.0517712540000002,2.89269612,3.042085645,1.017428795
917,0.37380130899999997,0.44420361799999997,0.33608426399999997,0.29178265600000003,0.6573136310000001,0.054406439,0.048526020999999996,0.306985009,0.045526026,0.432751262,0.410078658,0.306331402,0.507506031,1.16651336,0.135042189,0.196519518,0.599452266,1.243476702,0.8903659359999999,0.188830892,0.8550257809999999,0.433273081,0.007133298000000001,0.17314320100000002,0.150256483,0.617937372,0.056650002000000005,0.13614030900000001,0.100897948,0.045879292
921,1.171927408,1.001013902,0.391533678,0.338332614,0.773676447,0.121483652,0.379752585,0.5718059360000001,0.204815308,0.832015298,0.42323884799999995,0.535043637,0.28269217,1.670313795,0.199414814,0.331542821,0.503110394,0.935612542,2.573755439,0.35172605,1.7217327169999999,0.599440592,0.10193841699999999,0.173974458,0.393660794,9.683742882,0.168657712,0.340464858,0.175613883,0.143420845
923,1.220435752,0.887758721,0.771444108,0.6731728920000001,0.841264977,0.113152418,0.28391399,0.518823885,0.36254793,1.221157021,0.935965553,0.8755989609999999,0.40857735799999995,3.2614195510000004,0.241967856,0.632283632,0.748943995,1.262323228,2.907282141,0.300545581,1.74094377,0.954110833,0.063907023,0.439733306,0.399035462,1.1268135609999999,0.285483275,0.26135942300000004,0.20860199,0.30827349
100506915,0.060150899,0.080827171,0.072010818,0.018089871,0.112998542,0.026811907,0.006663124,0.085340001,0.009971365,0.0033135609999999996,0.161671905,0.026837768,0.056474833,0.191622218,0.031943912,0.059183858,0.07315029,0.089133785,0.105006965,0.038177354,0.09193379,0.025120032,0.007133298000000001,0.026664464,0.066642784,0.016169428,0.015751163999999998,0.016079531,0.030598939,0.033914496
1493,0.427816531,1.199199944,0.568342239,0.805665935,0.566903547,0.159939156,0.087786112,0.441433599,0.146415935,0.792301845,0.46984071,1.194543226,0.26654660399999996,1.771130976,0.254070323,0.730778968,2.25150508,3.057294611,3.9235452439999996,0.332845864,1.251490803,0.887553723,0.051618039000000004,1.106076179,0.353368395,2.285225853,0.025620705,1.206796228,0.08424446199999999,0.29049314
2323,4.386102312,1.788457763,2.095534641,2.33425596,3.111499008,1.060686615,0.79715112,1.061200624,0.48138714899999996,3.54215966,1.788652076,2.18640213,1.644515116,3.056113168,2.1704401190000002,0.678228143,1.2526165870000001,1.180366355,4.013288063,1.4847084659999998,2.260236943,1.591693204,0.348848503,2.302799361,1.350476081,3.48383694,2.452200633,1.5115091580000002,1.220761167,1.061205562
29851,0.21018431199999998,0.5747760820000001,0.137732255,0.378579204,0.177335682,0.019723876,0.100526047,0.296775379,0.080688544,0.309988845,0.317152292,0.256657708,0.11870020699999999,1.258613564,0.180160367,0.16623575599999998,0.645746215,0.7622542940000001,1.942214989,0.175529617,0.484682054,0.32338717899999997,0.072408637,0.298154262,0.076261128,0.60267277,0.020537232,0.059225665,0.045019527000000004,0.08316271900000001
4118,0.080525257,0.757435084,0.096402377,0.182366801,0.34288659,0.10768097,0.073175219,0.124632471,0.053395495,0.261421465,0.198397409,0.449103465,0.10800576,0.714615505,0.011197338999999999,0.072027872,0.06026327,0.253566155,1.425832191,0.114994836,1.292273585,0.302658372,0.037648508,0.042835527,0.158606362,0.375203394,0.037373807,0.07185287,0.122890306,0.015134013
80714,0.45933199,0.37033367,0.351934862,3.109210465,1.127514736,0.18427006399999998,0.21913810600000003,0.154034455,1.484819996,1.3577765919999998,0.47325554700000005,0.184447798,0.258756207,2.675730471,0.495999525,1.4626659640000002,0.25781520399999996,3.113995788,1.225711937,0.306111532,0.432922555,0.8536203590000001,0.03221318,0.594566299,0.7350866659999999,7.531978574,0.543628336,0.34838353299999997,0.782772838,0.5265971660000001
55423,1.722587116,0.876783813,0.7374029740000001,0.486004317,0.902164645,0.081436834,0.071152542,0.336631766,0.138452162,0.401361111,0.315676467,0.8384439340000001,0.18203520899999998,1.152165045,0.7577149209999999,0.5696335370000001,1.201248737,1.247289331,1.08049632,0.256763127,2.3535439730000003,0.414189339,0.732156887,0.509073723,1.452259393,1.5341661340000001,0.10902221,2.643291872,0.026554095,0.039241828
387357,0.176576382,0.13384616900000001,0.07154801,0.054686532999999996,0.088456972,0.0056390469999999995,0.055543555999999994,0.063068079,0.018013236999999998,0.032491729,0.292059733,0.036361751,0.153032383,0.519247304,0.038471043999999996,0.072896886,0.132145745,0.39248594,0.277767263,0.038794082,0.705831808,0.16449978,0.012700912,0.009633852,0.09363663300000001,0.233680129,0.015751163999999998,0.016079531,0.013819218999999999,0.0023776179999999997
8718,0.970967348,1.063854891,1.659567296,7.728327672,5.283180198,1.131946171,0.766958074,2.404493965,8.696775909,1.83261499,5.085645046,2.17943185,1.923434032,3.344737765,0.962536894,7.600100263,3.420843962,3.851596178,3.904185975,1.270456404,1.567726433,2.757348117,0.621579837,8.5554829,2.059575856,0.920896878,1.629274812,0.546496174,3.708304076,2.936601004
50852,0.32407515600000003,0.269578376,0.011084938999999999,0.06989886099999999,0.289905974,0.020636368999999998,0.12621206199999999,0.17913761600000003,0.030698715,0.142388766,0.18665146,0.06196882,0.024838335,0.431923926,0.011197338999999999,0.19049079600000002,0.268515877,0.47165086,0.461833716,0.08815209800000001,0.978830711,0.154673441,0.007133298000000001,0.041045773,0.06839076200000001,0.589070585,0.021487352999999997,0.041310427999999996,0.023551141,0.0023776179999999997
926,0.863217806,1.251329561,1.548248027,0.663495727,2.295831476,0.125926111,0.099836109,0.874498934,0.593205339,1.094141234,4.246545906,1.386523269,0.522064515,4.142775472,0.555664215,0.628932706,5.391268427,1.965235675,1.690905718,0.508032594,2.926513809,2.110530504,0.007133298000000001,0.378483844,0.278220222,22.22010368,0.262237873,0.476155295,0.28742494,2.395166558
925,2.244185152,2.104075549,2.557632693,2.153610982,2.184002954,0.114733448,0.453187662,0.722073751,0.266684012,2.039594835,2.637586712,2.497859419,1.355061213,6.911338645,1.002424962,0.9900141,4.039220582,6.996692901,2.704097326,0.832157985,4.606091745,1.471318355,0.391114091,1.07256361,0.80008171,7.524649469,0.507725063,0.366046836,0.441918807,0.126985975
8320,0.055967363,0.379609152,0.10720386800000001,0.07242866099999999,0.40053111700000005,0.007127749,0.072655537,0.21449539899999998,0.031809772,0.30601333199999997,0.07163215,0.164096346,0.171581944,1.433635451,0.09624328800000001,0.102983528,0.424830537,0.46798737100000004,0.7417502359999999,0.131939203,0.969450316,0.22705119,0.037381132000000004,0.606780078,0.141731962,3.7311187969999997,0.044530059000000004,0.092745353,0.113883049,0.601061331
83888,0.163786185,3.814824929,1.904775352,0.75363376,0.46885513,6.737477524,0.595345624,1.376137744,1.753194766,24.24342311,6.666187527999999,0.292308558,5.272338709,2.9389622739999997,7.505197979,0.418579243,1.208227975,0.19069624699999999,11.95052885,3.757192507,2.9562604930000003,1.4266260309999999,0.26254642699999997,31.7637587,1.705176875,0.285134277,0.282349997,0.668099591,0.23805289699999999,0.42215549799999996
10578,2.72376947,0.824797313,2.066712829,2.423019272,5.505998375,0.376201276,0.209167958,0.484904162,0.34341421,2.385991565,1.142812095,14.03557221,5.083744754,3.552892887,0.753806209,2.594192858,1.019203535,8.122102614,1.406394887,0.937424776,1.241073538,2.146816173,0.116584549,1.149607106,0.349471866,43.11318313,0.614279902,2.045323031,2.097899651,0.764257754
3823,0.8335106,0.175689657,0.44609917600000004,0.32077957100000004,0.147371298,0.043709696,0.066832141,0.01175656,0.130045309,0.16755127,0.37338108299999995,0.590650045,0.420878725,0.334702662,0.011197338999999999,0.175424667,0.183464812,0.871853834,0.195641117,0.14003558800000002,0.7993260659999999,0.143330398,0.435543412,0.17387732,0.07242891,1.68703745,0.045512156,0.043749612,0.124708615,0.7740401370000001
8302,0.9634849605,0.8279449830000001,2.643134694,1.113502599,1.6448595500000003,0.09560337099999999,0.05641942,0.2317387145,0.5052546135,0.5776672985,1.3497174699999999,0.52253334,0.917763892,3.1778173415000004,0.2238086025,0.753586357,1.6583568340000001,1.645186098,1.4378640440000001,0.411653771,1.7463514305,0.5786595285,0.0105555205,1.3250819735,0.377982266,8.562609483,0.0576317645,0.41192908999999994,0.470882033,1.7018181129999999
3824,0.081050838,0.18670500899999998,0.17188452399999998,0.6992651059999999,0.19141363100000003,0.056772462999999995,0.057870077,0.13141955,0.04222743,0.261149332,0.321582451,0.216976665,0.534235451,0.54802265,0.08608619099999999,0.136710497,0.337943925,0.583362642,0.202132177,0.17269948,0.46011443799999996,0.154734625,0.124509631,0.09854882300000001,0.119731177,0.7553046179999999,0.177340782,0.19113630899999998,0.08835171300000001,0.060931165999999995
55024,0.047633735999999996,0.192022076,0.109489255,0.575343267,0.7445068490000001,0.33971929700000003,0.060600275,0.09829976300000001,0.015792728,0.055345088,0.401156361,0.157271722,0.45489319200000006,0.576636313,0.016864341,0.020451462,0.081990409,0.09881956,0.78403695,0.066512157,0.25723633100000004,0.047742368,0.007133298000000001,0.841249316,0.614531901,0.570233071,0.015751163999999998,0.025502215,0.082386834,0.014323746000000002
930,0.006325430999999999,0.541450645,0.09303256,0.47800305,0.22708873699999998,0.019243871,0.078463693,0.133639832,0.085881692,0.095897154,0.280424548,0.077049727,0.011581148999999999,0.736790153,0.076424319,0.146743511,0.476562025,0.391843968,1.248943458,0.061652835999999996,0.450891964,0.261428485,0.007133298000000001,0.022965655,0.595241724,0.10057996599999999,0.53099194,0.028892166,1.438508361,0.097366616
933,1.719165985,0.278380862,0.17281116600000002,0.277470948,0.291260193,0.035746149,0.41447371,0.31030070600000004,0.09305810699999999,0.897512475,0.188601073,1.042110755,0.102183805,0.848540023,0.7310980640000001,0.050212307000000005,0.22505854600000003,0.263664872,0.889982831,1.759189079,0.796691301,0.427003975,2.024664532,0.078209066,0.7453480579999999,0.643128864,1.325970181,0.46512429999999994,0.045894479,0.139414323
973,0.194620552,3.33001404,0.652382578,0.254661441,2.008423872,0.208202302,0.229913228,0.98399435,2.25839157,0.532064404,1.307739204,0.24313697199999998,0.271479371,3.117719692,0.179149985,0.543139964,4.10731847,1.297781097,13.84255211,0.284105889,2.260660464,1.625536619,0.18198447399999998,0.303684138,1.610002216,0.7673132020000001,0.072262653,0.12156225300000001,0.35641457,0.087785327
1380,0.006325430999999999,0.311268422,0.269666216,0.018089871,0.018006685,0.010681412,0.010887921,0.012362915,0.00419433,0.061417176,0.02146912,0.037420999,0.032140887,0.04907511,0.016967888,0.034295056,0.076217125,0.004438675,0.292831027,0.068441462,0.152603632,0.010007397,0.011203629,0.009633852,1.474964508,0.016169428,0.100096937,0.016079531,0.127996063,0.0023776179999999997
79368,0.011571825,0.12957937,0.011082748,0.058237537,0.057969734,0.0056390469999999995,0.05783576,0.011940147,0.00419433,0.015817847,0.093307283,0.067119618,0.049666851,0.194853979,0.011197338999999999,0.016561143,0.216502258,0.068590201,0.502144889,0.022033668,0.100221885,0.043493306,0.007133298000000001,0.073867787,0.142452591,0.335952716,0.026853882,0.016079531,0.00643553,0.017398581
3514,74.35039933,3156.209693,743.323998,502.9968705,1860.746294,56.22309791,80.60976496,245.5402382,158.4225483,542.0225373,1162.237146,184.1350263,132.4054149,3258.957154,68.94255286,278.5698859,5687.789535,855.4920156,13042.34076,825.9079828,1168.974901,855.7757893,94.1251486,199.7251127,598.5942592,1029.545391,22.86699239,35.09052849,309.3980766,77.47892763
931,0.12013515699999999,0.8286761570000001,0.080540398,0.060460435,0.276839086,0.032129721,0.07641877400000001,0.303699467,0.039830212000000004,0.045159417,0.382093504,0.008466729000000001,0.25136772399999996,1.257487449,0.038279597,0.08596636699999999,0.42256016,0.24032786,1.581910792,0.17156011899999998,1.8789719130000002,0.376278536,0.022467035,0.034083237,1.2245286709999998,0.016169428,0.04460621,0.016079531,0.036667865,0.004515669
5079,0.006325430999999999,0.056664897,0.03029045,0.018089871,0.339057489,0.0056390469999999995,0.006663124,0.02937044,0.00419433,0.006484804,0.005667105,0.008466729000000001,0.011581148999999999,0.060452617,0.011197338999999999,0.012452857,0.018935234,0.018746506,0.07571977099999999,0.014463258,0.090231865,0.026416067999999997,0.029573706,0.015702503,0.071638492,0.7005511879999999,0.015751163999999998,0.016079531,0.00643553,0.0023776179999999997
11126,0.02932959,0.013137115,0.049157485,0.103324944,0.44813131,0.202639114,0.006663124,0.234539245,0.082654675,0.235537128,0.367879181,0.484185736,0.393387711,0.453827297,0.129798818,0.131173004,0.241445575,0.043461652,0.182862204,0.246652529,0.440798191,0.195976519,0.054850631,0.088410868,0.173306852,1.103790316,0.755499517,0.085055295,0.104440341,0.093708051
3802,0.006325430999999999,0.015654735,0.011082748,0.018089871,0.03501718,0.0056390469999999995,0.006663124,0.018031403999999997,0.00419433,0.0033135609999999996,0.005667105,0.008466729000000001,0.011581148999999999,0.04907511,0.011197338999999999,0.025009797,0.007220071999999999,0.004438675,0.011366071,0.014463258,0.035611766,0.009838258,0.007133298000000001,0.009633852,0.020605223,0.05010753,0.015751163999999998,0.046779435999999994,0.00643553,0.0023776179999999997
3804,0.03533714,0.013137115,0.022562423999999998,0.071136507,0.018006685,0.0056390469999999995,0.006663124,0.012153965,0.00419433,0.016101103999999998,0.005667105,0.06306605400000001,0.025278129,0.04907511,0.011197338999999999,0.042144275999999994,0.007220071999999999,0.004438675,0.011366071,0.04485647,0.07201172,0.009838258,0.007133298000000001,0.009633852,0.023200567999999998,0.12665510000000002,0.015751163999999998,0.147146582,0.00643553,0.0023776179999999997
3805,0.626488418,0.09353750699999999,0.166669509,0.035032544,0.261535865,0.0056390469999999995,0.006663124,0.035912725,0.00419433,0.071363692,0.265051732,0.124232378,0.074692211,0.285114135,0.098579192,0.012452857,0.247448437,0.46417664,0.011366071,0.088361734,0.141854239,0.029070238999999998,0.007133298000000001,0.037029046,0.020605223,1.871212392,0.015751163999999998,0.15528251099999998,0.070821444,0.0023776179999999997
3811,0.006325430999999999,0.013137115,0.021824688,0.034405259,0.018006685,0.0056390469999999995,0.006663124,0.01175656,0.015110364,0.163533691,0.005667105,0.008466729000000001,0.048903192000000005,0.082965611,0.016135676,0.048919514000000004,0.008526936,0.059093635,0.011366071,0.014463258,0.058047594,0.009838258,0.007133298000000001,0.009633852,0.044883934,0.130681375,0.042305577999999996,0.09150123199999999,0.00643553,0.0023776179999999997
9437,0.154545571,0.013844605,0.014801379,0.018089871,0.092904609,0.0056390469999999995,0.006663124,0.031892927,0.00419433,0.02112526,0.069230544,0.027581687,0.016582933,0.08440020699999999,0.032829369,0.044235914,0.034697516,0.160307866,0.061667237,0.029426697,0.078735095,0.009838258,0.007133298000000001,0.032884296,0.10654009699999999,0.45421523799999997,0.028691402,0.016079531,0.031447114,0.046472767000000005
5729,0.057885822999999996,0.086426108,0.03695954,0.534090421,0.17398945,0.0056390469999999995,0.017534075,0.019909428,0.025589007999999996,0.13187621300000002,0.138296797,0.008466729000000001,0.21739274,0.166843872,0.011197338999999999,0.013807321000000001,0.007220071999999999,0.004438675,0.06736850900000001,0.02449315,0.35388752100000004,0.048348195,0.018042495,0.009633852,0.123515881,0.069157971,0.017910849,0.05165165099999999,0.00643553,0.0023776179999999997
117157,0.449839184,0.112458962,0.130250017,0.021059592,0.293478511,0.018652386,0.006663124,0.086354831,0.069368343,0.064349748,0.149961574,0.056011131,0.303080065,0.247569918,0.059260258,0.104803386,0.015658112,0.147269449,0.020871649,0.053118098,0.085274779,0.06990156,0.007133298000000001,0.029679703,0.020605223,1.289848058,0.038843113,0.074677679,0.372521304,0.007864494
55803,2.5829587259999998,1.6637590340000001,3.176318269,3.063269586,4.003030352,1.196557297,4.630571142,2.729587338,1.200466243,2.288032967,3.0272518180000003,5.243469137,2.537095891,5.561435854,1.204566248,1.200566952,2.376864648,3.255128231,3.425153866,1.366980294,1.8526235530000001,3.988861449,1.3718068280000002,0.74719502,0.976004187,5.5379106920000005,1.499425961,2.903604948,2.6834926869999998,1.07355066
1436,3.766814304,5.053984758,4.97338967,10.03619157,7.661877282000001,3.251706136,10.32577328,5.481256394,2.041890572,3.960740297,7.518173732999999,17.82051617,2.85915899,14.23647899,1.93101943,2.829621678,6.475617009,7.951752873999999,12.15131838,3.768258367,5.44164647,9.623580643,2.905986866,1.305618876,2.266074548,14.31959811,2.4523296169999997,6.326846064,5.098277973,1.571775381
2359,5.415069469,6.846194453,5.014342023999999,12.4096819,26.03779271,1.185694464,7.155786947999999,7.00334408,2.162806377,3.4701420769999998,8.095275093,8.03470555,5.323402522,16.16986823,1.472440035,4.80399155,8.586907421,14.89099938,7.61312396,2.090282384,5.797185799,8.851735676,0.740275828,2.732689319,2.255822315,14.39191086,1.518740496,1.525856464,2.534503606,1.936236819
8942,40.4607953,9.204484655,7.220691886,7.080178739,3.208672906,0.263411053,16.43069592,17.46656506,1.156592322,9.706407084,5.012634065,22.81128556,5.400020689,8.285062514,9.590373519,2.639527174,8.310041929,18.99674681,39.03083285,13.94412763,4.729633286,2.467893823,13.85902736,15.64338748,11.61140858,14.77180924,4.494544043,5.196488024,2.802520553,0.408426165
7941,3.069204168,4.110951374,4.102047918999999,5.950087493,7.20812597,1.407670316,1.659086485,6.781838497000001,2.11368569,2.023495102,4.854102181,4.4648576460000005,2.467323482,14.12959815,0.92241009,3.6722072669999997,6.469788231,5.074521474,5.641024017,0.626367318,1.176503001,8.753827084,0.276842195,1.833907426,0.466514466,3.08441751,0.8061451959999999,1.329702048,3.4439255419999997,2.047653429
83937,2.163986783,6.587222602000001,3.592183168,7.103034945,9.668408887,1.84935991,6.4520292679999995,3.98794113,1.5720642830000002,21.90026914,3.340986338,24.33482615,5.061330776,9.328468884,3.8383610289999996,2.1537716369999997,23.194812600000002,7.568391462,5.977231242999999,2.619580159,2.591824464,4.855064039,2.508430084,11.04827714,15.40748237,14.20447681,29.374333899999996,1.7050583069999998,2.1168531219999998,1.8124648819999998
22797,0.35213150200000004,0.44587474200000005,0.142682209,0.296498111,0.8277340390000001,0.08451721,0.412295168,0.527541112,0.07184458,0.233726753,0.7553392729999999,0.356523215,0.7811146440000001,1.21115517,0.035962305,0.210789631,0.9578200159999999,0.587026397,0.628235423,0.156876575,0.341545463,0.35915615799999995,0.018996274,0.105665921,0.133379786,11.14780248,0.081716564,0.169188783,0.210133656,0.08654309800000001
909,2.833571295,0.300105079,0.294107701,0.323144733,0.018006685,0.024887638,0.241003647,0.403277472,0.083301555,0.543786567,0.112551632,6.42720386,0.224664341,1.651646709,0.011197338999999999,0.089895731,1.859425052,0.051710453,0.86331191,0.070874791,0.071113147,0.186537497,2.466865941,0.019800622,0.329919386,0.260155334,0.038870898,0.016079531,0.00643553,0.0023776179999999997
910,0.356451166,0.169050954,0.040163054,0.018089871,0.018006685,0.0056390469999999995,0.190538624,0.173080814,0.069517415,0.28661349,0.05635644,0.299367995,0.011581148999999999,0.22901718,0.029693804,0.105028608,0.360910506,0.13981825,0.773910572,0.06654031,0.170916068,0.210155336,0.058819051,0.014871742,0.082598012,0.090182786,0.019463293,0.037419081,0.085330709,0.031525581
913,0.539312675,0.64417425,0.121533864,0.021287839,0.018006685,0.0056390469999999995,0.278676505,0.545567234,0.028048067,0.404738009,0.08526762,2.311909357,0.011581148999999999,0.972137111,0.09734161,0.128640531,0.585629223,0.250720972,1.107637592,0.234910373,1.594681492,0.264971865,0.415303298,0.022501032,0.177042633,1.106737403,0.078528201,0.028307643,0.010758821,0.0023776179999999997
10462,0.888793453,2.993730409,1.021474908,0.8111097759999999,0.178098512,0.655008375,1.1630415920000001,3.081399078,0.72293609,1.7575789000000002,1.719989429,3.2253265389999997,0.152589837,3.678151896,0.40277781799999995,0.237441194,2.101882812,3.40676003,5.402486873,2.421916436,10.83113113,2.811033235,1.2632522290000001,0.159699631,1.388817027,0.178393965,0.858023918,0.348951865,0.506387664,0.05345309
1193,1.380607097,3.3042456469999997,1.3222565020000001,4.7185421530000005,16.15507931,0.413326639,1.7976222659999999,2.859732474,0.512388131,2.147734805,3.8769104810000004,6.959779009,4.985935153,8.355620464,0.60551948,0.892090933,3.6779367080000003,2.503856187,5.23143727,2.380292816,5.605938737000001,1.78993267,1.156091445,2.762280837,1.207454437,3.6337219,0.9659438570000001,0.983696397,0.891001576,0.449236751
645638,1.1176173679999999,0.6674609770000001,2.013337361,2.9998049239999998,1.67963088,0.18977955300000002,2.9259111160000004,2.0318114119999997,1.9232814569999999,5.983499545,1.335066991,79.90301877,4.225813711,6.055075435,6.067146017000001,3.160897345,2.9871407060000004,2.149020626,8.441291703,0.540452499,1.138767147,5.756409385,1.393405489,11.1542933,1.886838961,31.16859202,0.34580964,0.21369696800000001,60.2376624,3.540781266
762,0.39832607200000003,0.216261289,0.069362007,0.018089871,0.024187123999999997,0.0056390469999999995,0.230343518,0.523096613,0.36817569899999997,0.437236265,0.562340441,0.064626452,0.22018031899999999,0.197757515,1.7777588640000002,0.086374042,0.007220071999999999,0.004438675,0.313066126,3.4857793260000003,0.135287997,13.02552883,0.316030111,1.498213031,1.818757143,0.22496731399999997,1.467781121,0.016079531,0.049122338,0.12703834
1084,0.152007432,0.102129236,0.154681854,0.229502394,0.390263688,0.008469552,0.025899895,0.31369142,0.144892254,0.285701834,0.544748436,1.7124995859999999,0.897082307,1.426804533,0.020181378,0.876986687,0.376826362,0.26748453,2.691541715,0.014463258,0.125843265,0.245988378,0.026650891,0.17519790699999999,0.093562825,0.081723577,0.123463357,0.025431857999999998,0.73460296,0.364247849
3577,0.117601169,0.021070053,0.349155545,0.14204437,0.200304179,0.02096801,0.06412019,0.630990481,0.140364292,0.42599354899999997,1.0009362659999999,1.238305822,2.233519186,4.06753159,0.06661719599999999,0.042076547,0.448851195,0.121985977,7.965615719,0.067176574,0.7668905770000001,0.255383624,0.007133298000000001,0.275255691,0.44010238700000004,0.143311764,0.5239840720000001,0.041974316,0.658064667,0.539291352
3579,0.316980999,0.09735772699999999,0.425017561,0.282590799,0.272217405,0.016147703,0.12344922,0.513967548,0.018016023,0.259974043,0.770832416,1.002123248,1.758929936,3.841375827,0.012825665,0.12961451300000001,0.467664974,0.201305979,3.785446776,0.08622240699999999,0.673643048,0.211802593,0.033874338,0.16058904699999998,0.668936564,0.038952713,0.386712512,0.064649798,0.949066519,0.142977092
4051,9.426321947,2.9272482139999996,1.6562200980000001,1.585778149,1.6475779990000001,0.5012752770000001,3.726200687,4.187203803,2.996863278,0.20665466300000002,3.1224205019999998,0.388153012,0.7911783990000001,14.51857413,0.807565997,2.087737933,3.822977105,3.419356067,4.318002964,0.11783833099999999,5.842817507,4.483770858,0.352175247,1.441001199,2.272493161,0.981060583,4.347912066,0.99399943,0.242863135,3.186277529
2215,1.194530408,0.707498988,2.656830014,8.545577747,2.878288202,0.360837176,1.587877564,2.475289141,0.569512927,3.117233447,8.393618597,7.946074708,21.11173465,20.4242902,0.209709361,1.483506952,5.22338241,3.518253672,26.12684843,0.588983857,2.927161035,2.514894293,0.129236597,1.848529959,1.594462004,2.137174888,0.824744744,0.722333392,4.760849185,3.354534438
3034,0.739308537,2.40463057,2.434644196,0.17172548899999998,0.125352933,0.06590848099999999,2.3462275409999997,2.23570845,0.44497629,0.17490829,1.84952486,0.36538366899999997,1.1594198999999998,6.27883206,0.245638778,0.37846329799999995,1.9577659440000001,0.7668739590000001,0.572982924,0.061361362,3.528917037,0.869243627,1.446428302,0.072604845,0.49285994899999996,0.024459913,0.7865636009999999,0.071043182,0.22565305600000002,0.064129168
3772,0.145055202,0.324860804,0.112876176,2.469899264,0.35727574100000004,0.016164374,0.211453415,0.261926345,0.082157729,0.12599039,0.159740582,0.350565918,0.55124641,8.30131713,1.930115656,0.105961136,0.264605278,0.125386371,4.259632879,14.57128651,4.2584939980000005,0.19182876100000001,0.096076379,2.169118669,39.16872623,0.27728305,1.598939884,0.024268704,0.52882839,0.12267831800000001
1955,2.156422338,6.863119554,4.487849813,0.778458636,1.103062945,1.9873169659999999,8.421285986000001,4.375011678,0.491717403,1.545351869,2.694189376,1.58326771,3.548907435,2.4472518130000003,3.173046485,2.470903065,4.626957456,1.88087491,2.0558509209999998,1.36000369,2.8832855289999997,1.9493099619999998,1.301734889,1.9909088259999999,2.822633665,2.765493315,2.656264595,4.546586971,0.9025771509999999,0.9336844120000001
51312,3.1361711860000003,0.9718885290000001,4.589728074,22.70424889,2.379120424,5.383550731000001,1.060964333,1.690278172,1.021916246,2.197475615,10.15122339,2.984485442,7.081079227999999,11.63721886,1.4600984259999998,3.9690929039999996,3.2664977530000003,2.257104169,14.30227687,2.150111136,3.3931810889999996,2.019336231,2.8888806910000002,4.476803224,2.1687249619999998,6.54352042,4.918614035,1.278999611,2.061383824,1.9930759980000001
79689,0.133306044,0.932387685,1.590988768,1.295332776,3.0873112480000002,0.260535513,0.992402853,0.984004902,0.37057446200000005,0.26632111399999997,2.544822161,0.210459528,0.445621661,7.583427809,0.377567459,0.12474233300000001,0.514164232,1.113049165,4.2042278810000004,0.937200865,3.8032043439999996,0.852192342,0.009588532,11.6659895,0.585723934,0.106584922,0.656781314,0.082349506,2.50387114,0.608997573
9895,1.079141412,1.109217629,1.302369926,1.318507758,1.756175948,0.9592613240000001,1.167700276,0.93005349,0.936856246,1.479371484,1.114926749,1.266332998,0.9136286029999999,1.325729249,2.190779436,1.506483865,2.121713367,1.619908603,1.981890376,2.2091751719999997,2.431114884,0.8883102959999999,1.8431682319999998,0.911402475,2.598550194,1.2900286440000002,1.46493375,0.85716608,0.742527189,0.527553804
7090,1.707374451,1.14557721,3.4701132539999997,3.0103616460000002,3.3307546360000004,3.7195515610000003,3.353582335,2.7250468039999998,2.3549188180000002,2.677444091,2.490655814,4.192407686,1.575996792,2.266759542,3.687587391,3.681868735,2.453230185,5.024053403,3.9957123919999997,3.328905083,2.785384055,3.37841959,2.60815511,2.923128897,0.7757087579999999,5.1613532189999995,3.726705387,1.064585434,2.592675829,3.516248746
8794,1.8614796219999998,0.119824895,3.042511895,2.041946421,1.8315345369999998,0.33785963799999996,0.162066668,1.840219471,0.288256372,4.228149268,1.887447145,4.197479012,1.064477785,1.917517415,2.249424385,0.207383221,1.835207034,1.139701541,4.091924108,1.8394113509999999,1.578695615,2.439221072,8.849019327999999,0.458543494,4.654426311,4.634374108,7.925666476,3.7795266489999997,0.7144578420000001,0.871479419
55350,0.319568262,1.063317461,1.246109109,0.076585313,0.045739882999999995,0.027132507,0.885026403,1.075580058,0.171540141,0.140408574,0.48399834700000005,0.88944667,1.836968247,1.814476465,0.011197338999999999,0.321236447,2.266303095,1.071120141,6.102507697999999,0.05795078099999999,0.527187435,0.45756722,0.426885339,0.366972897,0.254772034,0.632693861,0.162445391,0.027157284,7.106426604,0.160160112
94,1.0800224520000001,1.903815777,2.002017871,4.529525211,7.679328042000001,1.646123971,7.123370195,1.491856361,9.01350591,4.480529015,4.5051464260000005,15.84497607,8.454821982,3.625598035,1.6651738669999998,2.268667941,1.351452536,2.3963225169999998,7.367919756,2.635054369,3.0410582969999997,2.066034147,1.286808212,1.153157421,1.178000696,25.66103688,3.5627595000000003,2.093211946,3.255110091,5.526313597000001
8862,0.399851278,1.090874041,2.445669355,4.491159133,3.3961283339999997,5.808721406,2.204900421,0.7782725779999999,0.88579993,5.080595608,0.911874381,3.1788215330000003,30.13068965,0.28122921,0.514778645,1.287565864,0.346845894,0.579047909,1.7858705469999998,0.253782802,0.34260155,1.290335929,1.181153254,0.348056941,0.42958146700000005,1.843544088,1.09661548,0.900079335,1.9600895630000001,0.40990106200000004
255877,1.452170105,2.296045705,2.429084249,2.815562545,4.592802592,1.8076567469999998,2.371670065,2.934637833,0.7232989879999999,5.031134828,2.404215044,2.2214419309999998,9.794379089,2.113600634,1.952269179,1.12534082,1.407293388,1.894049632,5.994763183,1.4823367790000002,2.897933901,1.101113383,0.832252364,1.366976264,2.095768775,1.3815656490000001,3.9942379989999997,1.5405984769999999,1.266382632,0.301849867
654,3.599661425,0.414870181,0.43346058600000004,0.07415914700000001,0.548363249,0.037532813,1.252964454,0.304089485,0.013958477,1.158182335,0.40548536399999996,0.056353522,0.767978818,0.411945441,0.208678787,0.120507474,2.6151355290000002,0.155968099,1.249454501,17.26202561,6.123693472,0.16703104800000002,38.94459902,0.141840377,8.71746136,0.16598907699999998,0.84023198,13.30814115,0.621094645,0.047475416
660,0.006325430999999999,0.35497822799999995,0.079896862,0.062976209,0.42835854100000004,0.018592582,0.056856128,0.225954629,0.013829186,0.135413897,0.326989154,0.018610515,0.414000274,0.9586303970000001,0.317502613,0.08208149599999999,0.18729489300000002,0.247237496,0.925810426,0.36401603299999996,1.030641547,0.156774233,0.058504735,0.059169083,0.195121988,0.134551304,0.222631785,0.016079531,0.08487472,0.015678557
1003,1.850912615,4.033089852,2.036001395,3.2664586439999996,9.833017422000001,1.776994889,2.458261451,3.6119515730000002,0.605522108,5.6775430579999995,3.58047091,1.840043638,13.26493333,3.382798601,2.0475974669999997,1.0820659559999999,1.55052076,2.924629444,6.3227898,3.511819454,10.34014976,1.7755811190000002,0.941117967,1.793339531,2.635114888,1.3936734659999999,3.9056254760000004,2.129084188,1.113893504,0.184542564
161198,3.6395073019999997,6.82133683,5.117283025,7.573439854,18.38749351,2.876398643,3.5418677130000003,4.807380665,1.471954645,12.94014412,6.105181629,5.977163169,25.02398206,10.91301867,5.748160101,1.782416721,3.776511515,3.643247675,18.59082302,13.23727351,20.76430521,4.214812902,2.932549818,6.151393186,4.702769555,3.5340942710000003,12.78271523,7.715788054,3.5846798680000003,0.9217201309999999
79742,0.618430622,0.71786778,0.82587333,2.253185251,4.088572297,0.8774586520000001,0.653007986,0.894259457,0.30611245600000003,2.649159828,0.8857265809999999,1.4457055509999999,7.299421657000001,1.482552022,1.236607106,0.34904314700000005,0.893045885,0.80347473,3.201902225,1.5396483319999998,3.7896779030000003,0.629298652,0.606784597,0.725907413,1.158043552,0.7929716090000001,2.021332941,1.375681521,0.7842782140000001,0.245553363
1906,1.280783119,2.8232783639999997,19.15781602,9.255877236,15.12483083,0.975022775,3.478557061,9.310241643,5.038392601,1.6327105119999998,8.561006902,1.348370227,3.7368506,7.20417038,9.700793512,6.786243752000001,5.643355958,74.93549409,7.4649494039999995,3.132877455,2.6247044440000002,7.091623274,2.8124027419999997,5.848586774,7.483038817000001,31.17463151,1.015229873,0.37238792200000004,1.78623939,4.911604876
64123,2.248419025,3.11419627,2.479180596,5.595177937,7.082343792,1.967456672,2.442782936,3.937980996,1.215829646,4.797266399,6.362867867,3.042874561,32.37844907,7.189200676,2.261795906,1.187398259,2.651284939,2.262174034,7.904042533,4.060000038,7.988800137,2.300668789,1.117161835,2.18319535,2.933329813,1.831808025,3.758313381,2.198752822,1.924584796,1.15388272
51705,0.792614838,1.535098425,0.924837789,1.21917129,1.9517704130000002,0.527467006,1.029678865,1.180689059,0.414538022,2.529314856,1.760304085,0.642536542,8.343144223,2.509784891,1.003904253,0.575168109,1.2573637020000001,1.108354993,3.719531602,2.370083631,6.699786007999999,0.713301835,0.469744822,1.037255802,1.42374465,0.576179267,1.844544171,0.547871285,0.5622161170000001,0.255967997
90952,4.459175628000001,4.530895128,5.226220315,9.75384323,13.48132895,17.1850616,4.469988691,5.236669299,3.744940672,12.08994143,4.562477539,5.790650103,20.17228757,8.425420317999999,8.372825464,2.638389079,2.7982679480000003,7.462664414,14.75549484,6.06787677,10.73129003,5.00699967,3.033951955,4.7748958969999995,5.459474025,3.9178994730000003,6.281325065,6.866368047000001,5.154642485,1.4282938109999999
11082,2.388577461,0.67110386,0.395135323,9.474730937999999,1.99066045,4.278135131,3.028913922,0.8290031729999999,0.136786345,2.471020766,1.410443945,5.483619945,68.5595403,0.642341088,1.34536282,0.621534282,0.8937785,2.09955565,5.01459169,0.813134439,0.398254725,0.353662744,1.807100432,0.731561736,3.859955858,6.856679311000001,3.023452233,4.427360124,4.274859615,1.061064982
79843,0.165279114,0.5108119720000001,0.261184578,0.224586105,0.546463759,0.11050828,0.630810877,0.25580973,0.076716452,0.31629441199999997,0.40721320200000005,0.412962175,1.143885279,0.481397302,0.070218888,0.15375164800000002,0.222644028,0.238793676,0.601795279,0.382890454,0.421017135,0.17946071100000002,0.324550968,0.18170229,0.219740562,0.444294077,0.544642511,0.073739465,0.075670174,0.074550611
57520,0.315931423,0.733372476,0.404174543,0.615105018,0.8710499420000001,0.15007581,0.7187838059999999,0.5877288829999999,0.077985692,0.9283314509999999,0.700395157,0.335423996,2.073581245,1.1649329720000001,0.40169098700000005,0.151816347,0.7662593659999999,0.42373483799999995,0.646422573,0.641076809,1.191302363,0.240763322,0.252292161,0.423626138,0.7108452759999999,0.717436168,0.607933121,0.277790907,0.183004219,0.07974658
64399,0.029089123999999997,0.299676357,0.127690238,1.53716712,0.157867308,0.015127356000000002,0.07049061200000001,0.5027513889999999,0.167168803,0.0033135609999999996,0.6385103,0.028120758,0.215889873,1.557721435,0.011197338999999999,0.041631215,0.019955502,0.35561889,0.236980936,0.07077354200000001,0.42730432399999996,0.334073016,0.06573445,0.024070669,0.08833028,0.144227731,0.015751163999999998,12.2145982,0.096185199,0.060137493
3791,1.25780838,2.044118282,0.962822594,1.619018404,6.497826546000001,1.404777959,2.294498987,2.889993393,0.29765003100000004,3.288463994,1.625418164,1.07233281,7.094411801000001,1.4172358669999998,2.39378546,0.7729166009999999,1.144275306,1.6386778309999999,3.9414575110000003,3.163611223,11.88706235,1.06228039,1.001251833,1.379641539,2.841226489,1.16644087,2.391547496,0.763528572,0.6422294479999999,0.084363663
22915,0.207143225,0.532902976,0.09665077400000001,0.29403562699999997,1.5006682130000002,0.018940075,0.18823598,1.315301125,0.133832693,0.163355647,2.326945247,0.11848964599999999,0.797882505,1.261776199,0.613025378,0.121622676,0.333891975,0.173152608,1.721977305,0.407901399,3.1334767510000003,0.310536192,0.158928485,0.120549894,0.329537743,0.22844342199999998,0.384561618,0.28436057,0.507958489,0.007985794000000001
79812,1.366159669,3.066978274,1.960002181,7.0632372939999994,7.992745211,1.164111689,2.128932515,2.785319629,0.7858295559999999,4.196118191,3.367160857,14.154172099999998,10.42029851,4.1049666039999995,2.820482813,1.005079767,2.213153045,2.853707518,9.501447446,4.39465885,13.28841192,2.19963898,0.9080735329999999,2.366009151,2.90698557,1.7619817569999998,4.390101757,2.1100433769999998,1.004775094,0.565073136
80177,0.8015464459999999,1.7821399980000001,0.943401108,1.3511281430000002,3.628367912,0.990065713,1.6586101219999998,2.17227557,0.614744042,2.112107854,2.6475441219999998,1.284018072,9.833805034,2.663354197,1.148800474,0.6219444000000001,1.026264991,1.6528476109999999,3.94014174,1.728476216,6.061402167000001,1.266363282,0.550840766,0.863041885,1.654848864,0.65072836,1.9093933769999998,0.577347651,0.668118898,0.529975071
54873,0.362114611,8.214748653,0.673219484,1.004114725,1.408544305,0.09494732,0.880725216,1.413972638,0.263655232,1.133126171,1.062339973,0.256605029,2.777014747,1.964649825,0.630963624,0.340415344,0.751887529,0.994278185,2.634855174,0.923832918,2.792575763,0.622691917,0.192539353,1.271592573,1.748132587,21.92667844,1.206124585,0.310444488,0.20226845,0.045370836
375033,0.698564979,0.421936292,0.476437944,0.708460528,1.076362021,0.193433778,0.836785283,0.606127071,0.136857934,0.846377771,1.251722287,0.306959093,1.998850544,1.098255592,0.831898951,0.295383297,0.194066033,0.615605888,1.356762834,0.628113581,1.499061538,0.291732538,3.157178927,0.446673891,0.526396193,0.32625157,1.07091396,0.637497736,0.349977785,0.171073726
5228,0.716678842,1.4775255569999999,1.551426756,3.4141367639999998,3.9197601939999998,1.439737131,1.0304231670000001,4.102650961,5.266507894,2.667192547,1.530460591,2.439839117,10.22882465,2.041849017,2.373980542,0.762236802,0.510630906,2.622268912,2.541423386,3.08439948,1.9806543890000001,1.34478739,2.625508294,0.741586915,0.5994485310000001,1.270282192,2.264609496,1.493613074,4.709531038,0.918867848
5362,1.5907653,3.017529128,1.019078471,1.308298528,2.28324998,2.944220041,1.67716571,5.121425123,2.982790435,1.062553693,1.175936704,3.015287575,1.916571686,1.587095814,1.141433964,1.477233025,2.474762196,1.911924786,2.294513855,0.430010117,0.809352441,1.397843546,2.877652281,1.774517593,1.131566401,1.281910377,0.550039277,0.295638432,0.589903783,0.625881823
5787,0.511480547,1.034328649,1.012797137,0.853698395,2.1838942169999997,0.34054116799999995,0.784463377,2.1266301690000002,0.801385162,0.7640575079999999,1.933534629,0.335092178,2.878436708,1.7875486280000001,1.190427515,1.0609525579999999,1.282395091,1.376747069,1.79334445,1.228674705,4.305615559,1.029259632,0.30068563600000003,1.212318365,3.368748033,0.7348448670000001,1.220009677,0.34662930799999997,1.960769204,0.652212036
54538,0.9446262940000001,1.207822679,1.626072652,3.8702345310000004,3.7148503760000002,1.328106125,1.240337641,1.197970711,0.46081132,3.29919264,1.301160226,1.4036545569999999,5.4877060029999996,1.950639883,0.898708266,0.55088932,0.7567649609999999,1.409031191,3.125842457,1.354924941,3.303036842,1.080942565,0.665389467,0.80576342,1.135200122,0.53694272,2.1824677180000003,1.307039873,0.80865222,0.30345052100000003
8436,0.60716792,1.656106184,0.824523863,0.720596661,3.314029182,0.38778484399999996,2.379927702,1.9636366669999998,0.258389561,0.8980851790000001,2.9634531010000003,3.364043573,13.10776623,5.377956782999999,7.0071493910000004,0.12969477,0.59002965,1.329442134,2.702981912,3.399266346,8.254928587,0.968839955,0.652484768,0.398507438,2.472135498,0.85749032,2.658191745,0.687329431,1.6595898219999998,0.252068002
85358,0.973620645,4.106295745,1.428545736,1.685579964,4.054102851000001,0.548557847,2.5374694840000003,1.422528091,0.51647851,2.882662077,1.256097773,2.2797534,5.833644562000001,2.3785264390000003,1.996517197,1.162102063,2.031435852,4.556193179,4.774628488,2.190015489,4.817372614,1.066919532,1.336476935,1.168425053,2.305062602,1.281397084,4.5115893069999995,0.8062129140000001,0.748868931,0.146386744
126669,0.121355436,0.459702538,0.308830189,0.286177958,1.111656513,0.1174601,2.574216991,0.425741489,0.057478271,0.518980233,0.51256189,0.17636009,1.209147635,0.757422371,0.60887423,0.220820632,1.344130754,0.454710193,1.061860586,0.658000277,1.844180728,0.396752629,0.113476223,0.191821163,0.341467737,2.34879048,0.907623026,0.114473487,0.197548374,0.018246149
7010,0.7426677829999999,1.391085207,0.664252607,0.636322937,2.896406883,0.180567146,0.725077575,1.5959437459999999,0.219773573,1.46822553,1.660685283,0.224557383,3.233668435,2.1620009330000003,0.8300940590000001,0.36454047799999995,0.6660361260000001,1.309700328,4.187967018,1.749118586,7.642267016,0.67669225,0.246787585,0.622523828,1.722711535,0.351982022,0.8773949759999999,0.306696798,0.206071246,0.12919604699999998
7075,1.189199888,1.99746937,1.884274102,1.997896323,7.845325928,0.802913492,1.716333223,2.23305273,0.681281055,4.001124316,1.809668849,1.619080042,7.834426445,3.175590869,1.538604747,0.932310706,1.164813842,2.290211565,6.214965991,2.317053866,6.481727012,1.435114534,0.600964653,1.786155094,1.894510948,0.999764977,2.66634617,1.708724577,0.96969843,0.134757142
79674,12.36479147,0.36002308299999997,0.42339394700000005,0.40451766299999997,0.210276698,0.18710150399999997,2.110080827,2.322213798,0.044414788,6.409123618,0.768132692,5.510871547000001,2.366985353,0.377991894,7.528491423999999,0.07029832400000001,2.078618531,0.11248976,0.33854419399999996,11.28854182,11.53864674,0.152916995,2.054350688,3.474411037,4.745082556,0.8258569490000001,5.8279305720000005,2.8090854989999996,0.08632005,0.067139147
7450,2.65402357,1.865052081,1.301993455,13.3212891,9.501840925,2.96805393,0.45555738799999995,0.289063792,0.267889276,6.489834927,1.764858569,7.570706242999999,31.29099864,5.080992778,3.679195741,0.6858104190000001,2.323866666,1.195142874,17.38551994,8.519776824,15.98811679,3.379281993,1.273942657,1.32605718,4.356242145,1.204920524,4.4372151660000005,5.991523909,4.0893319439999996,0.42342609
1277,101.62855340000002,55.86927053,79.43674489,264.9693127,276.53881980000006,19.9510103,25.540099899999998,60.16530568,22.99068639,55.97907024,23.78100216,23.848334299999998,73.39638516,59.69835758,9.472456532999999,16.77576091,6.558325216,65.33373651,131.6918383,38.29879208,25.81581035,30.38083577,20.51391264,38.11178022,55.05255101,78.60755939,24.583725,19.24844373,26.66287469,11.61193078
1281,120.2654405,96.14744672,88.49341155,418.6102704,336.64617810000004,16.63598594,35.37844705,73.16056448,19.84488176,80.06944098,72.68776555,23.62550119,287.64396810000005,198.244431,23.58119269,28.06177592,21.07985657,71.64433619,230.68283160000001,85.21595874,89.02830437,43.63139632,23.10650225,47.74988506,76.76268159,105.39896090000002,37.76484177,15.26804983,47.63468842,14.08026682
1291,14.1175657,14.58614772,17.58346153,218.60957030000003,27.5423464,15.502424,47.84966044,24.29327439,4.611562253,25.77395283,14.34714046,87.10857567,15.38942744,15.48357953,16.98537851,5.415843291,5.143184035,38.52237845,25.935616500000002,18.66501427,35.18562143,8.834446085,39.81298302,31.74198354,9.634089279,15.96180723,39.72089005,11.67777979,51.92754671,6.633180505
1292,18.46345345,25.65217378,28.74155191,77.37221931,61.39211439,12.943197999999999,49.1840637,22.47113962,8.301269832000001,37.71618577,10.5978842,181.6753188,35.58260274,26.71651699,13.81238686,6.45440334,7.807488609,19.01418613,49.57996057,19.52989112,34.47547148,19.91426293,33.06608242,11.03371182,14.31970785,16.627884400000003,41.93385502,15.18044942,49.80908864,2.900212972
1634,14.20820553,24.73608871,7.757500743,25.93811057,32.80954707,1.3525079759999998,7.169673341,17.74272109,3.519789546,11.77965843,22.16952489,2.610693332,47.15096446,82.5075185,16.49077216,2.067624051,3.742178333,10.47346233,75.56311429,27.30174285,106.45672409999999,12.16657454,3.385757665,7.496439745,18.05413338,22.37634542,6.9540199220000005,1.6057525519999998,11.92100824,2.558704108
26585,11.43735829,1.106983905,4.599454777,29.342230600000004,19.06353262,0.281664903,0.22968839300000002,0.91281551,0.6285081370000001,2.452116245,2.497274762,0.375915436,35.06192864,14.47466582,0.54686742,15.92154955,1.0824115840000001,3.230475681,11.59152501,1.795863762,2.0961099009999997,2.075945561,0.49239262899999997,2.564617482,5.372595547,3.372102172,0.34541859999999996,0.263127314,7.236162819,1.699583453
25891,1.5988005319999998,0.576972018,1.299003943,1.769420086,1.6018569630000001,0.10808051099999999,4.090064723,0.99294084,0.35170809399999997,2.9260098869999998,0.896100954,0.5341622429999999,4.162809821000001,5.4622642710000004,0.869183687,0.119286957,0.39694509299999997,0.757906848,3.1897909110000002,4.578386752,8.824697889,0.7531246229999999,0.517225975,1.117856075,2.029734436,0.896224998,0.21804128399999997,0.703164874,1.611210777,0.284815627
6876,35.70336385,39.24551781,104.21451309999999,104.6297635,257.1005518,28.89197516,19.59976192,53.87595352,28.43521343,65.83268989999999,60.24011527,19.94655788,115.2110393,72.31781519,24.36051489,10.68669344,26.13811652,37.24713453,127.0302192,39.81147188,90.44893144,48.45310601,51.61128003,34.5380003,41.81270347,46.0458852,45.42329274,14.63250327,62.54039666,22.69566625
