"","X099535T","X090608T","X098699T","X11770T","X81023T","X81032T","X85421T","X86279T","X86960T","X87823T","X88659T","X88674T","X88724T","X89290T","X96484T"
"CD28",-4.28949994875332,-4.56742365239055,-1.72877036206962,-1.25125025683784,-1.52874385387373,-0.711072150747547,-0.810260187120428,-2.02609929617721,-0.987688782039991,0.381305525040669,0.353368462903175,-1.50419842975102,-1.02740732730752,-2.8790535847267,-2.57016446829699
"CD3D",2.00654219306344,2.2799110203161,2.15907369942479,4.94606643123668,3.69669495279713,1.06001970580174,5.35979874725996,2.8252279760623,2.35757733952806,3.92814288518444,1.75901518016018,4.10993718782524,4.18010806871201,3.37751248848501,0.510911297510645
"CD3G",-0.553532013902674,0.103034291504663,-0.304444405264974,1.71232724470916,0.147072201071286,-2.91021984611471,0.561067026911265,-0.0654351892253097,-0.912778872848892,-0.356745943649794,-3.81675259414374,0.455891364050743,0.422900361921344,-1.13035596942542,-1.93912805944773
"CD5",-0.796513152563641,-2.03608203813794,-0.443930659454974,0.948877399827336,0.457993453173271,-2.57626049283468,0.23600883262497,-0.557868621757089,-1.05379317096247,-0.0149790904567186,-2.74078898890161,0.21478381720356,0.555364628819965,-1.67491758503709,4.93649660685157
"CD6",-0.804899381968412,-1.62786361741626,-0.747443857021071,1.44866312466863,0.435767256782133,-2.03603470348813,1.0679415409207,-0.137533532118874,-0.685923023757477,0.569598026307221,-1.70819372455625,0.8054080316897,0.710216839752622,-1.28163530488401,-1.2157674116484
"CHRM3-AS2",-19.807240434322,-20.0269881344029,-4.77441114225342,-19.3659713934699,-2.39263701512648,-24.1694323994231,-20.9904622583777,-4.02829393531874,-19.0676301189002,-3.94720351828753,-20.6189033957658,-3.93200891210478,-19.4461417421539,-19.1917204666248,-24.6494253405427
"CTLA4",-2.44810702372552,-4.33643057912086,-1.70042709461471,-0.137970022470236,-1.49519861474411,-24.1694323994231,0.92035428470977,-3.46185521683771,-3.28011039238635,0.225965875783585,-2.01601592473074,0.58379825708008,-0.85195358047886,-3.94789354633884,-1.93650810229145
"FLT3LG",1.06635789430032,1.51234826503967,-0.0353573964403244,2.4304378319193,2.16938950191163,-0.363924374989159,1.08195311964706,1.59622912216968,1.66859570731728,3.60091197146423,2.81510401682459,2.29115559297068,1.21350281998392,1.22840005584181,-0.726968770134952
"ICOS",-2.24547161329404,-3.9195049644956,-1.91361296161391,0.29325275642788,-1.66049314998756,-6.45820527214318,0.149129269909933,-6.05067454843773,-5.59865788281282,-1.32761267778702,-3.60649154029085,0.274434625177499,-0.54332209602859,-2.84787110903208,-6.74522215505775
"MAL",-1.17585945339842,-2.60957883717145,-2.71765746527643,-1.58361421108515,-1.89867802979598,-4.31480149996647,-1.109754111757,-2.71410305856464,-2.09461829038944,-1.16345210513265,-4.0607318913096,-0.908260904784571,-1.93280186796266,1.77180530920836,-1.12531160910197
"PBX4",-2.35245154642714,-2.62092028871554,-0.578298956594356,1.80860334345425,-2.15860326936293,-2.15437105557223,1.30247113647944,-1.68382181191796,-2.18766771981037,-1.37410860729822,-3.58480208195173,-0.298670968055505,-2.730832766959,-2.15397291484036,0.380474572028078
"SIRPG",2.1138671594827,0.2108002918276,-1.01049182622547,1.39890304216306,0.528351272344083,-3.74678812329895,0.755366183763149,0.135534869761189,-2.01622017121525,0.179931376993764,-0.856786847811376,1.18344840203415,1.11183258707798,-0.949566564452545,-1.94306693787322
"THEMIS",-2.9847764944737,-4.92703206519561,-2.90528288676914,-0.584942303131966,-1.51589281165114,-3.88326051068511,-0.466482499817537,-2.02757495858268,-2.81587461712716,-3.96364662290617,-20.6189033957658,-0.889754368810591,-1.195295474692,-2.51585155466154,-3.54609203068235
"TNFRSF25",0.236376279660837,1.73955867077108,-0.985713272376934,2.98894275842352,0.728895713348049,-0.252851529570482,1.50594680768109,0.500853030779849,-0.0984066912914661,1.6651244011662,0.373720587852155,2.37194074292685,0.482786341343443,-1.02413506932304,3.78227225735801
"TRAT1",-1.71272157451172,-3.58510331462898,-2.21272134199413,-0.0982661454038322,-0.322272579452856,-4.11821323636527,0.309304266098593,-1.97151005676417,-1.67349946751424,-1.85292779892871,-4.23325729023214,0.123030449588211,-0.431195420883009,-2.22405440115694,-3.67079601697064
"CD8B",0.602504389608286,-3.86917664460458,-2.01755724078292,2.31731564692734,-0.171253072306154,-3.46457286762003,3.3251273280418,-0.588287413149463,-1.86920088916181,1.30604637353239,2.63286378598772,1.54655125823776,0.684818737553223,-0.301648150895172,4.166514610409
"CD8A",1.46946925326727,-1.82721040783871,0.722404817928602,3.52958360054925,0.838136933397238,-2.66493756293427,3.33679752417699,0.927403464500331,0.154388780126081,1.47572305649285,-0.984014383263366,3.32517051237605,2.51450103627428,0.41435205632883,-0.587725742257175
"EOMES",-1.08400344204768,-3.33516476638656,-2.60228026241505,3.88077367094148,-1.34015214387924,-2.06676579272841,-0.0372999600737965,-3.40490581363951,-3.01586421748716,-0.591366388959248,-1.68107120973062,0.445737295785701,-0.186056723085591,-2.1115205266517,-1.49238699227165
"FGFBP2",-1.87065103278916,-20.0269881344029,-1.42855811728011,-3.37904655832098,-1.95696352694593,-24.1694323994231,-1.5716088714544,-2.60021421658968,-1.831296356004,-2.83103968249754,-1.30708365409873,-1.81510276398876,-1.6409421856233,-1.09520071127785,-4.30662464868776
"GNLY",2.89101859865077,5.98198504644327,0.871630776159857,5.83828117632242,3.45287213995083,-3.6655141010258,3.43516184271179,1.38331998335529,3.24939527824421,2.92265646877107,2.04921602040935,0.11699014388168,1.98326178839602,0.498373427564221,-1.7325864541673
"KLRC3",-1.11484425361881,-4.22277026455225,-3.06801141891249,-0.109330742812589,-1.95115561080869,-4.74298358687993,-0.796124803614474,-4.32812767263709,-1.35531674829357,-1.38145685979967,-2.08118636367202,-1.00328153236688,-0.907281077793463,-1.56646363009237,-5.03839504350501
"KLRC4",-19.807240434322,-20.0269881344029,-4.85812152046825,-1.51794477192432,-1.82125349401818,-24.1694323994231,-0.195967924623913,-18.3227593266487,-2.20917459174796,-4.01525054944687,-3.24174799829685,-0.678048822176646,-2.56569043467583,-19.1917204666248,-24.6494253405427
"KLRD1",-2.69710661775783,-3.41783326405238,-3.16303529766229,-1.03744949644135,-0.783576177578477,-6.75245100219373,-0.342034453435362,-3.20088616184738,-2.53619342558089,-1.20313981062101,-3.07816153781892,-2.08640933726847,-1.89668365273926,-2.94961114539552,-7.03909785128351
"BANK1",-0.125967953726983,-3.38054679640768,-0.00959691717277675,-1.0227889611078,-2.29698437583048,-5.6888484752997,-0.0294893945486047,-4.04605568994424,-4.44079288712723,-0.850303599229394,-4.56081987107267,0.270074384464799,-1.35908667591818,-5.0772358431828,-2.51572779077125
"CD19",-19.807240434322,-3.83219199079029,-3.68431784866208,-0.654151753134081,-2.89277815292829,-5.95376097071299,-0.249966399562653,-3.54356305975621,-6.09407860539029,-0.790394418578628,-3.87453933078332,-1.14557978804736,-1.58922040010754,-4.34648279670555,-2.91907496830799
"CD22",-1.35149406083815,-1.99049803121263,-2.26824674578022,-1.71296749542613,-0.844421725157636,0.0901759497902069,0.0593552776164212,-0.809918703774025,-1.08267976896058,-0.437250080661305,-4.99555642459025,-0.107940103309838,-0.168004430247595,1.22558342875685,-2.55469705786349
"CD79A",-2.82435149373279,-1.16694314906638,0.299713560064242,2.77756910628283,-2.35921621115884,-3.56817125364748,2.18154149591358,-0.933540149134529,-2.12324536598615,1.56726797960926,-3.16355228611676,1.22484909304359,2.46967242077023,-0.858297791637077,0.245057494039581
"CR2",-1.65415402349122,-5.05929770022922,-3.97048520245608,-4.25967372746562,-16.7346468355038,-6.11859912239213,-2.13627083480521,-18.3227593266487,-19.0676301189002,-4.02628264300126,-4.23369149770989,-17.7875221997075,-3.59069618490578,-6.0901713008572,-7.40464636466669
"FCRL2",-19.807240434322,-3.80601585707433,-6.7378337806795,1.43731297686992,-16.7346468355038,-24.1694323994231,-1.50190030419108,-4.26800768556457,-5.81811125950005,-2.671384091998,-5.89664927257004,-3.23703383872922,-3.25650743622786,-5.39914567375715,-3.20646863382335
"MS4A1",-3.84168158837288,-3.96949497550996,-3.0165878877709,-0.44432910318009,-4.89113328456137,-4.8319618663939,1.33696315129856,-4.42515250500799,-4.77121257977712,-1.12026287112294,-5.28181840274506,-2.24720346225471,-0.295009438494822,-3.75492010743983,-4.53316889429984
"PAX5",-7.46424323087013,-20.0269881344029,-5.42265345173741,-3.10127620107208,-16.7346468355038,-7.28435975789976,-2.81630134477362,-7.90298215152145,-8.42650633978581,-5.90325669913516,-20.6189033957658,-6.46453623759488,-3.47713592512245,-3.49617828088926,-1.2500007124357
"CD160",-19.807240434322,-20.0269881344029,-19.7680698370413,-19.3659713934699,-16.7346468355038,-24.1694323994231,-20.9904622583777,-18.3227593266487,-19.0676301189002,-19.1159931404616,-20.6189033957658,-17.7875221997075,-19.4461417421539,-19.1917204666248,-24.6494253405427
"KIR2DL1",-19.807240434322,-2.25848727954265,-4.91546979274271,-5.54772255198218,-3.12423880609086,-24.1694323994231,-20.9904622583777,-18.3227593266487,-4.15316541194107,-4.92810775477606,-4.13884943563719,-4.91159567469394,-3.64697216689576,-5.57927680500776,-24.6494253405427
"KIR2DL3",-3.77511214443393,-0.976148527905712,-5.91322927522798,-2.96050782061844,-2.31463211076076,-24.1694323994231,-3.19857973684733,-18.3227593266487,-2.73586956237448,-4.92608436694114,-4.13683542212739,-17.7875221997075,-5.22966110963101,-5.57704367987482,-24.6494253405427
"KIR2DL4",-4.046899585968,-0.237149464635673,-5.77120864017785,-0.361446039647441,-1.0152342196427,-24.1694323994231,-0.636927629591538,-18.3227593266487,-3.13160401522576,-2.32381926437757,-20.6189033957658,-1.89230141930049,-3.08502530429334,-5.43553871118027,-5.74338155839786
"KIR3DL1",-6.08360101477356,-3.04727878472227,-19.7680698370413,-3.5316214637816,-5.42951997046739,-24.1694323994231,-6.06357560980005,-5.49505871672758,-3.23704744129607,-19.1159931404616,-5.41533915025574,-17.7875221997075,-2.95557510347563,-19.1917204666248,-24.6494253405427
"KIR3DS1",-19.807240434322,-20.0269881344029,-19.7680698370413,-19.3659713934699,-16.7346468355038,-24.1694323994231,-20.9904622583777,-18.3227593266487,-19.0676301189002,-19.1159931404616,-20.6189033957658,-17.7875221997075,-19.4461417421539,-19.1917204666248,-24.6494253405427
"NCR1",-4.42089401641574,-20.0269881344029,-3.57572369591489,-3.84272030236206,-1.92219917567642,-3.97737907612377,-3.14800755711797,-4.4782239759354,-2.76881338677214,-19.1159931404616,-4.00457539717512,-3.7724895766812,-2.28788850053372,-2.20408014794308,-4.54232040439408
"PTGDR",-6.81298756659674,-3.28571315314793,-6.94620334108988,-3.41157303875849,-2.34919868478978,-24.1694323994231,-3.42173481446644,-3.41811082550596,-4.18827251314723,-1.7146048836539,-6.09311309769551,-4.86754581629811,-3.27313391462656,-3.14688260877645,-4.59745244129076
"SH2D1B",-4.56921032696764,-2.26636452395713,-4.11830343424494,-0.531306171833413,-2.0070807828557,-24.1694323994231,-2.51430938985313,-4.98194244942357,-3.20813426357266,-3.65553506251835,-2.86416572164716,-3.63848494842146,-3.7070693958777,-3.55730677872515,-4.67682779982709
"ADAP2",1.66861385973344,1.57116225001254,1.27287720287009,3.04230988753713,2.08783959005243,1.68208332705366,1.84038669095034,2.25995035676047,2.55864234318519,2.9440600585873,1.16093309237242,3.42402180207976,2.77119892042008,1.32342771806093,0.674478730332208
"CSF1R",0.418189947945766,1.08551303731328,2.54111086794422,4.39954710276509,3.84738563542592,3.15955168893011,3.29661158028255,3.726874802327,4.31243283680922,5.23809132516932,2.28188515786255,5.45770919335759,4.80440985072803,3.08980150523649,4.02304239266586
"FPR3",-0.85701417247021,-1.25468176732943,2.08980319977463,4.42043524123039,2.64850455863053,2.66924224631749,3.88043085192838,2.98112198979431,3.38255659116327,4.1676630068528,0.486673189355189,5.28241756390421,3.84390346882666,1.93703924683135,1.34612293371242
"KYNU",4.87820054050142,-2.82414713730925,4.497120526508,3.01691523254419,4.81027342552694,4.37354381573127,3.35696073038077,4.82703650597056,0.58177543597481,4.41732596166946,2.3431633251802,5.32663082116609,5.30887049936615,3.50898635299916,2.26506177057807
"PLA2G7",0.15118340984964,-0.919787150925963,1.73827064273277,2.39162201359462,1.98546399815193,0.998975322717473,3.21089378168981,-0.0797371930051105,1.52889132664458,2.82862345838226,1.57561245749592,2.47109379274495,1.96867324355383,1.66635212618967,-0.0910779817682779
"RASSF4",2.69783385647814,2.21368322334912,2.64255602439945,4.80650966739919,4.46095220451234,2.62245483897145,4.75111553845821,2.76888088564799,4.98603769772286,4.77845566408222,3.6800092252282,6.22648348280235,5.66848224954133,2.56831672310207,2.20110059271843
"TFEC",-2.69810804414584,-4.55304001249343,-1.34516855143827,0.490734413765864,-0.0654925565668773,-1.02385049296635,0.716499306952346,-0.217797788771562,-0.257033174919326,-0.261259828628397,-2.91177154546099,2.01096956036529,0.474264700873302,-1.40456890573197,-2.55516333900727
"CD1A",-19.807240434322,0.674930626017989,-6.38568705171586,-1.62769419595916,-3.59572988474187,-24.1694323994231,-2.21701447244111,-18.3227593266487,-4.21107846664708,3.05915450473993,-5.56806345198969,2.22801825363819,-1.18471641851535,-0.655578241297216,-4.35887130306448
"CD1B",-19.807240434322,-2.23617713547266,-4.08478292896995,-2.97869084760394,-16.7346468355038,-24.1694323994231,-1.75780360929128,-18.3227593266487,-19.0676301189002,-0.900887963906113,-20.6189033957658,0.665601973943311,-1.98210658996402,-4.33461887244552,-5.64172978242959
"CD1E",-3.72221801765772,-0.739133669490221,-3.35073441678847,-0.293825772489184,-2.46080644052666,-5.91800162859406,0.38694334835437,-2.85432515306894,-2.3300008772835,1.31183439740283,-4.86415521721084,0.510121367876227,-0.173906738918978,-1.04995568480627,-2.82026985506591
"CLEC10A",-0.742019058123278,-1.15930555060616,0.887548665606617,-0.412531311582794,-1.02506253230953,-2.73568697133567,2.16757309550298,-0.31184471251448,-0.472411148357189,0.900961455328924,-0.989094154676643,2.94227802472287,1.84110764478056,0.318380477607476,-3.23651703620151
"CLIC2",-0.762186676653179,-0.628684255470765,-0.802763645081293,2.21619098070386,0.644557746037958,-0.222706963141664,2.26209935672221,1.016004164987,0.436140513287784,2.75445997362548,-0.150439418529059,1.94015923153141,1.21050731768865,0.644585432050482,-1.7320304099542
"WFDC21P",-19.807240434322,-1.45464045807084,-1.87200229597861,1.64853446984682,-16.7346468355038,-1.2031896364427,2.87081841898403,-2.09620277879135,0.506256637046988,1.25597802762436,-0.489805697419828,1.44644151827105,0.203952853632504,-0.553692945785896,0.687177174541019
"CA4",1.48027546391733,-2.45999654433723,-5.30673885100566,-4.93507742657462,-4.5130801379967,-3.3993222384694,-4.24728017716063,2.96810734524743,-19.0676301189002,-19.1159931404616,-0.356527964493847,-3.37541281306914,-3.02660473165856,-19.1917204666248,-0.692876950459822
"CEACAM3",-1.59554588303365,-5.140746651391,-4.32202908707499,-3.36549074020411,-0.383538786525058,-4.999704566307,-1.19603568266123,-18.3227593266487,-1.16953372347715,-1.82476029344109,-4.45747924266853,-0.807321019122501,-0.829008439766371,-3.80094773507078,-0.953684965625385
"CXCR1",-3.72962846199215,-20.0269881344029,-1.34923911654394,-3.72150037682297,1.42196920023412,-2.55005941480233,0.070512982166938,-18.3227593266487,1.8508874140404,-2.81798917137364,-2.51211032867671,0.224583652884188,1.01461238403633,-2.74767154478057,-0.494946482777805
"CXCR2",-2.19010816649822,-2.93119438360558,-1.13744783679611,-2.29075877853101,1.80831090596503,-2.55383271698694,0.390051299729599,-2.74050935479252,2.46075828790059,-1.64351359038458,-2.23900755109949,1.44730940983262,1.43959654385504,-2.05067574385428,-0.232389267129956
"CYP4F3",0.196430787861038,-2.40907132442338,0.913017676503361,-0.562120318778595,0.612843143960014,-5.65476805919922,1.60737529553989,-0.343679372075838,-1.94019619979591,-4.31586997152621,3.04913061645336,0.344374033285733,1.50261575151608,0.150143704528705,3.47370899618688
"FCGR3B",-3.11722393539703,-3.24916371122341,1.36724244756686,-0.927537429643282,4.00822691079928,-2.30021385975732,3.8671749360752,-0.529220558679947,3.57442853035194,1.16184254707741,0.793879239972241,3.11289359102036,2.97109837649211,-0.981636445572148,1.6940644774711
"HAL",-2.91723202087502,-0.236554430171094,-1.69775699782908,-4.00826429944709,-1.56065984457651,-3.62718872490926,1.54199053816093,-4.33060743518316,-2.83485341483564,-6.29166265202969,4.50181489757917,-0.442310539558344,0.470927257475127,-1.47549094332663,-3.34403568272609
"KCNJ15",2.14215199719149,-3.19908312425227,-2.3063020759733,-2.172512630164,0.358688822548729,3.43907786865949,-0.552945611444191,-0.00160950243503953,-0.570500795054262,2.23298609387988,-1.61816291609395,1.00778394353786,-1.73555244535601,-1.43275830960359,-0.478854762128761
"MEGF9",0.3111891992384,1.29139138139353,1.54878677484331,0.39204259754869,1.6207177718246,1.67860830759981,1.34890091325625,0.990156166627391,1.65642314705961,0.843895431058209,1.4962782619157,1.16955947239632,2.01227545661172,-0.0752631122195958,2.2198562025506
"SLC25A37",0.691024888556594,1.61787206109715,0.239373599258007,1.6873653246924,1.63697488467599,0.683651544812485,1.49034934527268,1.34555534129313,2.51623456120695,2.41722602987629,1.54560270827294,3.76333720682954,1.78747843610611,0.957632344967357,2.02010389182591
"STEAP4",-2.88700368651155,-4.16824466358446,-2.65622607810524,-3.33560454318004,-1.04273912558651,0.186678031179496,0.35368462548932,0.625373368334967,-0.838060736152704,0.552741019160036,-2.28956624982242,0.334099123288484,-1.38697762344468,-1.31216530285674,0.113967146433002
"TECPR2",-0.80774017306682,-0.138489221116844,0.433728639520877,0.305713759687257,0.881836871131294,0.706119400463717,-0.157276955079586,1.05774831172326,0.47534433714261,0.358857580522566,0.876228133084816,-0.530580761583468,-0.00153295627736205,0.672316711431686,0.378189755381088
"TLE3",1.36885214307742,4.03685495329737,2.954322889689,2.982840287331,2.58640207280342,2.65789834109384,1.66274783280706,2.76270598994843,2.72781810124659,2.47728357608831,1.32860097328857,2.54364187776651,2.92038668167624,2.76523769033304,4.08890481542425
"TNFRSF10C",1.81075978332182,0.782878203143264,-1.33475641825221,-1.02999749233218,0.452131504934502,-0.544988217729129,0.453522846919403,3.57835910411004,2.68718613462847,-0.275526092691499,-1.78042316748437,2.98242413951266,0.519712984882178,2.73617405883786,-0.859532816767135
"VNN3",-1.08465196531219,-0.0807697687121296,-2.26481059074528,-1.40020995572189,-1.39153136816191,-1.81913415336236,0.614662734936576,-18.3227593266487,-1.77885295575311,-3.04350316966071,1.50883427425123,-1.56745529356218,-1.66067559005987,-2.70610692045539,-1.92801222743757
"ACVRL1",-0.719927384835516,-0.899840447668526,0.17388217179173,4.50299247018461,1.28416466970975,1.07148124082175,1.02508550866092,2.08959306186449,1.64880134247909,3.11698848097737,-0.24762133391331,2.08392475215467,3.24838454757759,1.11895767918955,1.13677543483233
"APLN",-1.7115067728656,-1.48459838104571,1.75331357199797,0.985653435301524,1.00026687389749,0.208866810369236,0.0234115027223246,-1.28545992781807,1.69806286327914,1.33330350412881,3.56551187886243,-1.3631633551147,-0.613555428728114,0.91963755398781,-0.916346825758666
"BCL6B",0.155826934088566,-0.426792246329437,0.233691761780766,0.981121989794311,1.34246372083671,1.71105872832654,0.275436215242313,1.78393014103878,2.08219844349688,1.89546161928298,1.25455171690813,-0.0764400380292922,1.53973949533009,0.644880716462964,-0.732200555901097
"BMP6",2.72656967760992,-2.00954753900355,-1.00969567858162,-2.58086242228288,2.76791111335239,1.21710660808339,-1.57816325654808,1.38791392438595,-1.00197784734101,-0.159576245655348,-5.17439214630684,-2.04283126508743,0.297848771745856,2.85218265911817,0.213241506144013
"BMX",-4.23832665556911,-20.0269881344029,-4.37243350186848,-2.62915276364004,-2.31993854820262,-2.92113880852014,-2.59890258811118,-1.84296664106674,-3.35110241143617,-1.94657165310048,-5.85618134610498,-4.04511463688454,-3.69801255109021,-3.81039326103521,-5.08307766030941
"CDH5",0.181344305189731,0.52124174311182,1.79667250315021,1.36484693843883,2.63058253558893,2.17833539594972,1.37883896691196,3.43925078111141,2.96634001915762,1.86388296108606,-0.583177548917868,1.01148848259468,2.38441734319421,2.19360460183055,0.763207585492648
"CLEC14A",0.691346557700766,1.41865412686024,1.6925030804248,0.921794294138565,2.44453190722819,0.940324639410792,1.41602360492659,3.13474172767412,2.21737652964081,3.25545390144979,0.388971990438395,1.24644457222337,1.64462234590739,1.73412212731801,-0.156950392434956
"CXorf36",-0.649045689014309,0.145586163129539,-0.245025297571641,-0.680571663182877,1.16971980355541,0.699178473481248,-0.235604583834704,1.50087342136457,1.24287684340153,1.37435511875481,-0.915345167755534,-1.31840141279367,0.429632031249614,-0.233323430590264,-0.749967384643659
"EDN1",3.84503835396662,1.63137905525327,2.8770747626492,2.72413290405305,-1.59838700749584,4.81099313572165,1.21386982378409,0.421199057704568,1.796095173427,1.30998522052187,-2.11123999889203,1.89283008243646,1.73058778972925,-0.964452097668719,-0.0230572027278225
"ELTD1",-0.401756771408096,-0.589589421902479,0.438782539473586,0.882150003561688,1.77034278114896,1.73337169623925,1.49551609361625,2.29161829136057,2.06078065376256,1.86641743777224,-0.57440105169136,-0.0530835287806449,1.34884427323234,1.13031808838738,-0.249515261191935
"EMCN",-0.292772083203453,-1.00880416614233,-0.732742280857685,-0.226140357735674,0.689952139798154,0.434326647836544,0.930608671808813,1.69781384444809,0.723916733489992,0.74385960540508,-3.09813487864433,-0.732586454167297,1.08014597862949,-0.0195841827075347,-2.21170518533606
"ESAM",1.15528941368178,2.63153039084929,2.60382215251564,3.24999743416718,3.18855284587551,2.81183885032164,1.95773633958468,3.99390075563742,3.50269975811953,3.63515072403263,1.21139229199523,1.46745687147555,3.19646698509464,2.67015371429109,1.64384233983585
"ESM1",-0.817452614814032,-1.13736849381341,2.49083964793742,1.56526083273899,2.66799427940553,1.74021089056455,0.501739754923932,2.96441526792453,3.10384001883894,1.96369236133276,2.79645862735205,-1.24987375888161,1.46805670889677,2.76279739535072,-0.0599550613548489
"FAM124B",-3.60704870011433,-2.22305717597886,-2.28223519486536,-2.23022149152284,-1.09035744502871,-2.57245389606883,-1.45352973938257,-0.40506168881462,-1.35720787272924,-1.26678104043054,-20.6189033957658,-1.07413422675334,-1.17249637079947,-1.95923378877826,-2.71340268899163
"HECW2",-2.03572115065353,-3.09864147979699,-1.3798039910728,-1.22637494243289,0.647323720659253,0.62789628188395,-1.04083820436616,1.5598441842249,0.142740172116082,-0.71001920753175,-3.9165543212298,-1.82994163558037,0.217789070755493,-0.311758756266324,-1.17236630247962
"HHIP",-4.11498986118153,-4.39435927060837,-19.7680698370413,-5.29908449291276,-3.28892452704122,-3.35040035893865,-1.33159399909709,-4.20679894188552,-4.75396216584139,-1.08519670536257,-20.6189033957658,-4.15536431759432,-3.25508803713054,-2.15276632067123,-3.76190384314942
"KDR",-0.645753227913389,-0.54471250162368,0.282119500049503,0.179676648144941,1.74176466322604,2.2007522933884,0.608468631838092,3.0847684275209,2.22796898147691,0.629557126183777,-1.96760570935033,-0.0580012975521768,1.77289067903267,1.60500118258869,-0.521951815383296
"MMRN1",-3.73080403574048,-4.91524776096001,-2.18389349481452,-3.59914208991282,-0.226066108656717,0.119396020771389,0.136532656848752,0.278817403074722,-0.69173233269255,-0.610016959182353,-2.49078859987003,-1.70444623026449,-2.40076600884365,-1.21905836137631,-3.93584557604676
"MMRN2",-0.574796385367002,-0.814727142786845,0.807429115894739,0.321293169375513,1.68385362652743,0.849350801419883,1.05016035564729,2.70453780466922,2.01416958760437,1.6918467894127,-0.0390227881718276,3.84506847149869,1.78635380146524,1.3229203277865,-0.198987069674611
"MYCT1",-1.13877827502311,-0.562228955373211,-1.09283243353198,-0.658638132722338,0.28093256556908,0.145794822221385,0.526659794824529,0.859524350488423,0.503338557388811,0.571657395945728,-2.05673727014143,-0.111592225831239,0.286892973108885,0.0809714068726069,-2.27312694105949
"PALMD",1.04695197843759,-1.41942611323713,1.82756297432606,3.52848380438558,0.786303611457549,-0.247405532615875,1.72646068885546,0.835786668183421,0.36109457017632,2.12583622022037,1.85137526628583,0.00797047264656959,0.0724488500696924,0.440697113373376,-1.38252095645877
"PEAR1",-1.7725053491407,-2.79557878645368,-1.26088120413176,-1.44347346801709,0.241144594192824,0.940587749231472,-1.5976882093054,1.76159590876044,-0.0825056114263557,-0.515529790628085,-4.85184213431701,2.14413449535521,0.029205494943641,0.626055924694917,-0.840580065339361
"PGF",-0.248109575011246,1.9881756777934,1.16188123456342,1.46128232688917,1.99148103055023,2.43936249813643,0.607995427784726,2.52605127880882,2.64100954273214,3.66119092609553,2.41017554884463,0.0654758070254809,0.448277233867487,0.315763290509561,1.14795137101573
"PLXNA2",-1.18140790422454,0.234366425641825,-1.55766262970847,0.66007064670597,0.213104608573963,0.940482511061251,0.217491308562359,0.336523340944996,0.686415363641972,0.195297197615096,-2.18333640263672,-0.559379420819188,2.16927083140069,1.10063458853861,0.739744432265072
"PTPRB",-1.67554881927415,-2.45105445267368,-0.907370371476773,-2.12876193747576,0.503562451935674,0.86645700366326,-0.0315213856731859,1.77079099643076,-0.197110320814496,-0.0801763667958487,-3.65105151084206,-0.245437407970327,0.70867283586158,0.0611678913306207,-0.32907991936036
"ROBO4",-0.0609961449293685,-0.536647485239597,-0.472629342859591,0.405306235885735,0.880278026346818,0.353583009356797,0.258422440311978,1.65920759825221,1.50751558647923,1.38067958491002,-1.09036973261772,-0.183257771655055,0.549817005512973,0.731739354151463,-1.11274925735186
"SDPR",2.16471227538469,-0.186181465906624,1.44960363142349,-1.12671595245839,1.96442820668628,2.1557039049224,0.993029397222278,1.09802871315796,2.36374860034082,-0.0364770471731367,-1.78493029015873,0.407026374159335,0.252694191461467,1.27882334888773,1.09101597848136
"SHANK3",-1.96246877163674,-3.44818417904508,-0.377446297856535,-0.731086584242445,0.343225874898689,-0.0555972929647943,-0.114094576080321,1.45760479751661,0.255150213869466,0.38090672732423,1.0190257706782,-0.655375993956874,1.24003339628164,-0.501994283784602,-0.200014191347562
"SHE",-2.92780911561474,-1.78946151202162,-2.71049128434103,-2.61159662361103,-1.04839131833482,-1.19261210243261,-1.26146560690126,-0.0922955692581738,-1.02625208357909,-1.575129495104,-3.03814852540292,-1.52441700620237,-0.359601184513374,-1.25434788543808,-2.8678575117524
"TEK",-1.9639932990558,-1.41485284613116,-1.66385374610236,-1.5793397478802,0.896899560709718,0.552121268867863,0.574895922365505,1.46932858207993,0.837684946091505,-0.741085556700338,-5.67628914349603,-0.954023107210924,0.228911020023984,0.110349878823844,-1.73588878382819
"TIE1",-0.131362220773765,-0.180017972514966,0.511113773921053,0.373509015518007,1.87839969306865,1.4623926604189,0.616734084956271,2.66385465341299,1.84344926468297,2.02740179434502,-1.31026787225359,0.149116259705712,1.84080561300515,0.695726622620963,-0.199997619065527
"VEPH1",3.50945516157953,3.35345033307765,1.5627772672302,-2.37269200344277,3.77990054232337,2.35533206594029,0.170360950070195,3.16003436219545,3.55313928952177,1.90839406196683,1.90435692318419,2.32333259597614,0.510587276135548,4.8606450323678,0.873561245984387
"VWF",-3.08371598254074,-0.537711004371995,1.49449241554241,-0.377643093788089,2.78853537855132,0.262180558646559,1.33106311159177,3.41922874616108,2.44718507936436,2.83603520194524,1.66862747389567,-1.05102544572023,-0.382569856083802,2.41794970369917,-0.265878740007037
"COL1A1",6.82814918112429,6.92614178275293,3.65277328451078,6.82648493104337,8.86404682188249,8.01820574368211,4.79386987843851,9.44246044380386,6.43251517583318,10.1539193085378,1.64253523071019,4.9454016961913,6.2545864848876,5.42426036542733,7.50019655485901
"COL3A1",6.43888331737595,5.13996056954546,3.92572414126785,6.79301147974113,8.63897523992225,8.25599161914193,5.90967231354226,9.09229730768774,6.57037033083472,9.62103901434091,0.875284665828803,5.77675937032913,5.8948977761082,5.54451011511296,7.51910153107513
"COL6A1",2.3534870319926,3.58091728866321,3.95574986118441,6.56503656042457,4.65981612392486,4.8917156671532,3.86776799912577,5.13586316536868,4.24431625989121,8.7387104250406,0.616969277575251,6.58320163917215,5.84497811701622,3.55679724659274,4.22422553993839
"COL6A2",3.56005458698727,3.68791171696721,5.05987871341895,7.12520680285543,5.25305892706917,5.67293161080269,4.51725049307611,6.53366612723117,4.76718865405582,9.41669198643473,1.19519009026585,6.40213548526578,6.14199878727585,5.6189609970846,5.23365035167699
"DCN",5.60663469307965,5.71259027816712,2.71096839208965,4.73822199498042,7.71036563852617,6.33337900662312,7.1333888497749,7.63481830899643,6.49901988709913,9.27300994392555,0.602456880180429,4.72306702220563,4.48155082279333,5.26631056018421,4.25538742804151
"GREM1",-0.132783541574758,0.0782409166404001,-2.27494120440073,1.42419652839723,1.67505713144885,2.53894782092175,-0.276083266510008,3.88508622529017,1.28723586525277,4.39423287406486,2.14148510893046,0.0156260189140609,-1.02318181279492,-0.410071643002742,1.71710937704102
"PAMR1",0.946498812705294,-0.182529000893043,-3.61481505648742,-0.145843131183122,2.87334665809621,-0.0562016686758623,0.799510103006705,0.603454249761035,1.58246929419562,1.65816120181082,-1.93172817805279,-0.792826801710138,0.0280315774309998,0.100022260611637,-2.75266061854581
"TAGLN",5.18988779892039,4.78241904959161,5.24720978398626,6.41166859542492,6.26462274992016,7.31266517355839,6.08954687826153,7.63914532104648,6.36451290238881,9.1367399639086,3.18772974755417,5.63113048119048,4.81700921407127,5.02101770674971,5.73249714684889
