0,1634,933,923,7075,5362,1906,3034,55423,2323,55350,660,973,80714,22797,1955,83937,1277,921,7450,10578,8942,11126,1380,5228,7010,80177,79843,3802,5787,79689,3791,10462,79368,3824,83888,57520,22915,94,7090,1291,1292,7941,79742,51312,25891,90952,6876,55024,654,925,54538,1193,931,3772,909,910,913,917,255877,64123,2215,3577,8320,50852,1493,29851,51705,64399,11082,26585,915,762,3811,5729,8436,1281,126669,1084,8862,4118,926,387357,79812,8794,161198,930,940,1003,3579,1436,8302,55803,4051,2359,375033,3805,9437,5079,9895,79674,117157,3823,3514,8718,100506915,3804,85358,645638
TCGA-ZU-A8S4-01A,8.84041657061,0.192912249851,1.64228537564,6.16705531143,10.0923762392,2.58982783662,0.312377067022,5.81905219628,1.2278807685,0.19383871962,0.083025627635,0.759516011048,1.20407315078,0.986429748712,4.21698473649,15.6304356585,329.102326765,1.78651251327,4.01772765634,1.26755179449,5.00091093353,0.041067473634,0.0238454361457,1.65290628,0.761212821011,3.16777568948,0.210534796854,0.0139169600444,1.17910778849,0.387419950057,3.51371778431,0.566148022221,0.00460596898268,0.22086896885,0.0559127786745,1.09032561629,1.7166203979,3.4714365728,2.34740143174,68.1599410631,152.79296586,6.70392192482,2.28809734159,7.2633309722,3.61848166416,7.94650792806,179.351740376,0.739406456267,2.6146263409,22.1366291464,4.18371957592,3.37970434476,0.0334726883827,0.82142968259,0.94477301752,0.116902464373,0.200927295131,2.41108067581,4.01157884956,4.29346306333,2.82020198326,0.543097059741,2.58076624763,0.9492049386,1.37364334401,0.519668232797,1.28859954667,0.509392550455,95.8504777278,1.93157991507,19.3347472004,0.0576658195901,0.00460596898268,0.0998552207343,5.56992169102,190.675491069,0.449876738733,0.143715204926,1.13395650978,0.447711565685,6.6491412408,0.794768552754,2.63368684701,2.085635395,6.4947941704,0.0773415418773,0.44829419954,5.91397162247,0.576836672594,22.4150432854,0.17535369656,5.90190441564,0.485022681904,10.6483722013,2.62881057059,0.41891341331,0.123069155385,0.00460596898268,3.61470791374,5.04400829895,0.0249878345882,0.0608806388007,71.5635778334,2.54494951428,0.00460596898268,0.0636778359237,4.13752062179,0.296776956871
TCGA-W5-AA30-01A,30.770173714,1.98878620915,1.62306331984,6.51793729171,3.66724954557,16.0479345031,0.366885663986,1.34530996454,0.606754546455,0.131704335804,0.426680061007,26.6395738371,1.19899513138,0.665904457508,3.42915292893,10.5905523586,152.100217109,1.59404585302,28.8208288889,2.59598935033,2.70928132016,0.916102084765,1.34799455098,7.3683979023,2.92775337179,5.15197488134,1.25492581669,0.0412622088222,1.87620756014,0.839481381445,9.06773132589,2.78828248049,0.47341409695,0.382327414335,0.460486250456,1.75965830028,1.62967003337,6.76110764559,5.68227057512,48.1299918711,54.8248808216,0.98870443706,4.23825514743,5.28482440379,5.73372732253,19.8860671858,58.8275005689,1.03054784241,1.77237513665,3.98522085219,7.95522244141,3.16178939574,0.836474408156,4.56083986754,0.900760318163,0.363107437636,1.98575550583,0.888320712559,7.829213977,8.80629361873,0.404592540264,0.166574608284,0.598279455598,0.282339275398,1.09691300227,0.243735633512,3.90398890574,0.0915327978379,17.3857053744,1.84749378863,6.36948150523,0.151975660217,0.00810144705236,0.736352889783,13.7119086347,192.44620285,1.00105706621,0.164459375163,16.8246302429,0.458273893728,1.40813928519,0.272508688481,7.49779356058,4.26278700422,14.553965525,1.07860113995,0.589158457595,11.6201068225,0.206655853656,9.35097297568,0.0495146505867,5.49513592211,11.8107650928,5.08328977776,6.62417381985,0.0534206787072,0.0973029583637,0.0912782131516,2.27446054014,2.06916693255,0.255185444479,0.0200560213613,3546.53844046,5.04207762751,0.0651408018907,0.107884322637,7.32268879833,3.07968511452
TCGA-W5-AA39-01A,2.36036739133,0.0733933129254,0.158061085343,2.11586320809,1.99538901655,0.426163163185,34.9899695619,4.55322521845,0.357366894656,6.38592429642,0.0402734688442,0.0250626199993,0.0884944037407,0.0479361749709,10.6045325443,19.0828787128,34.5923653869,0.152033074252,1.17817951152,0.555591708834,1.15575702522,0.426872400819,0.00771118072855,1.16886729351,0.47037400032,0.820515438512,0.159569829959,0.0450049197837,0.929941776328,0.23448983994,1.94995912866,0.411934460183,0.00403612106064,0.0562742509959,0.753382357179,0.724177809453,0.485391536839,3.48289859569,1.24927658563,48.3642426563,20.6879410744,0.27889277783,0.896883758546,4.41099035687,0.331542844215,5.46976231924,5.76048036699,0.0122620826364,0.216800678325,0.207314902911,2.09421656233,0.742771338064,0.038658782696,0.0232334197321,0.00403612106064,0.00403612106064,0.00403612106064,0.0392795806663,3.16134604487,1.96515953673,0.147097108463,0.10598224478,0.0309101076523,0.0298015172935,0.071073807281,0.0142416324608,0.747203558522,0.065516935153,0.866599371894,0.00515803339161,0.283836194847,0.0310801302467,0.0132544397815,0.0372592659337,2.95146696139,41.1036388089,5.34623897583,0.00403612106064,1.26934936935,3.92979129345,0.202087542162,0.0524517770141,2.01975397594,1.57851541504,4.71902491043,0.0694745810752,0.0308447229142,3.2421176456,0.0466346243998,1.57960191371,0.00403612106064,0.673021572413,26.471233335,0.570744209984,2.69065127564,0.0873993453804,0.0397983284299,0.00403612106064,1.38087985331,0.0919600069794,0.188547604585,0.00403612106064,4.37277871649,4.29762523812,0.0096885591201,0.0441262606704,3.97660573508,0.0342758124285
TCGA-W5-AA34-01A,4.15982895517,1.17492415632,0.652482918661,1.1789781339,1.61947305116,5.79418241894,0.705380539516,0.511825629654,1.0944055904,0.328810772554,0.0166918274497,0.218137641229,1.42125616928,0.197774210501,6.83446318357,20.4644427761,97.7600962844,0.67616670407,0.583719197689,3.86856489401,0.924769918681,0.0471793178785,0.0671158392563,0.773812626744,0.229068843675,0.997030948726,0.0925899109763,0.0279792519856,0.550761435695,0.0478993846131,0.894240853962,0.52167876272,0.00926003713402,0.0201838375476,0.112409442777,0.195585817418,0.0807539100411,4.54897670631,3.60343710027,18.8295810005,13.1746120968,0.913164895875,0.700468067901,3.12171798556,0.836596292997,4.29876293726,18.4024904725,0.156276691144,2.95681313061,0.670208565449,0.872413207013,0.700909817787,0.00961356071918,0.180550734313,23.4744989737,1.34300409531,3.78440021455,0.274723286245,1.35488552017,1.34124299694,1.35649750613,0.705947565673,0.0384332066388,0.0926370012339,1.12674559388,0.203640294886,0.522597781365,0.00581877602582,2.1550356995,0.662186485391,2.57126012811,0.251189967702,0.0329607796086,0.0463276635251,2.07424258247,66.0920541852,0.13039637411,0.159672503945,0.803759666244,0.241097809663,0.15076373763,0.0380437311171,1.20737238954,1.85564794426,3.59492042406,0.0431918736849,0.0958797703661,1.32151366851,0.391397781258,10.7704802441,0.025181326787,2.03585990808,0.327701020611,1.43620770744,0.842732034082,0.203758415707,0.0865982236574,0.00250922896303,0.965794045601,2.53695912076,0.0753549178432,0.00250922896303,5.54623124814,2.10397119372,0.018069933574,0.0274329956016,1.53611160066,2.59970276365
TCGA-ZH-A8Y5-01A,13.6499518754,1.37227826402,0.158186270724,1.94840473712,5.70720258403,3.19277337652,0.121113253764,0.576316315236,0.507418510942,0.0197623379333,0.0162521635834,0.161822385505,1.83914166584,0.0369302402944,5.66001767917,25.2107917814,281.145388311,0.117985022806,4.67110006258,0.0647707225166,0.128691895478,0.66990891695,0.0062236193811,2.23861877173,0.88264976158,0.882973432193,0.772723598108,0.009080758864,4.94650204105,0.148699949953,1.21677526114,0.0246272828487,0.00300537570944,0.0366840952775,0.0243219045413,0.831202812386,0.513143630296,2.1504858554,3.45197206591,46.5111472302,67.4062437524,0.502704715039,1.21700005982,5.78417700366,0.940482653601,10.2555975913,88.5720620607,0.329062225748,0.535869299697,0.376474169084,1.36817197272,0.497785458262,0.00312011295943,0.176576326915,0.00725247630646,0.0108969106368,0.00690022257754,0.0317021696316,2.0856881324,2.48684060823,0.15829420463,0.0916470478597,0.0124736244571,0.00601312908953,0.229451929635,0.00162875713472,0.47838954908,0.0503600806305,1.77112199118,0.65046857192,0.392711052874,8.06465791052,0.00162875713472,0.080190915072,2.07139168438,239.453899605,0.221507690038,0.0246772570427,1.20471212042,0.104332123118,0.0244654350939,0.0105833304746,2.10035194588,1.23346801602,4.36522933844,0.0224289049625,0.136919626384,3.27848847216,0.0988006800077,1.12437459113,0.0163453659552,1.97818156936,0.718554560361,0.81709139986,2.75985444841,0.0264521873637,0.00162875713472,0.00162875713472,1.89366917152,8.04127661016,0.0326089174222,0.00162875713472,17.9650431271,3.52288944033,0.00781954235511,0.00162875713472,3.62544821215,0.0276636766849
TCGA-W5-AA2H-01A,9.9374665903,116.317811692,33.1183713486,5.50640446393,0.655214965631,5.57386163225,0.159063316112,33.3718357951,9.91357856045,0.226130671804,1.31269750934,647.040618674,10.486139346,2.77869365819,1.22251353226,15.3406070144,33.511865723,32.0992895402,23.8291114402,12.3830641706,1.03770851357,1.27542562715,99.5265253858,11.9659278091,1.82063358514,4.20413400069,0.426202429205,0.137523492055,1.24361258783,0.898519427416,1.99027847217,7.91520385379,24.3150669559,1.33746416141,0.491123894827,0.376878514077,3.22643590163,10.9422858512,19.228057017,47.9894441496,70.3218946372,7.2218160744,3.3420664346,7.284170528,0.476757599172,8.22569451418,67.3344087679,32.5612384495,0.855712721428,15.2462615259,4.83000180941,11.2945525989,196.166252763,0.0999194121963,1.34242874401,1.88865595756,3.0072885639,12.2762302634,2.20521891376,3.82929036228,0.0166478161551,0.0411243882995,2.34384266684,5.14015811602,20.1497863689,5.8992118747,1.54169001889,0.00635564921043,0.256268266086,5.9649002186,202.73508912,0.327128900656,0.0720038550943,2.63131002009,7.73956148134,33.9092831326,0.924263440859,0.141184831779,0.0558675777397,33.4972114265,11.2527269358,2.05394798206,4.39750315934,0.272846608237,8.58663440954,164.534505986,7.24705167222,5.25978998214,0.0475011504592,12.6332587972,0.0550093968221,3.50607891585,0.034920640986,1.46721491848,1.07775643738,0.578651630724,1.39179876429,18.3739519208,1.49103954909,0.0234171829621,1.05170807832,0.0891267230741,3352.56692338,25.9058035386,14.046284447,0.0499401982082,4.71785822845,11.0556874641
TCGA-ZH-A8Y2-01A,12.7421285113,0.409888164407,0.383992819176,3.77914637301,2.76307185031,7.50230928563,0.0817625730205,0.387063911273,0.508197053804,0.013674928522,0.534184814761,0.192458924168,0.339779674657,0.672329031472,2.88522535654,24.8351788949,101.505075359,0.636807584204,3.61642308784,0.655051934981,0.502031489547,0.509911946909,0.00281762429527,0.674844648575,1.79508410315,1.72708931419,0.445584087225,0.00281762429527,2.05065812674,0.100557240067,4.95351181,2.06626009893,0.0103981366341,0.0438180727927,0.126225060229,0.77075655277,0.477257487255,4.38803222771,6.33797867523,9.40053438446,16.5271006961,1.36286929542,1.26397242231,2.01414727259,2.67529816367,5.76370138032,15.3404105301,0.620613394274,12.8079085394,0.600616859235,1.9144044397,2.39820206861,0.0323853294923,0.183818704075,2.97345531909,0.414717939821,3.89141413552,0.28106683771,1.8882283764,2.6095578797,0.342295965476,0.0951253970778,0.0791208323372,0.124826997853,0.285296421508,0.119305349933,1.53979486499,0.204729785447,0.370790993252,0.430299611386,1.58517298458,0.52073044649,0.00281762429527,0.147394358164,11.1898183619,114.654584146,0.560767652955,0.13660720804,0.377428027206,0.126340571609,3.99249955794,0.0610278197905,4.50606584526,1.01180405422,9.11749166851,0.0776005534422,0.0915142453043,4.9317672561,0.276723669645,13.8708296384,0.0282762231696,3.35898910276,23.7030989807,3.55747937604,1.31722203449,0.0457602451527,0.00281762429527,0.00281762429527,3.12737920964,2.0021585118,0.112821827162,0.183253571761,16.5382290452,1.04704299577,0.00281762429527,0.0205364213571,3.20994871475,18.5920669923
TCGA-3X-AAVE-01A,11.7994435465,4.24030058206,3.76631708489,3.05265399884,1.82405178599,8.53663195488,0.106695862808,3.23688672077,1.27496486788,0.571042028093,0.323284926407,16.6135418401,0.990773764278,1.13781586084,4.52575662773,21.605945735,117.390918671,4.06143361751,8.56002496601,2.64462450777,3.67439518088,0.264510133692,7.91173634737,1.36937898884,1.72395374179,1.78055476629,0.323597260422,0.0142604776378,1.38878733823,0.447932445386,2.97113258055,2.28181504152,0.556919863336,0.434810189745,0.381952633051,0.599998473169,1.0094710016,3.13083693511,3.10446105798,50.2550441765,65.8231822485,2.69827100718,1.38543086765,6.54305441883,1.70558708779,6.6302137287,39.351993739,1.3987523183,3.63232832241,9.3937855198,2.03996811872,2.45444913845,5.2869315869,1.55580521018,1.56033846398,0.342251463308,2.6873653256,2.39591637977,2.08532337391,3.15406023182,1.88770114366,0.585287143693,1.14920102942,0.566583217541,3.11912969797,1.3628272115,1.36593779701,0.0296571636148,1.29325334939,1.26992843643,13.2593890376,1.26056974604,0.159594916168,0.220381506047,3.03852841793,117.814526202,0.582589758386,0.147262581737,0.543731322401,0.704528278192,3.04803938661,0.808846084148,4.19797021234,2.84645652726,6.21283782257,3.01152251253,0.757454684275,4.43303614842,0.672347756261,17.3421029033,0.179682018237,4.59616335105,1.80466101154,7.31145800551,1.70946250778,1.02466991175,0.226992452289,1.0026614711,2.65075290148,5.43076151853,0.153627712615,0.062383378656,223.696035091,2.42498002735,0.325416177207,0.0932137429352,3.02283103287,2.19388170713
TCGA-W5-AA38-01A,1.96756077239,6.2099873974,0.59336693082,1.56787616015,1.19287807912,0.304315804437,0.0429372349134,1.21219742802,0.458058525685,0.373428905517,0.0629950137888,0.102906525353,0.674803870298,0.250504292743,2.45232697037,22.5382966994,43.3381459846,0.397869935738,2.05623612266,0.76041547495,0.242297256232,0.0500779425278,0.00183000671579,2.86107461233,0.515025207425,1.14488239953,0.124798085775,0.013199224066,0.319079578335,0.0275088497296,1.66978303465,0.787526972703,0.00183000671579,0.0203130324858,0.0530292026074,0.266357679343,0.0641611646792,2.28407858453,3.61495969175,38.5461661289,30.9156509817,1.7122377446,0.812141185766,1.32350614093,0.297428438129,7.37777861618,20.0873319808,0.00719254592657,1.06503494445,0.55937977434,1.63367845371,0.505706891062,0.00453520137242,0.0204419726334,0.0210834934031,0.00183000671579,0.120356792118,0.13248084593,1.34907358566,1.81675512193,0.445792732625,0.301948165972,0.0362617632709,0.0262209269222,0.114646467901,0.0835368661112,0.476214309129,0.00183000671579,1.75452216419,0.189096099945,1.66489243923,0.0273459171862,0.00777463092414,0.0364251584016,4.23571234825,32.4798351016,0.133499651156,0.0502170479237,2.04064534215,0.0606602637925,0.284491430297,0.0256387805598,2.35701914476,9.39374446188,4.05457805556,0.0163006278764,0.18092529037,2.41230186007,0.280382403139,39.5968880856,0.00183000671579,3.12872295384,4.41532965396,3.13258727524,2.11365643304,0.0128164159434,0.0116722139918,0.00236745966853,1.66234268617,14.7123537902,0.0394985718384,0.00183000671579,3.49201625562,1.07714157925,0.00568299925062,0.00862768492246,6.03736226868,4.74480278107
TCGA-ZH-A8Y6-01A,3.74705152941,0.0850218742278,0.178919305568,5.36970617779,8.78973964739,1.11309142941,0.694138978704,0.00834155924826,0.1774237342,0.286896717172,0.119968626166,0.17420150478,0.197708671705,0.131976900267,45.747786362,7.30633664079,123.846172736,0.116124034987,1.2958597441,0.416820962554,0.0255024215926,0.141287654253,0.00765681712778,4.18766701429,2.81791585937,2.99351857419,0.850320787736,0.00369746457782,3.03894211918,0.498935771488,8.3633600513,1.82548723213,0.00369746457782,0.0322370302826,0.164575627345,4.7874306403,0.0712771855765,5.19864840164,7.28294578964,46.4306674988,67.852098326,0.553853183651,2.9193694718,6.17271084071,23.3881126215,15.6723443381,43.0565776044,0.0213073617907,0.127817892395,0.174975338023,5.54697915413,1.11947249714,0.0230317436387,0.499841870579,0.00892260297453,0.00369746457782,0.19525231239,147.547065657,6.08566819406,7.15832077593,0.0365150195274,0.0375839546515,0.102307307629,0.0221935630949,0.23818299412,0.00369746457782,2.99627917243,0.117718648619,8.01504678626,0.00768250410842,107.54024382,0.185166097372,0.00369746457782,0.0246643927921,14.5722105915,100.766079809,0.928331249224,0.00369746457782,5.52008734463,0.00369746457782,0.0300994246265,0.0434016612546,16.2755237016,5.56422359117,13.3808030012,0.00369746457782,0.179935202503,12.9522010804,0.0231529258243,4.25518953177,0.00369746457782,1.7903833399,11.8242456429,1.23464104536,2.37069527307,0.00369746457782,0.0296383135255,0.00369746457782,7.10683425258,1.8547687355,0.060177326604,0.00369746457782,0.366188617741,2.21958289002,0.0288607651769,0.00369746457782,5.05989025599,0.0340341689438
TCGA-W5-AA2U-01A,15.2954209204,2.65396731172,1.18469402783,5.46334468836,1.28645033108,5.66470648906,0.0561485888374,1.11385934806,0.848460362022,0.112691356536,1.12534155478,2.08720544625,0.509096660809,0.386794997203,4.00123076702,11.4567072387,172.364716304,1.15976084416,14.2648972548,0.378814340422,0.959226631545,0.166314717794,0.312642304776,1.7620020226,3.50920917756,3.58962084651,0.915070000215,0.0123289229458,2.85409564087,1.43892180852,5.82326212523,1.01145105644,0.069366644759,0.180249930229,0.0825544680449,1.18055751262,2.03764204249,7.22351595393,6.00993129526,33.6058334265,39.9590601918,1.79289071766,2.46004943839,5.88733839869,1.21277920309,10.8564779895,35.4181219171,0.262013692525,0.556797221526,1.53909334343,2.40925701212,2.52169017708,0.440561611077,2.09398797184,0.0984666842139,0.0887682452096,0.262315604319,0.586446625189,3.11962630789,5.81649711062,0.19476729363,0.157610017369,0.259676253424,0.522496633196,0.769080539569,0.616427502415,2.76336241501,0.0256401569628,1.06447783472,1.28161205184,3.35460836243,0.280971271192,0.0145240091564,0.224554685582,46.524773374,161.248475354,0.960902320272,0.0469059477528,0.392809871353,0.269137764731,0.465033215918,0.330486092777,7.47153532971,6.39993685605,12.3176218863,0.296903748963,0.460513665143,8.65356614135,0.172467551626,27.2216587021,0.0221920613024,3.65991474999,0.996711367607,3.14195396058,1.55256142435,0.143656266899,0.0654155848216,0.11277932793,2.73378100436,13.7926674564,0.169713332591,0.0359557787652,63.8113324095,1.04826053732,0.0424662901466,0.128940988746,4.6703349293,0.507045185899
TCGA-4G-AAZT-01A,11.5841220751,0.264575791514,0.999990082098,3.75034776418,0.824013752825,5.42289070856,0.153381240581,0.397477701953,1.43141452911,0.00662019915146,0.417398130107,0.931717050238,1.53525373305,0.106039598995,1.05515967441,9.24619844736,81.0513712718,0.790477675769,13.2954419682,6.22553894088,0.0925864943146,0.0064118070855,0.0064118070855,4.39871259889,0.959103590948,2.10916923104,0.431425347696,0.136888634067,1.18184348832,0.319256675593,1.54582020385,4.56838787763,0.0201354574429,0.115573522695,0.203690287492,0.647966857666,0.281876305286,5.18319035136,4.06284252398,44.7085503755,63.4688497927,0.351883517385,2.26954021964,4.37845361446,2.63642619068,11.8761203581,67.4200811165,0.0455849845868,5.50440030498,1.25414699577,3.81937390346,1.48823009347,0.0313562634686,7.63472153339,0.0850329205895,0.127762725129,0.855258810396,0.278773203684,2.4104670427,4.19421806893,0.240278975646,0.0064118070855,0.111427947206,0.0302151336272,0.240200810722,0.0385047802442,2.68550278903,0.149722652103,0.944760146067,0.125510926156,6.16661930647,1.54406313229,0.134383986294,0.100737036346,2.95694711248,61.8308133005,0.603276529712,0.0495999076685,0.436933143996,0.332027750716,0.751271848985,0.0590886190218,4.50131095578,1.24154079995,20.0141206612,0.0563510570339,0.109454862777,3.59834650543,0.0394015566953,6.22321083169,0.0064118070855,1.30361783995,1.38168753034,2.06666281952,0.73206952331,0.191993455438,0.161402763464,0.0109123694146,1.44617065262,0.823587521901,0.0910306969485,0.0064118070855,185.992023002,1.72861206205,0.0654868465445,0.0497096562603,2.01504476225,0.602359812875
TCGA-W5-AA31-01A,13.1741095292,0.331395722197,0.566463820407,5.03461312465,1.72714065452,6.8617632203,4.39105543597,0.18637648675,0.327526526177,0.735456124842,0.257737865949,0.438407784816,0.528581275174,0.503857716213,3.80221782316,14.5915521934,406.449473485,0.513925161551,3.2340748657,0.416138852081,0.755172598085,0.129510050417,0.00657989265874,5.24301397315,2.18744799867,3.48478607164,0.503791033015,0.0288017702849,1.64007285954,1.2634154586,6.72487053809,1.62731751914,0.0158870974881,0.0544824110159,0.167142433317,1.35489954036,0.262509056934,3.66389377064,3.10640565569,124.865328681,118.461584926,5.37035022382,1.6143135086,2.31986646313,2.42963771325,10.8041555783,73.8988424834,0.0706262160014,6.46902265088,0.437828121651,2.85413954015,1.75993014497,0.0428834239833,0.221378080566,8.47274978052,0.368662659647,1.92594025611,0.205291450242,4.50939694807,4.40630337991,1.12965173085,0.432790588373,0.101105557942,0.114432349977,0.128874336284,0.078989807806,2.31123906456,0.243586547198,5.54000715541,2.659492288,2.28355564274,21.5213386388,0.0113099140176,0.185459470381,1.8813826558,336.276859822,0.891056687511,0.229591254557,1.22854602672,0.364005352111,0.120707848426,0.0857836899133,4.60086411691,3.36121596671,8.14557768152,0.0829949942699,0.200686726092,7.34138412093,0.452645091776,10.8546608857,0.0345621243419,2.06999475108,8.23315806017,6.99789505682,1.68270046061,0.0279664521212,0.0339596150427,0.0120539713632,3.12556295499,3.04066537924,0.0402215640804,0.00627543452518,55.8864716745,1.05419772064,0.024801524412,0.00627543452518,3.80927461786,1.55010655943
TCGA-W5-AA2W-01A,5.0376752822,17.9551660254,1.19610946067,1.95553848706,11.8075558478,0.136734347509,0.16696731033,1.27369414155,0.719237692692,0.0919900959394,0.0270181683879,0.302646628728,0.227577466904,0.321588302275,4.46997249248,14.9717509211,166.970259113,1.22392889966,4.57217474523,2.61738247972,0.275683565441,0.178188823462,0.0827709101291,1.72090294541,0.48385669134,1.13427561579,0.135596971612,0.0150961729383,0.736824456298,0.107870848194,2.01473490268,0.337765405209,0.0103739710586,0.0813132404006,0.242601537588,0.467907616783,0.0229319360243,3.9561138632,5.9647065548,21.2885535725,22.4182708758,1.24733432867,1.27107080396,5.27319122965,1.15789952091,5.26190549564,44.5484325017,0.074036113766,0.345430846386,3.83167788053,1.72473722159,0.783044868976,0.0103739710586,0.0519551675551,0.0241135434149,0.0103739710586,0.0802982090293,0.816893429054,1.76255500049,2.22115338379,0.172694716393,0.0103739710586,0.490766011601,0.389861054768,0.381448958472,0.305736027206,0.54465425622,0.0146510646423,5.44803236467,1.30282473672,4.24356833779,0.0103739710586,0.0266759255793,0.0333280494544,1.15828647811,120.385061674,0.218550234026,0.0164097360382,4.3209062207,2.39354639865,1.69467499321,0.299099714188,1.89508762646,7.09513226994,3.02092599831,0.0186433002573,0.227620002855,3.02134784965,0.023464246517,4.97962694647,0.027173111289,1.65103824192,0.0948740370262,4.03861836939,2.46769195106,0.0439750466916,0.0133497060215,0.100185016549,2.15438989759,14.7407702389,0.0271051056476,0.022013060539,36.5928698402,1.38674415575,0.0649974112623,0.0197352545871,2.96946885378,0.229945345758
TCGA-W5-AA2O-01A,5.02592540054,7.2217332651,0.161690458174,1.60761038793,2.88142291554,2.08034881725,3.05918720847,0.282962699295,0.470588157436,0.494853644165,0.100483467462,0.140696911027,0.643988602154,0.23376782001,6.692999865,2.05447763456,65.0451892996,0.342853168161,0.348228578364,0.446670036121,2.91835771211,0.124256879116,0.0144297139047,0.57538948082,0.591688341543,0.728930729141,0.145981488594,0.0140360717691,0.662461662632,0.99668966078,0.897209747532,1.8271793257,0.0139361709024,0.0351014702182,0.0563913219395,0.168466038203,0.0810220142808,0.881114405304,4.71638674867,18.6810106369,13.8072884901,1.95996491604,0.31468371618,2.39664848675,1.0522584666,3.83827919023,15.1523784379,0.294469658023,0.228202292021,0.265094042322,1.0456943319,0.802517345676,0.0241136947264,0.630402576163,0.224202138754,0.11790300286,0.479953375563,0.177631684072,0.940285210325,0.992617305664,0.168213618976,0.132214380217,0.0385608054838,0.0650611902651,0.110832000667,0.0266499631094,0.389888502824,0.443695178421,0.226681257023,0.114216299743,0.607011000425,0.378035883464,0.00917469119151,3.23820922226,1.23703477982,43.2290691053,0.211553748934,0.0686582653484,0.0513181556911,0.0161265505432,0.0630267814953,0.0218114496556,1.41401186903,0.939855365658,2.3734768277,0.0173341085514,0.153916948317,1.65639278693,0.181804272218,8.80373158474,0.00917469119151,2.18046444833,15.180428389,1.13582809342,0.373902677115,0.408869793645,0.0868857311094,0.0125877982114,0.891380302041,7.75445207476,0.134409061946,0.00917469119151,7.61304754233,0.61769463159,0.0120866173567,0.00917469119151,1.43405161427,0.128278712328
TCGA-3X-AAV9-01A,102.937442905,2.50701997678,4.28691606375,10.1786243238,3.84384674667,24.8542735646,0.176213932401,3.10085171143,1.61965948302,0.0654935066833,1.46321269967,49.5228954698,2.02181070769,0.635256707792,4.05148572644,10.9458777557,383.380810825,4.64518745304,52.818672061,4.76366409073,1.21364231048,0.107834209367,0.56204288456,6.1387672392,6.41646086755,6.42605427862,2.02733938466,0.0601882978982,4.5330144814,3.18752033793,6.60406217961,5.69273061567,0.751978885574,0.580367149554,0.141057294954,1.88340480099,5.2617625905,6.13227398345,7.06379039586,119.065768341,150.094584646,8.04400559119,4.78287384039,8.94763654452,17.02510064,23.90348363,198.96388936,1.52100354667,4.46693514983,13.0796011665,5.08575284971,6.35041644789,2.2645105849,3.13306447689,0.384561872831,0.361129787389,1.53213779293,2.83012876719,5.45478987626,14.9618774013,0.270494789497,0.131613518776,1.76376736423,1.13588746219,2.00797530722,0.742807791415,8.4314988912,0.481912656689,0.813145021271,5.04258927895,22.0978193503,0.0207828404871,0.150671937156,0.780661869772,12.9571388156,482.799561154,1.6770651701,0.114494557593,1.1710238995,3.56135439266,6.97286597529,0.683938248419,23.998780497,2.05348715104,25.5221348628,2.18346316029,1.47471802738,13.0372721122,0.187103455305,14.846283228,0.135423670271,3.19729868563,0.649063003965,11.585758804,4.8646729208,0.26299213925,0.159675452744,0.310373117658,4.19544954964,0.718691806434,0.171107347421,0.0438829314816,6856.0985111,3.61309522735,0.213793849826,0.0590132042259,7.58873920828,5.17986296953
TCGA-W5-AA33-01A,33.0909625659,3.36927491043,2.82074341427,4.55881565874,1.17363452365,2.79841959002,0.749744326726,4.41397580505,1.53180965865,0.58943207229,0.613690115453,11.9067676875,2.78231572838,0.622862090041,5.54459155462,19.1169150664,479.09990261,3.98597227559,9.68737892039,0.693009567332,0.76291780049,0.285438900784,2.18199622424,2.57754851845,2.89879277249,2.61140180649,1.47123374605,0.0153396561876,2.33085875349,4.31106952497,4.87913559211,6.90391390364,0.430953962882,0.274286696502,0.226695575003,1.32070548056,2.14416099489,2.98420228083,6.62521620543,84.0859805133,109.186564848,1.72143348016,1.37208430955,3.61198348441,3.09782827905,7.69636254701,45.760042842,1.59650767402,16.638351209,3.60495005971,2.03936508591,4.05252111327,4.13851140894,3.64339856554,0.259991071595,0.515643367458,2.88920300555,1.82404747473,3.16522036726,4.05422720338,2.53230119264,0.937439189853,0.566405056631,1.29337330553,2.05638221156,1.05485799042,2.43628146964,0.258163339099,0.687495500044,2.28632082774,9.17425372879,0.14387888741,0.0153396561876,0.366528263624,10.5241680393,480.844477506,0.826353330366,0.0920030742706,0.319653546896,1.34645753592,1.43836433875,0.875143583097,4.83847381102,5.50546396435,7.384471243,1.69653428786,1.37434527007,6.39110644272,1.12665050786,10.960185835,0.046876669769,1.87169167053,10.4189798107,4.98546573398,2.87350594966,0.0379309479859,0.126663584716,0.76605910995,4.7409427317,12.6648545458,0.17145095879,0.0379750025132,427.355913177,2.55362991632,0.454117738387,0.0153396561876,3.52329577308,1.19004466474
TCGA-3X-AAVC-01A,5.06792666872,0.4220181307,1.29593515572,3.82960000027,3.42453328272,16.3323312215,0.0792303077046,1.67079385111,0.743163443565,0.132514028682,2.18862077671,5.6458117693,0.558738086166,4.29227717188,0.655471027296,2.11256237785,145.583956563,1.80378704723,26.3137969384,3.34086499056,0.117277174145,0.134759859488,0.0417317465146,2.47900363552,1.35234634078,2.82577638033,0.12233877751,0.0761124483736,2.44275423707,1.23503192574,9.02206488857,0.24770301546,0.0403043854733,0.327974505187,0.326175330758,5.05954682028,0.332982982852,5.19761036737,8.90292260695,54.6134210725,48.963581769,2.55327585698,2.34347510241,2.33023487763,2.79033791966,14.2596984819,18.7231259957,3.36779745198,0.568313582144,5.69393163043,4.70300257852,1.79453857151,0.141220461478,12.3247241469,0.0121576563528,0.0365339752193,0.0694029443,1.04294689555,3.75855906163,8.62660691021,0.472664991794,0.112663555012,0.66912335358,0.252002054148,1.89916355615,0.838175028827,2.53706612769,0.0633156726408,20.9532853943,0.687394522792,7.46095347537,48.210604465,0.053798271039,0.126025953093,2.57270918404,95.0868314035,0.467927899052,0.22338509361,3.3075501559,0.297324372796,1.66784260799,0.378481469898,4.64837300847,0.436841960837,8.3742494698,0.291389110727,0.646842070977,8.40596483582,0.0946423313482,4.05166466298,0.109601925658,2.955963935,14.872008735,2.56479181552,1.36397911823,1.40419520474,0.174998320286,0.0382250367531,2.71280533544,0.0699853614402,0.245987160643,0.0887890164303,1401.72470322,10.0290797288,0.157299059972,0.0895517490978,5.58528766829,0.834729861472
TCGA-4G-AAZO-01A,4.2717182182,2.01918233698,0.555337171192,1.90325548028,1.93176946618,1.12241086418,0.0295616179151,0.491926682421,0.855230278517,0.138438455608,0.0542138580867,0.126517037418,0.238252287849,0.536763606737,3.58088214013,0.96270911797,79.5634221999,0.850119076139,1.85927811524,4.57469186213,0.0993992606023,0.287315699681,0.0389263269681,4.69487282549,0.348254931052,1.29280369938,0.118142116895,0.113593254026,0.580586354106,0.138663573087,1.70133983151,0.292664806605,0.00629965569783,0.115814992917,0.0304248171583,0.533369194588,0.186358907276,1.13187563833,3.01924287733,12.4634696903,10.7822817955,2.12117740553,1.03566620907,3.42638636832,0.590696683114,5.17065599821,9.29172517885,0.27854752037,9.09734865568,1.42328533762,1.24372741831,0.508865779936,0.0234181166551,3.80388403256,0.00629965569783,0.00629965569783,0.0517898612544,0.337084131706,1.74805289527,1.95169120557,0.0123758611936,0.00629965569783,0.218449521445,0.135395250408,0.771383925593,0.2012984122,1.14608075315,0.00629965569783,2.54010532861,0.046868299744,2.25156747,0.0156893652838,0.0133817809458,0.263320623279,0.85979082245,82.2265191368,0.301869261581,0.0617386711815,0.284787680109,0.104409118594,0.591684346559,0.052955704035,2.12471773368,8.62036486151,4.1772052671,0.0280568214296,0.358122208106,2.31803278751,0.0353119976303,4.26012412646,0.204467857246,2.1398788068,8.002090349,3.3201685391,6.03132112292,0.838270774372,0.100451720676,0.00814979566009,1.2198782455,1.21276830677,0.421509354624,0.0331280674633,0.93969423624,2.41697915786,0.117379695827,0.0148500669457,2.64763247906,0.380656265629
TCGA-W5-AA2X-01A,3.0516797994,0.0997490962637,0.255876094516,1.97830243791,1.77328670579,3.39125665807,1.78635180356,0.0304467580478,0.239851129807,0.248482278108,0.113526115657,0.514725099238,1.6392769778,0.0552789704768,13.9348530148,1.75195974498,141.61675754,1.61770812619,0.733572212073,0.104409793686,0.232710107533,0.223470463375,0.46579073042,1.51514411957,0.691376913305,1.26160111103,0.257033348557,0.010459148325,0.874667675987,1.22015010584,1.31600951263,0.129021579803,0.013495775315,0.010459148325,0.637108561069,0.618506746569,0.165182411478,1.36342676759,10.0405940545,13.6318848693,21.9849938452,0.42677558385,0.704286674651,10.9063324404,0.418204835582,4.50402089405,17.1830402608,0.159247512823,6.78523891478,0.16279603927,1.05470836926,0.584870786696,0.0513736964268,0.121628455326,0.010459148325,0.0326220461377,0.0309857610273,0.0771116797063,2.1385418526,1.63864043209,2.72483787915,1.47241729347,0.012447416401,0.0180014851116,0.354187710837,0.0258078002053,0.811553506171,0.156416415937,1.24956357061,1.04687152305,0.416378807403,0.103256043313,0.0400314517611,0.0450126155906,3.88979256858,89.9665118904,0.226433560385,0.347218255685,0.425969619614,0.499741983386,4.30907652624,0.01584164111,1.60394784778,1.55159772015,2.73006378176,0.0839316753266,0.023289536521,2.64039465614,0.774660009258,0.742118300604,0.010459148325,0.509686848855,27.0134340526,0.574592858107,1.70756944487,0.0395949138881,0.010459148325,0.053636054643,2.1531801936,0.218720516083,0.0894861097574,0.010459148325,24.4193124805,2.90956928731,0.0234093386636,0.010459148325,2.58823445332,6.37688277685
TCGA-W5-AA2T-01A,8.15896220002,5.72256251974,0.181654545517,1.81364770401,1.7329029712,1.66653350836,0.67210401486,0.0839543716548,0.636567946076,0.0672933799321,0.058694757161,0.125233334165,0.24873208368,0.046272514479,4.56891141293,28.6775683426,169.485080903,0.175311115725,0.355493156292,2.22866386682,0.0828834764028,0.396975635349,0.00382946169536,1.75218490765,0.44559154042,0.885219882117,0.338870049554,0.0140550852188,1.1503616558,0.0146462862244,1.24802150533,2.63965771802,0.00382946169536,0.0865206624914,0.00382946169536,0.522766779788,0.149453256437,1.76461594922,4.7190510425,29.7900727344,24.0043684638,0.348394066973,0.637222426107,3.26050719147,1.07195584455,6.87313883418,30.1175538061,0.00382946169536,1.21872756205,1.29489337679,0.699189029598,1.38352518084,0.00965854378336,0.239442131268,3.1318565511,0.151794920363,0.501963683543,0.104269972669,2.09295100007,1.61435425654,0.10719003488,0.0189133542253,0.0386130404643,0.0372281845827,0.76577673268,0.0355814180057,0.735957824838,0.0350760168803,4.6270696504,0.397882276195,1.29164568942,0.912397685515,0.00827875181431,0.0698166547664,4.59780185386,121.30622752,0.178391850492,0.0305561203328,0.220232879778,0.0161483957833,0.302938360381,0.0273012446696,1.78203935379,4.4008961578,3.41454872691,0.0173575895657,0.0481642019576,1.95805788516,0.00382946169536,2.99184222284,0.00382946169536,1.63756360088,1.24868159319,0.543219917028,1.32319604631,0.0682372756852,0.0248581221936,0.00382946169536,2.31420932244,6.32540596587,0.0672955671255,0.00382946169536,14.6982773703,5.06835413014,0.00605149502476,0.00382946169536,3.28542848762,0.57803616171
TCGA-ZD-A8I3-01A,11.4932945295,5.30052318988,0.40930958412,2.34049625966,0.926528532389,15.899574175,1.95817217982,1.20059574822,1.37423363268,0.849426121014,0.262366788385,0.168376024831,0.837738747593,0.10912283642,3.11962047381,5.02299500643,304.548047926,0.414270316633,4.61188503481,1.74941290053,7.05744020439,0.179600836175,0.00470957784165,2.19181003785,0.627226575671,1.70838770469,0.201410596004,0.0412299063736,1.8953055104,0.0797905933751,2.76413618675,2.61837458873,0.00909699001838,0.0383350002837,0.294480483283,0.748628808968,0.175365532808,5.09881417143,5.0896449485,38.007954712,58.0069416511,0.465576405733,1.61249427579,4.44198976813,1.39955413481,9.47039653537,50.8992825371,0.0337006168308,4.51850112052,0.569775976358,2.16879977002,0.745274110421,0.0283328666952,2.24907274429,0.76833976286,0.0494758876483,0.11487479134,0.119949362651,1.98865236038,2.75918903345,0.38930262393,0.351382208499,0.314637414613,0.0637041195789,0.206188428006,0.0869802939754,0.741572121084,0.104799223671,7.597623786,2.36426385886,1.01534746826,0.711828210287,0.00809510477005,0.18204777651,3.40570007668,194.653258632,0.517852703913,1.02333163073,2.76362583034,0.110531238363,0.0863970033773,0.0480521210973,2.27302468085,16.9852135894,5.03357685365,0.0594039152694,0.131868179566,3.72908348096,0.156650674913,2.14385908039,0.0494758876483,2.51535412804,20.0146851506,1.58520958207,2.1342180143,0.0667235723796,0.0243066959921,0.00986018975955,3.00327179259,4.93192467163,0.0740280978936,0.0400806406907,25.7949286967,1.97884608829,0.0177517652442,0.0269499661341,2.77741904505,0.481478269699
TCGA-ZH-A8Y4-01A,4.08770778404,2.02491833634,0.374169505694,3.19205983613,1.49862778015,1.21035148376,0.768335838802,0.131327431745,0.243860841408,0.229669346312,0.157396348167,0.167913374378,0.601125278105,0.197075793777,1.87336856605,52.6233493081,122.944089834,0.378704349012,4.08843453801,0.468737531818,6.37028757958,0.28599398328,0.322893809736,2.16237756396,1.30870216277,1.520073228,0.778051586684,0.0376902332273,1.29582660749,0.834138991801,2.67467574886,0.366277624972,0.0022534179943,0.116007263475,0.538397443605,1.14998567584,0.530549885585,2.27837459859,3.55568598233,33.5246688657,35.9200798636,2.03460287641,1.18613183086,3.38429333922,0.506315548303,8.10995721183,33.3212452831,0.0273843100792,0.597647791771,0.734990662599,2.2547258931,1.16263752539,0.0172669541386,0.951244455382,0.0200678913557,0.0150760932909,0.143198934232,0.208337775118,2.95292160678,3.36903879488,1.04710900473,0.693148839046,0.149565072117,0.0582349885228,0.05952212304,0.0159025709949,0.858414291462,0.0383207970099,2.66888806982,0.42764970504,0.860262330841,0.00867621705479,0.0022534179943,0.117879839233,2.19495125347,97.9209856505,0.376223631236,0.0409697730016,1.01054512377,0.230952918499,0.0902624469563,0.0341652473859,3.20553525768,6.37744590937,4.93540885528,0.0155154187686,0.0947155175226,5.09579274175,0.514224964755,37.0484675554,0.0022534179943,2.80415335211,1.22023738018,2.03331466008,4.17200211654,0.0487961720204,0.0111099578134,0.0022534179943,1.70329007961,9.92513692181,0.0827109944758,0.0183198171958,17.6975412607,0.815909857428,0.0216369857416,0.0492725110679,3.72382537705,0.708055100282
TCGA-ZH-A8Y1-01A,13.3747036782,0.981923105546,0.551158052709,3.92446928956,8.06593274085,7.92817679278,0.218026601243,0.756748364698,0.615375905934,0.654596919699,0.234055572205,0.072827670837,0.600015602879,0.253262353697,4.20598879055,15.6899193561,234.01406403,0.526740091169,5.86750207124,0.672689216249,1.18944448565,0.124041790911,0.0168055254762,3.02933549635,1.418082067,2.45652781196,0.278209518049,0.00541024067161,5.36686647972,0.469670474182,5.56568806272,0.410087039582,0.00541024067161,0.0408808279845,0.415947959218,1.42085827544,0.332750421096,5.61416810035,5.27199647535,81.1423643072,90.5849493436,1.24263561361,2.25191123754,6.42894376638,1.52303246781,12.2955056438,100.035587588,0.512202912021,0.895760703542,0.316271295353,3.20613646939,1.29116536637,0.00561678926868,0.635741097208,0.535288592556,0.00541024067161,0.223590536408,0.178343308896,5.26274016547,5.2759280339,0.632253436221,0.186979483275,0.0224548665074,0.0649485695815,0.129080176024,0.0827674777074,2.29650940673,0.0181315205016,5.11760988785,1.57377774519,1.29608168132,0.474145993116,0.00541024067161,0.135336287423,4.29670289245,205.452430304,0.560851147476,0.0444236969432,6.34389797396,0.0375634829334,0.0880847553122,0.0254026431348,3.35008309861,2.49151785096,5.15432459389,0.0201881204847,0.43694366238,5.54448204179,0.237146371054,7.47477212677,0.00541024067161,2.70001306861,0.709808804127,4.7681434719,4.01815150477,0.0158729682813,0.0722794435209,0.00586413742998,3.14942424364,4.94356985403,0.0684858710114,0.00541024067161,8.89202943121,2.73789661773,0.00541024067161,0.00541024067161,4.67645963539,1.22009542178
TCGA-W5-AA2I-01A,0.455982638009,0.360098556595,0.214446581749,1.08758946532,0.278137885653,1.11463899435,0.206123093587,3.53756189307,0.33881985549,0.156701980747,0.128868670981,0.0320785531845,4.75722180499,0.064144117598,0.777028841185,3.48599745349,14.0655046789,0.261951612895,0.153119445616,15.7632023182,1.02728832606,0.0789200265263,0.508295674507,6.34012534419,0.0953243749521,0.389849704023,0.251895004397,0.187211126246,0.278502372208,0.0321570022919,0.265758948323,0.810402476956,0.0049480773231,0.0761828774706,0.038571252349,0.28110942659,0.0700022728657,0.478314141233,3.7837775748,16.324021032,12.0042817954,0.89241236617,0.229590787792,2.76963086095,0.0624049513801,2.05570244754,7.28073007545,0.0274656948286,0.0260147835088,0.570502150182,0.421607425612,0.534768683536,0.0049480773231,6.94117995924,0.0049480773231,0.0049480773231,0.0049480773231,0.043990935617,0.667036578755,0.437439777137,0.0549135141643,0.0049480773231,0.105501237278,0.0572160586665,0.159197385874,0.0182283801271,0.271278834707,0.00598982095034,0.259407773219,0.0462136735662,1.37532048876,1.16358202476,0.0169648365363,0.103327209145,0.44794734069,7.35138848269,0.122805639957,0.0049480773231,0.0827386458345,0.0992739851124,0.336256894137,0.0223783083947,0.592054984266,0.339794365932,1.80776160657,0.0049480773231,0.0394792756899,0.908252237371,0.0049480773231,0.575648422506,0.0049480773231,0.578568785235,4.42647904517,0.260898622491,1.23804652657,0.23771435975,0.101878638006,0.0049480773231,1.60559414416,5.19364208087,0.120664446927,0.0049480773231,1.53970325519,1.50130576397,0.0372022109848,0.0282393979517,2.26680482031,0.131612553511
TCGA-3X-AAVA-01A,14.8380086081,1.76693092309,1.0037356307,5.04201303027,3.2555518342,4.19145322505,0.0399010315956,0.686877927936,0.586195364477,0.066735149698,0.283555415463,8.17975793538,0.271335607476,0.332557834367,2.12731481987,3.54905282885,269.788010036,1.39447663782,7.74362154067,1.38805174195,0.783114989441,0.116342003105,5.62190015845,2.40648830305,2.1580022443,3.03252449157,0.405906512323,0.0919940450676,1.75262509998,0.0753214026623,4.47387368335,2.23501935738,0.431324392799,0.095857964106,0.0821322834364,0.746208551352,0.545002107648,3.32542045411,4.5871926943,26.9729536014,49.3788712036,2.02695664947,2.10830638285,3.43078957984,3.97984385342,15.9447733469,44.5180250883,0.680926625576,3.00056116421,2.33779803741,2.86114168092,1.74422652984,2.08091209702,2.7835101969,0.612269527048,0.0551964270406,1.1184605098,0.669091203698,3.96762974524,4.70828496095,0.141987554753,0.0618963148887,0.351016665397,0.416265775921,0.41162995826,0.16496323469,1.65462949418,0.0191317746534,4.75232020347,2.00326071301,4.69674656357,0.0211768470081,0.0183527626556,0.143860123889,3.83127135107,247.751200931,0.732802700663,0.0249996804291,0.760780706557,0.176158809704,0.963864646014,0.190606366759,5.03799334211,6.90302286977,12.4765351162,1.86509358135,0.257451502583,6.33922461427,0.214481937943,8.0173051379,0.0183527626556,1.81375459255,0.569389763584,2.6573734382,1.1696053021,0.0446630021587,0.0183527626556,0.418009585688,1.65474582664,19.3261185325,0.0183527626556,0.0447148755642,136.085439907,1.61806677584,0.0528113962425,0.0400879946487,3.67694830273,0.420376791929
TCGA-W5-AA36-01A,11.4214475023,0.639108899412,0.490308534959,4.06443262897,1.19821029298,0.462736931932,0.404108000797,0.397516204684,0.817675344584,1.06853008125,0.0705813994536,0.131770729785,0.42650068041,0.140336055884,0.892300519188,1.84870261657,233.6367205,0.453470700293,0.612299244115,1.09541707338,0.575305578186,0.0374058310627,0.00506784562095,1.79797591356,0.783137717059,1.96907545606,0.181775507573,0.0147887848616,0.69628511732,0.00880619861569,3.11680197737,1.21325537823,0.00506784562095,0.0398287706294,0.158441125493,0.706100390854,0.143775975947,3.870647535,4.55193741246,34.3893304736,25.0505980186,1.90622035237,1.73147621331,2.35500552844,1.00615036494,15.0064636196,49.8667858112,0.161174647515,7.01728905625,0.80386853365,2.94979167771,0.618910646459,0.00506784562095,0.465709902557,1.68901187869,0.354930836679,0.752918988883,0.116166753246,3.34576896462,2.72341741793,0.0644488795532,0.0895529874297,0.08125741529,0.0489644498781,0.315294102913,0.0561582439131,1.52986495863,0.0123023484471,1.9566303183,0.261022154059,2.23847122939,0.0102130469713,0.0174218338201,0.0489741362183,1.1040338568,160.108031513,0.284489196572,0.0321512024134,1.83838669401,0.186905068251,0.225782853858,0.0344716999652,3.9450622384,1.79189368118,9.89383406602,0.0456592140508,0.10642475804,3.84694628208,0.0766215594502,6.88719826345,0.00506784562095,3.08300023356,0.177435134138,2.64354330955,1.15947817311,0.0717993789395,0.0392336384443,0.00506784562095,1.51166155337,3.89061926062,0.088510639465,0.00506784562095,1.67351130511,1.10576174712,0.0127347869642,0.00506784562095,2.98538254147,0.901052806492
TCGA-3X-AAVB-01A,50.9609676636,0.561525987004,0.940507890479,2.59958724646,6.75201423574,6.46006441928,0.114846287096,0.566259319012,1.2767214922,0.364245060548,1.54454476773,3.37871827871,1.35412629364,0.653322965605,5.73461498127,4.19722942961,649.066088485,1.27079020508,7.7351422483,2.0949015632,0.466381781406,0.0385852332539,0.0134424881928,1.93482468921,1.15707977279,1.66875403343,0.234898718181,0.00770191822917,1.19965718134,0.947965383082,3.08801022036,1.00179839272,0.0692411280579,0.100615268248,0.105066487715,0.705368760431,0.858074763553,5.54170131963,5.20973379636,104.45033887,122.53449031,6.11504936315,1.83710004561,7.43688980595,5.207314167,11.3042425424,122.414394514,1.32886420077,1.86606396796,2.09010223108,1.73666702643,4.05406195262,0.134783569011,6.03023461221,1.53514369574,0.125527464415,0.606091669562,0.547791906752,2.21241079589,3.30163568333,0.320533134503,0.00879776993863,0.54482644865,0.277074070979,0.877619050293,0.231715631382,1.4403306894,4.86761359662,7.95958240266,9.27196528101,4.61810001618,1.95952178168,0.00770191822917,0.0866027758944,2.97590766665,695.224121349,0.388973787596,0.0852812400285,1.84399061902,0.525813182056,0.868978014453,0.223511132681,4.36628011064,1.17574402919,7.94641591214,0.274518979952,0.31813888723,3.56628476455,0.121943462993,9.10654416511,0.0470727991555,4.02754869575,1.40820768873,5.55907342408,1.78119045629,0.0888758475935,0.0346891467628,0.035179767932,3.28192819815,1.02530934444,0.101735813691,0.00770191822917,328.751162415,1.96094612409,0.0337790919866,0.00854699398958,2.61021986303,1.93195505542
TCGA-W6-AA0S-01A,18.6645508127,1.65329011716,1.33826254231,1.58116146558,0.779694307973,6.06571927359,0.0975711763985,0.36728193084,0.684523170111,0.130551553236,0.0286301510333,1.41644005368,1.13238188598,0.315991546643,2.47781955987,32.3514002854,136.898405746,1.98907552096,3.74002873525,1.54036968937,1.10348166298,0.0960959375592,0.0205568587,0.474983425684,0.764907663647,0.888205553558,0.0680623020046,0.00166341319777,0.504103878194,0.610826627377,0.895262855889,1.39913194142,0.0119122484875,0.0669314499593,0.112470685319,0.250022065087,0.21141106263,1.39871069115,2.74538198436,22.8769481716,37.6771724466,1.12018645476,0.702344043634,5.88445189853,2.29279484051,4.86969454538,26.8214629867,0.186326644554,0.54906038568,1.65248520474,0.691076401232,1.28707650453,0.0700798165328,0.303490490299,1.90683498999,0.403120735911,0.483184158122,0.272255122365,0.996624526897,1.88483721701,0.588208456065,0.621572316374,0.0549344938454,0.166837448555,1.32630525141,0.668202829334,0.712499232629,0.00166341319777,0.842114195671,9.44387662082,2.94018399266,0.0497129974007,0.00166341319777,0.0198655301186,1.61095360669,132.56181331,0.135622663682,0.0978119364441,0.413587320652,0.385966662043,0.409438806918,0.0932190807606,1.47599324566,1.29303032782,2.61349582277,0.0592668416079,1.40608913508,2.01109552378,0.410259165178,16.6489803059,0.0863830148381,2.64573897846,0.0891101236683,3.7240989135,0.722735287346,0.0582484076272,0.0212192825672,0.0107596972838,1.14075012322,17.0594921632,0.0359028440291,0.0874740895029,71.4318063853,2.34775276545,0.0258282548224,0.00166341319777,1.15574216734,2.08333194566
TCGA-ZH-A8Y8-01A,22.2966465791,9.78702577141,1.70421762125,2.94312285978,5.56030422268,26.3606630282,2.97073910835,3.00798142743,0.532495389571,0.576285035785,0.958653005962,31.1314058586,0.763971385612,0.515007868896,3.50716868567,7.47870566402,151.044647834,2.3054520974,7.33603488592,1.01826871563,1.31635961483,0.176507269934,29.3634308743,1.84287883608,1.94757556735,2.40701536018,0.331685528384,0.0199966820732,1.72865188167,3.95042797421,2.81474306441,4.04343332364,1.16477576187,0.101226596415,0.151548187872,0.882100723215,2.80542924917,3.4729793054,4.33328976324,36.2454876618,58.1706154664,4.09539155281,1.33619496003,3.4506184915,3.36893622405,8.4791730115,71.3441047833,3.77698832485,2.36453332696,1.21980861179,1.28750237812,2.54803731369,13.2900170912,2.01158097851,0.415745267302,0.135795867269,0.490141097861,0.800013244111,2.42154805112,3.82415330893,2.13908319198,0.677642118198,0.264255934815,0.704387344737,1.0633392899,0.358100632968,1.41272509675,0.0706028289531,27.6455947542,5.10357147128,7.1981310978,0.0625198794852,0.0199966820732,0.212357335462,5.66135031343,160.089600384,0.603697170619,0.209116817681,1.21167622909,1.49519917684,0.416676213972,0.316531374065,4.40026726597,3.31241039206,6.7768846694,7.01560220507,0.938450907498,4.71050441623,0.533537801623,7.5649054177,0.0199966820732,2.38940976212,3.5947437055,4.97506677358,2.88434842198,0.0659287360232,0.120085727315,2.06424122825,2.23268723074,9.518007756,0.115137611451,0.0199966820732,92.9601530035,1.58587945451,0.204636827759,0.0295876977493,3.2855769101,0.672245146384
TCGA-YR-A95A-01A,12.0462226257,1.97883354609,0.56033095594,4.45093207743,1.33735457663,14.17181341,0.462121119331,8.10818743421,0.498137289059,0.778850808257,0.651920412324,0.228204675272,0.787869046468,0.177236148423,1.78993195807,3.15219953172,194.202401772,0.511133129241,2.12134814336,1.19914039789,6.90790333488,0.224572709652,0.52425878153,2.17461984202,2.59831326127,3.15446644793,0.523059809501,0.0273191260003,2.02527490712,0.70357256807,4.17574084876,2.79690755594,0.00744097249016,0.396780323811,0.0365857735396,0.924228934852,0.672288488365,2.39096015072,2.78722550514,32.4910154306,36.2096247818,1.15120585546,1.47676950486,2.21447889735,1.19569089034,10.0861464724,30.8637006485,0.0223301840452,0.501738351151,1.99464952739,2.57174630935,1.91624430071,0.0234668600803,66.7319921098,0.0436376115692,0.00744097249016,0.145313444608,0.405342902877,3.48769593971,4.44096521028,0.00744097249016,0.00919055806362,0.187632181036,0.262308997392,0.258861605233,0.155610567985,2.4728368297,0.304906697236,1.19633443161,0.242656908918,3.29823308283,0.169797835116,0.00804578059897,0.21109496767,2.14568933542,120.16205463,0.679942331955,0.0296962447562,0.335322027372,0.109857762001,0.392551218236,0.217570305629,5.54290930666,5.50528782787,10.8329071409,0.00744097249016,0.0842558756031,6.98388845197,0.00744097249016,2.37495011208,0.0245872134003,1.4146499102,20.5873017486,1.99624756417,0.760825308691,0.0928438278631,0.0241585931984,0.00744097249016,2.61215561291,8.78848447001,0.0408761323959,0.0199182129462,26.2986897792,1.55242083996,0.0411684051533,0.0714286871137,2.77889929803,0.166450289079
TCGA-W5-AA2G-01A,18.0731362264,3.64303238471,1.23884417379,4.12304029387,1.7398620242,5.15635956258,3.69580531512,0.525130589123,0.389816991864,1.1479551295,0.0968262608269,0.286216193709,0.212759974848,0.5264787913,5.12285176815,3.03044954049,322.56860512,1.15279664732,2.01768434043,0.608514913312,2.76582930371,0.210960632325,0.0370787428018,1.35573817753,1.80941178193,2.51818048448,0.33248878306,0.00242593028216,0.963753770675,1.72149686629,5.06072040987,2.78773877128,0.0134289485904,0.0624441479845,0.126790761011,0.838431093758,0.382147419432,2.19673618673,3.24188254298,53.3676520738,76.9784234136,5.85587000861,1.24324486642,1.21168115785,2.30925075988,8.58349880375,38.7796425664,0.0294807387023,5.79061093774,0.735185047924,2.16979578216,2.34384329333,0.0650609405844,0.535308150121,0.291656773727,0.129842049166,0.277490965833,0.478085973199,3.12203247564,3.99928328961,0.169459085076,0.0273004911455,0.284872958664,0.340334603753,0.181556851178,0.291040094138,1.47256374161,0.523181782609,0.512472596187,0.765764508951,3.89945443675,0.0653830244487,0.00242593028216,0.492687004069,2.24378641792,281.381241388,0.748358825165,0.0220531240163,0.664047890295,0.139856462533,0.218638268144,0.346790365129,3.11136201125,1.42316160318,5.53296376583,0.0835160727531,0.375422270868,5.47074048352,0.0350374610389,8.94044179688,0.0486907684373,2.92222515854,8.38033765945,5.98701477923,2.26821498321,0.157595410603,0.107644408827,0.00242593028216,1.1870709722,5.6309380435,0.137611914372,0.00242593028216,35.1176208694,1.219319741,0.0232934231722,0.00242593028216,3.20408768962,0.123609867098
TCGA-W5-AA2Q-01A,10.0159704046,0.500491278769,0.265495542595,2.46302016728,6.20268857376,4.89786988666,2.39211491816,0.615086839299,0.434668401039,0.0949131430927,0.238500560209,0.485743111556,0.889324506514,0.11730550039,8.15312639977,28.4614159813,103.203999628,0.327397794222,8.98742791348,0.518460322118,0.0426336177032,0.444306325095,0.336266482601,3.20081653605,1.05091861643,1.79372266508,1.43178303498,0.00658434250243,1.11007432446,0.232644816635,3.43774423659,0.287481620803,0.0360850087322,0.0372875659066,0.0973429195559,0.645527029831,0.500553427843,3.26327330356,4.76255280596,21.8511443276,36.0186273236,0.260253774726,1.47269793971,7.0943118309,0.871458098535,10.2648997648,40.0728766362,0.0495111692077,0.59088552788,0.491089761106,2.49424218612,0.906877258186,0.133200492003,0.237653612197,0.0677282558933,0.0581498922078,0.0276165795381,0.232614727823,2.91698568873,3.35217146897,0.191380889137,0.0489062095839,0.105392703294,0.0481323771538,0.258280152124,0.0383360584262,1.20680712781,0.0201554827638,7.2841640484,0.944149454819,1.02599507067,0.0669299501897,0.00713574064303,0.0534909987668,2.20445989239,97.3732900894,3.90411494191,0.00658434250243,4.3343668679,5.70673144274,0.206714443799,0.0894211471901,3.30012085109,2.02411467648,5.66259264069,0.104727719921,0.120391703647,4.70659210009,0.0125532497106,1.5748223574,0.0436124191559,1.00587683541,0.263014145558,1.17786571432,4.62804266424,0.0352896315095,0.0535651740821,0.0325936594463,2.77701521271,7.14773879101,0.00725054519395,0.00658434250243,18.5212489714,2.92446983735,0.0208639659542,0.00658434250243,4.43407553309,0.424417491239
TCGA-W5-AA2Z-01A,37.9010845988,2.30375933248,0.470548702269,4.33198925186,3.89786480666,9.6320227274,0.565591546483,0.591820309101,0.548936043282,0.105725099924,0.106776124101,0.113910770545,1.82670906481,0.297098371349,7.26845174478,13.9272316971,274.59476782,0.485027003782,3.6701527361,56.2415948469,0.490033941166,0.113175700413,0.00438095926636,2.8824206258,1.81719090418,2.24604407695,0.332407294801,0.856550814268,1.71007741375,0.517658354505,4.9407932247,0.719433713788,0.0169244650187,0.269295330817,0.102724732878,1.06566523497,0.788457379544,10.0380815362,2.28340423855,33.4653262522,64.3738162734,0.327458325026,2.16876063646,5.08296402864,2.75891561897,12.5400983129,80.0747641188,0.132362869241,12.3402088431,0.606577204091,2.79646042214,1.34132940524,0.0131779470543,0.252992741762,2.69554404021,0.199435711979,0.806301334246,0.223159395372,3.12230255622,3.89550128222,1.27444856523,0.292457204401,0.321951376064,0.0677246392917,0.191801289768,0.0404555501251,1.90621027457,0.0974866846853,8.26657752982,2.08207593653,3.66281676703,0.715131958462,0.331331240222,0.211681365145,8.59618422515,321.721767464,0.52481982056,0.125070697497,3.79942622253,0.337832998197,0.0688872940435,0.0893984099075,3.98811025499,7.61467464347,7.94866794249,0.0552589089315,0.297905230113,6.27480350207,0.245074739275,8.75400456923,0.161082690444,2.93336181662,0.182602269763,3.92969043371,3.50233134623,1.3654921472,0.406991810134,0.0045860893638,3.83593973564,9.97558930111,0.726883686642,0.0932098694085,7.81210818213,2.85674213539,0.0330262129879,0.626737192977,2.57787866432,0.467355472601
TCGA-WD-A7RX-01A,21.5270631451,4.42268141336,4.42392820545,4.80996479231,1.02667192211,5.46349496724,1.08778063798,2.72283641603,1.27769277215,0.922558651028,0.298451193163,30.4254149531,2.28666408445,0.683277980674,3.38377289545,8.36342953152,120.816553167,6.02785189546,23.336254781,3.21436501722,0.841461005182,0.299689317239,2.15645658003,3.25288035741,2.6831185612,3.56394375132,0.354753197408,0.0131650325098,1.71856634946,1.61489816659,4.01047821953,7.23897628424,0.975992730408,0.374817643573,0.282089784594,0.94459626893,0.423966611374,5.22096978556,5.2138968146,59.8040044631,63.9911654822,2.31695474914,2.24318048575,2.55900308613,3.36022204096,9.55494614985,25.3915464217,1.73608723632,0.388444229011,5.84007942704,3.10848262563,3.66269746723,6.7489923064,1.2573228571,0.389034247898,1.13745880885,2.94110292324,1.76949568347,3.15480300202,4.75506640905,0.215147391033,0.141725173128,0.874055891988,1.15944982913,1.93354584075,0.908193127387,3.39632226827,0.363227979118,1.10395758697,0.967172907993,20.0692913892,1.09100318918,0.023263474055,0.43596962258,16.2915259133,119.768955742,0.819809860009,0.128795051814,1.12082280833,4.46210569961,2.83754477529,0.659767024917,6.97423890952,0.495336228901,11.5586662537,4.82061630465,0.924840165076,7.53183149433,0.0750296838861,6.98242041075,0.071091175553,2.29197949983,9.26660128574,5.80372764345,2.12810726963,0.332363616565,0.162987692499,0.890220260033,1.40674769698,2.905257928,0.244256774067,0.0383941888875,514.647414049,5.54050292372,0.294750450081,0.0688426846433,4.37809116139,1.90503650595
TCGA-W5-AA2R-01A,20.6334483636,0.603158311979,6.523437312,3.33318346073,1.8936822876,1.66738932104,0.0631654787805,2.43362575328,1.16660190227,0.187143157417,0.198584392916,17.3786117304,1.61815696882,1.75127511305,5.97956694042,18.6947450822,97.4585891028,8.13092421811,18.6685526076,2.39712060328,1.88249071948,0.543756673451,0.218632540942,1.11377021599,2.60445532185,2.06125247462,0.452423028453,0.0163390747866,1.72273645085,0.573993368212,4.1620706111,8.87712719989,0.399357611436,0.302829598752,0.185742602174,0.828685380405,1.5928018063,4.01705230892,3.90149145575,41.7121289133,48.991939141,8.40013125577,2.2803221249,5.23804625623,2.04350520124,7.99106657469,24.9842056473,0.256968118242,25.5646630061,7.4240817187,2.5584835185,4.33290401198,0.872098116734,0.0596675197156,1.80558469432,1.53121141577,5.09042651214,2.71762344813,2.25647741607,4.25254185584,0.256884496986,0.0186638466815,1.23201808061,1.99298579271,2.78175831086,1.58004103929,1.67834365401,0.059611776,0.456602871764,0.89494972121,17.5195861308,0.086204796801,0.0163390747866,0.505234575646,11.6556502835,124.4851774,0.679398512276,0.105535569417,0.637494110426,0.844574289226,3.06415505196,1.30933663055,5.12759620737,2.17584191118,9.39159495994,0.976330535219,1.21198473783,5.45455607104,0.100603390221,15.6633552357,0.149792421108,3.01522157529,0.0673554658054,11.3743891483,2.77522287606,0.430957313629,0.183976428461,0.106971658275,2.88738300215,17.702086189,0.265631179369,0.0404491729473,2164.4641717,2.71407962595,0.298583143927,0.0271977648634,3.10193882906,1.14082125994
