gene2,gene3,gene4,gene5,gene6,gene7,gene8,gene9,gene10,gene11,gene12,gene13,gene14,gene15,gene16,gene17,gene18,gene19,gene20,gene21,gene22,gene23,gene24,gene25,gene26,gene27,gene28,gene29,gene30,gene31,gene32,gene33,gene34,gene35,gene36,gene37,gene38,gene39,gene40,gene41,gene42,gene43,gene44,gene45,gene46,gene47,gene48,gene49,gene50,gene51,gene52,gene53,gene54,gene55,gene56,gene57,gene58,gene59,gene60,gene61,gene62,gene63,gene64,gene65,gene66,gene67,gene68,gene69,gene70,gene71,gene72,gene73,gene74,gene75,gene76,gene77,gene78,gene79,gene80,gene81,gene82,gene83,gene84,gene85,gene86,gene87,gene88,gene89,gene90,gene91,gene92,gene93,gene94,gene95,gene96,gene97,gene98,gene99,gene100,gene101,gene102,gene103,gene104,gene105,gene106,gene107,gene108,gene109,Index
-3.894670740146695,-5.283098481829402,-8.304664002273187,-5.034496273953871,-6.9937895383117255,-9.408723302374838,-9.196009029516361,-9.154310062410243,-8.973553369736477,-10.445205328265315,-10.783315507952597,-10.656752627019157,-10.862698534930562,-10.894050208320165,-10.545766211621347,-10.272987195022695,-9.683635223466315,-9.407914578860165,-9.191015343564514,-8.808976795169732,-8.652817098707057,-7.947659663196886,-8.01849816787159,-7.398059876492519,-7.166254669045696,-7.101384060660561,-6.960552754112466,-6.618708300284986,-6.727730505098516,-6.6702867186632115,-6.998394874966461,-7.170926729141066,-7.363357497355122,-7.63277187723807,-7.977839203815304,-8.098895981015678,-8.142541475983,-8.400787915956625,-8.224636778515979,-8.407835513467484,-8.28809829261674,-8.54793407051008,-8.312561108042097,-8.481043380757075,-8.234940720958974,-8.304426036757393,-8.825455146212919,-8.58914782294894,-8.590927065226277,-8.555458849644538,-8.455447615178263,-8.363047912679408,-8.21118064838344,-8.184683994941025,-8.159902251132486,-8.04248138814526,-8.066188640744839,-8.336598875863203,-8.341989179092227,-8.097705098222445,-8.066376863583459,-7.936102665479881,-7.84773261029543,-8.022714355403341,-7.960031074968373,-7.891725658878374,-7.584038356301042,-7.487218563415669,-7.40978491058131,-7.355309429124513,-7.269233406386045,-7.286676614221251,-7.382142848972645,-7.099800144661506,-6.994071517401052,-6.916878608249599,-6.818400424100247,-6.718383868929748,-6.753314780660405,-6.676506006676941,-6.432215856902368,-6.342212941663565,-6.400498893149535,-6.534394874240226,-6.360377238498734,-6.379926663423078,-6.331772223843508,-6.497988687455921,-6.483276585468323,-6.454612492634139,-6.482437842296511,-6.4681106850537615,-6.404929793480927,-6.442471203130818,-6.289606752266064,-6.250005920694554,-6.241087465073124,-6.193936628442449,-6.164188508058701,-6.1755851937160395,-6.216749683462849,-6.19671386650207,-6.184479016521553,-6.151866218896062,-6.165054564581451,-6.1820733235476375,-6.177433718721762,-6.177433718721762,TCGA-ZU-A8S4-01A
2.9931486828123606,2.563422738114428,1.7584107641663766,6.45491239258106,5.865759109106206,4.132632200222404,4.022277754501697,3.526581485786061,3.098517858256833,2.1672783691409387,1.9036004247386424,1.5579864001693051,1.7045601911381212,1.4733763591919273,1.347189400519748,1.4360688016107908,1.505722835934642,1.6470038150621376,1.7313149446013076,2.39109904786888,2.3828780392327324,2.636868225899282,2.5178847222140828,2.8330928242451727,2.7856591064157894,2.760536444775852,2.833795555409598,2.85810574486141,2.8248231632064824,2.750577505420624,2.619609921140784,2.46728344240715,2.018341837377573,1.6594032586731151,1.0979735896988903,1.2564200137878088,1.3852725205232272,1.3399272665132258,1.4733690920820537,1.5447515034908554,1.8312353058141766,1.5935956552579134,1.5891439579075357,1.4087072976425168,1.754715913764529,1.437321918390614,0.9489277320307434,1.0931430042694195,1.1932510384578148,1.1452195146527149,1.1925188953363877,0.9705067875895436,1.1838603444514582,1.2384281295476576,1.2491995808526708,1.3872998662702531,1.2790360656151105,1.1674611951852645,1.2775964947043592,1.4385130215881916,1.5358968228657752,1.6052126536394407,1.716375853326293,1.6664099179848237,1.7570032435032599,1.8815914222126544,2.1210703437171445,2.252100970266752,2.3580534300883307,2.4442262591810437,2.501285753246073,2.394022741344074,2.3465423979051354,2.562422717392749,2.704392565084409,2.8233586191924123,2.95063778828989,3.0476108927435352,3.050559762043967,3.1524596902102853,3.3902414187900716,3.468229940721488,3.4856844959218756,3.479364749194597,3.6354705888384293,3.5680193128781066,3.535819738792359,3.408084949228913,3.438603941298029,3.496830539280087,3.443578151840269,3.5048118593603776,3.5921924950201247,3.557806344279313,3.6880339604687227,3.743466834571268,3.7639125700618408,3.802351367933305,3.843268980542138,3.781398617149654,3.7553949466112377,3.7687554907366767,3.791198812804356,3.8185456635237607,3.810556632109643,3.799543227710691,3.8051150591804057,3.8051150591804057,TCGA-W5-AA30-01A
-7.049715517448529,-8.006965359268479,-10.799459816639997,-8.996102976622376,-11.215140841212504,-13.38720690576146,-14.551814777220676,-15.505694781411774,-16.20468710130778,-17.271430944012337,-18.39775586802516,-18.853259077344116,-19.916640198467455,-19.218865868592065,-19.756067724050993,-19.943614020222235,-20.047799738081697,-20.93584405151831,-21.106299244391725,-20.866331835410477,-21.204523966951513,-21.317584991777764,-21.79873340756701,-21.8675349647341,-22.29632806654506,-23.124577725095882,-23.083343355694154,-22.656822908714517,-22.735432730138545,-23.080318015126213,-23.422614199396953,-23.71512715995384,-24.40722467340392,-24.75739409418959,-25.425130336428943,-25.796644089078896,-25.822743804928535,-26.135031933899423,-26.08703552630104,-26.321881517260962,-26.352550047567306,-26.600438632935717,-26.669987747689174,-27.182414678611185,-27.042287637364186,-27.233801785311243,-27.598554527137114,-27.605331482852566,-27.61862781812231,-27.661094689564447,-27.763195578007977,-28.009618363434846,-27.880781967288552,-27.901519593142204,-28.056052072412005,-28.103482415984526,-28.300747516776028,-28.391288230715034,-28.619765917588683,-28.56235890807327,-28.549725117192153,-28.510258051448524,-28.493103143590716,-28.478768794640615,-28.458548729361176,-28.39063750434378,-28.189151643218576,-28.124673127334773,-28.036421031092292,-27.93092163315605,-28.122442285302867,-28.237268456672968,-28.076792434872743,-27.97070936547558,-27.871014145695767,-27.81698912210232,-27.737768402086445,-27.681454704250996,-27.57055876853439,-27.515654066568008,-27.342645170291934,-27.350415070288598,-27.407748050997146,-27.425774034744705,-27.259961617911976,-27.339711057227532,-27.40735317796058,-27.513857523521065,-27.50292435865767,-27.48772502686588,-27.493950250928993,-27.479343393436586,-27.424754875717532,-27.483462019161614,-27.392352467326564,-27.3560652440921,-27.354632234880988,-27.31560523741313,-27.283353609999217,-27.29110558595965,-27.341768276043094,-27.335203031040766,-27.321665479121876,-27.28774947081932,-27.291878693869492,-27.291751876990887,-27.296772469380873,-27.296772469380873,TCGA-W5-AA39-01A
-6.437094657585072,-7.874039024628897,-10.12167727450619,-8.202793820732408,-9.191631267406557,-11.749706272794665,-12.03795905684203,-12.2333633020216,-12.661592524383614,-13.618508300618904,-13.297433618073509,-13.902469254341268,-13.372203165062492,-13.538905641019793,-14.087715847812214,-13.995359344608644,-14.240293265193037,-14.139932965542721,-14.074477595525003,-14.039282957476075,-13.875134449381008,-13.819166689516976,-14.136524189072503,-13.848045632391628,-13.974060801036574,-13.297689598380185,-13.619005936093421,-13.660914019259133,-14.063454934571293,-14.221900065967954,-14.75947965490941,-15.264018563942615,-15.710777917098572,-15.991362547155491,-16.758856911307795,-16.516427426032976,-16.519118603743227,-16.839402278960847,-16.822010135085463,-16.740938164728423,-16.513531105101723,-16.853453803193396,-16.812689012660464,-16.937194058475963,-16.741753454390057,-16.87392488211365,-17.179715926421718,-17.107727516710526,-17.20117584802279,-17.158613228005283,-17.02392491048496,-16.870447061034366,-16.78579543239652,-16.651298823539133,-16.593946558779887,-16.576540664420396,-16.61155382981411,-16.788637929501004,-16.905595028195677,-16.702001585403593,-16.727664181574735,-16.709849763348792,-16.69215320784407,-16.817257283971063,-16.822652491907565,-16.79809638646192,-16.63093431694975,-16.600193932908063,-16.502394656171504,-16.4521736240469,-16.41265526749374,-16.66736496944085,-16.721213798387616,-16.553730374514736,-16.477240456575025,-16.47216307382808,-16.44988671796556,-16.43186483376683,-16.5292683073683,-16.527355453057194,-16.330990322153685,-16.285548581295608,-16.37924234044109,-16.50275686750236,-16.3803097208494,-16.380191794698117,-16.353370010278912,-16.48848667022934,-16.503974909512863,-16.456838291202132,-16.47573023859503,-16.483691416665977,-16.43860070841385,-16.485874542835724,-16.365435275225963,-16.354644879744846,-16.3929476841811,-16.364621215511512,-16.355296985657223,-16.354477458277863,-16.374005555506557,-16.373374145935987,-16.3750127546211,-16.338580093965458,-16.341457857845793,-16.34465207876786,-16.341357511484617,-16.341357511484617,TCGA-W5-AA34-01A
-7.928525970112783,-9.641696296531475,-12.44410809023179,-9.623526905862107,-11.972979608755493,-14.589351588349857,-14.502375580305255,-16.111455644904517,-17.261525929421246,-18.378224924561184,-19.2233707062214,-20.07346009040845,-20.98527747555099,-21.217715668385292,-21.935889708605256,-22.15465963528048,-22.71773846172815,-22.549470471964682,-22.705412983617908,-22.17512478544016,-22.263273856288546,-22.254045488411837,-22.436367656149436,-22.44123163902841,-22.906570570279605,-23.588658936892205,-23.53155479839892,-23.462914786295883,-23.60186952618318,-23.976514944963178,-24.446438704878574,-24.803195398061398,-25.27826342242699,-26.092801304464857,-26.878084588972403,-27.255453753451746,-27.656831641477762,-27.871442139907412,-27.863219767682228,-27.7315703343834,-27.539724011932858,-28.13276703944976,-28.132163934869787,-28.439938554287966,-28.10759409218091,-28.42674640545418,-29.007451013810424,-28.973103755356444,-28.924934782836473,-28.934386017230384,-28.948780640866023,-28.862825249795915,-28.759926290778417,-28.966012331429322,-28.869547065692693,-28.831273916998285,-28.956885316692567,-29.18482649703365,-29.275703630250966,-29.23412726178239,-29.250288074181906,-29.36806281847425,-29.34363743459738,-29.546021716219823,-29.504561027878808,-29.432597596319848,-29.156001655302227,-29.074718173368456,-29.010470074567966,-28.917100155822975,-28.76799227303695,-28.89802151951892,-28.996414886933014,-28.738521321830945,-28.64179129214194,-28.609445260481657,-28.52880024647032,-28.475753844630766,-28.530439051824477,-28.49673187759363,-28.236226133858782,-28.189720739725924,-28.17984603444857,-28.183136243963357,-28.017483282569522,-28.097583049691753,-28.155384505424905,-28.32971369854971,-28.25480564807206,-28.204076698372656,-28.20601726421683,-28.173838866053906,-28.099601770950088,-28.14201206593432,-27.992592503896546,-27.96617980281074,-27.96104079844147,-27.914842568882758,-27.884816075108745,-27.89436214385201,-27.860836048398955,-27.8490069123339,-27.83545190176191,-27.797205275996287,-27.80731460017983,-27.810394416664593,-27.799564296806633,-27.799564296806633,TCGA-ZH-A8Y5-01A
11.915742400533961,13.999231401654688,14.524299697786336,18.057655993413913,19.085143592619804,19.26367498767143,19.917833041322172,20.02390009503215,20.096024385336854,20.434125326073,20.283876820182112,20.160441367322438,20.138269283649468,20.72695482729952,20.673658276845504,21.200036633503597,21.490322687951245,21.643196237145794,22.143472551151934,22.570143779492152,22.949678687689573,23.26974596288744,23.442397350014584,24.225723175427994,24.49155077156272,24.3518648696635,24.391393491068868,24.813235675092862,24.663085823264186,24.67962794347208,24.59288261934476,24.51059574775297,23.95660243853562,23.87925936017602,23.416056554102816,23.633953088398087,23.801980181521486,23.829116088222083,24.032035824570194,24.525781618560895,24.631166975469974,24.25853749409682,24.40194820948427,24.134476539476783,24.29940603618627,24.16806504346462,23.84603505154408,23.831640450944505,23.84177300588154,23.997626739950668,23.93204344262679,24.18966220715416,24.313298885167267,24.469636422935643,24.62379872023483,24.53590970965252,24.274458207874467,24.24042887893899,24.041192077429383,24.188716903231988,24.18712982314202,24.1500357638101,24.216778669310454,24.148776516033255,24.199823018864464,24.26568325775498,24.492755031619197,24.549459558231014,24.661522478034072,24.827851124752684,24.918578100684652,24.629939677269704,24.817028635749576,25.016256529464965,25.10890246592461,25.12372511065137,25.18911028522758,25.25700092345472,25.237900295629522,25.29833397033139,25.4343431827876,25.47683321948488,25.43182972416151,25.434750286981263,25.57685160384287,25.437552684161815,25.264444239971805,25.18292945686747,25.182428199638867,25.277629330672667,25.317340536479147,25.391735986709573,25.445859331115216,25.43844140385655,25.51757390838169,25.53349577780126,25.505566794869807,25.548926720024422,25.578197313030223,25.629116328369683,25.608878095126062,25.612640216157182,25.612856583838116,25.642921007554165,25.644877478879135,25.649827734875487,25.653954870448665,25.653954870448665,TCGA-W5-AA2H-01A
-5.261518379682296,-6.424621916727149,-8.76247931361257,-6.330724750727122,-9.4394317610771,-11.9405756143749,-11.703932387142643,-12.055784557433189,-12.402002272804173,-13.946615760139338,-13.896601480116995,-14.370535421673964,-13.815205954831633,-14.143629106186275,-14.524501047778461,-14.438703977490766,-13.928199128708252,-13.912410760470689,-13.956093116367944,-13.558450623593297,-13.67158251324553,-13.629642462997706,-13.95405493381677,-13.754851633774585,-13.876744553743345,-13.540092692910651,-13.566229719048199,-13.64987008760389,-13.930038923475193,-13.898129041121221,-13.91633364019987,-14.305912546422919,-14.737574318189761,-15.520080439117407,-15.677729685184273,-15.164598029507994,-14.995019538858912,-15.180261355578606,-15.021430237617832,-15.087245688634438,-14.83153464153097,-15.19922487890307,-15.118089481560231,-15.256321420374128,-14.948861617224443,-15.238528181602753,-15.794764189790977,-15.640822264570165,-15.553051553124327,-15.582690881490677,-15.326549975107094,-15.571883353995418,-15.346987228369615,-15.37538106606515,-15.443280358018251,-15.331434225855864,-15.38238653224135,-15.532595547698111,-15.639098716752803,-15.415755099475668,-15.362022619841008,-15.389314544966146,-15.331368915335522,-15.446864341625433,-15.41326290110309,-15.304863416103448,-15.120977664041163,-15.046329909001217,-14.948998210408199,-14.940607555154134,-14.776597064694887,-14.831827928587009,-14.871057918270171,-14.710927735341896,-14.581685717834722,-14.480697101794897,-14.386569014558546,-14.306254036047207,-14.326626208281347,-14.28282068211764,-14.055041518116557,-13.986192346733082,-14.008890321166529,-14.035781396509751,-13.937962430709899,-14.014545276304272,-14.039566249643677,-14.265241338289236,-14.22723444332342,-14.160724345212335,-14.162661294413002,-14.17511680041259,-14.119076357293284,-14.146638639838763,-14.021445557756117,-13.999330866564128,-13.998427015482198,-13.980793214554465,-13.955440934237345,-13.944470133403014,-13.951091778976666,-13.93285628387873,-13.92880563739946,-13.890980697094836,-13.89728922801219,-13.895009789277834,-13.883329173700846,-13.883329173700846,TCGA-ZH-A8Y2-01A
4.504231503387537,4.642404387579523,3.7055072737835775,6.584781137865415,7.1387064979154005,6.6134639437400065,6.522387432130581,6.481311677889937,6.194449187503099,5.697738178317064,5.338960612115042,5.208486700455625,5.358827948735436,5.181813498258447,5.152927552560817,5.4050200187562245,5.596448244478404,5.598090061104752,5.815578862027824,6.190135669754105,6.355582670525237,6.734873950372716,6.625977293733092,7.048226111238932,7.156495948544781,7.174459114640845,7.134669239178615,7.279317606844875,7.117688722828234,7.0999146682594,6.899711380985996,6.743766177474186,6.457600859570732,6.205451582403631,5.782564690301876,5.866815114362073,5.9507954466050945,5.740871401001161,5.827482698906588,5.979969814847634,6.181820118260492,5.919881840772858,6.009913768221295,5.800404419321868,6.032480114558518,6.006473663466157,5.804619541831788,5.967689251585636,6.007217619444859,6.016739569286173,6.1090958824397665,6.049347008399063,6.130438958204362,6.190165413766527,6.178053114631574,6.214567686695948,6.1784271166428955,6.026140934832194,6.049786850921657,6.247608462322248,6.26400158984043,6.348341924335882,6.381567144904936,6.314846576492103,6.331075548966052,6.412691396102546,6.654060313273074,6.717964918261788,6.776331886987131,6.819242004520991,6.946980329181031,6.764796678159662,6.660747198042099,6.848805872873879,6.9400338787224936,6.993531533966542,7.065362681135642,7.1183363155128045,7.086941836075045,7.118643763018393,7.326726047711286,7.393740878641105,7.346893573749098,7.287967542508051,7.440549614331066,7.418179070751095,7.440914934871887,7.276535286838577,7.289462139817891,7.325616775304352,7.285517302582232,7.2928657226594655,7.346258086871099,7.305391238962007,7.425592756448095,7.444950329215769,7.434061298470841,7.4767324696786375,7.49861789255933,7.504132949924497,7.505988323256749,7.51995401777783,7.526277770122193,7.5612122394472046,7.557351274172391,7.555686148631501,7.557402556897577,7.557402556897577,TCGA-3X-AAVE-01A
-7.968198330911221,-9.922981589322902,-13.0276906448068,-11.127297289208977,-14.050248073142713,-16.319058225566383,-17.575810455253293,-17.910614342041086,-18.585698849028514,-19.76391658182627,-21.04075173072343,-21.625142548410164,-21.842429084179305,-22.211992598584892,-22.671575132871915,-22.597740467069737,-22.58671601209494,-22.679331687831812,-22.54435342419262,-22.17741798742308,-22.397895577469644,-22.296046038148905,-22.42173378972802,-22.14231474351704,-22.326865811336784,-22.820870075088017,-23.115150834391834,-22.92816574594082,-23.342756234628,-23.416010941331358,-23.69474013517362,-24.137792124965515,-24.93094109563095,-25.456306401895837,-26.224423255595248,-25.88558591693093,-25.80952251487706,-26.1287839346297,-26.120885493409766,-25.8069006227323,-25.869680454828984,-26.29670292718454,-26.16454208613471,-26.402458107613505,-26.271895753939205,-26.66578648907729,-27.093657731176755,-26.941136616625638,-26.945758998093417,-26.963990171667202,-26.918243757428094,-26.992365131009628,-26.834344111793378,-26.82851388569935,-26.820663659663424,-26.868258248856282,-26.924062122387994,-27.136064077310856,-27.38630465494763,-27.082145039555027,-27.10149613968905,-27.172379704942458,-27.133331503836942,-27.28984045982534,-27.27535243506577,-27.19898625043875,-26.9725732370262,-26.912887723873514,-26.845834458208127,-26.82321242984588,-26.609813454333075,-26.919812504010356,-27.056884171394262,-26.880345263221344,-26.78981492280899,-26.744254136838244,-26.682633772772583,-26.642878468436418,-26.72920009903423,-26.68957572055647,-26.52166513425895,-26.453631008424924,-26.52695745599086,-26.640288760058745,-26.48500013050563,-26.519917067075372,-26.53873812834037,-26.699073847058635,-26.728884366144975,-26.677423619398876,-26.749116872004475,-26.71144814797453,-26.648419286549597,-26.667166932999642,-26.56670049528032,-26.553317189907144,-26.579816769323923,-26.569967265313302,-26.53086129803766,-26.54819136697398,-26.60277400744028,-26.593740160572413,-26.583661343281147,-26.546055082416633,-26.547686331033983,-26.550216312214094,-26.547201134076,-26.547201134076,TCGA-W5-AA38-01A
-5.722187687620606,-9.197020092151876,-11.91070679659813,-11.440755520929986,-13.392730720003941,-15.44543410788535,-16.34527564307931,-17.678605856296823,-18.425517934269163,-19.098648801459113,-20.233892335038345,-20.715479443825696,-20.849243715678195,-21.96441023806672,-22.21141218966752,-22.42960833713083,-22.95040581774969,-23.725768290903225,-23.839122444231386,-23.563245478467753,-23.626655190940316,-23.750012181352155,-23.866951076713395,-22.790700484587017,-21.65375161012909,-22.322650736358238,-22.610766436347863,-23.27157989552156,-23.225465497765168,-23.394494668432966,-23.570665112457856,-23.945331397882786,-24.649464771456888,-25.031885375083686,-25.70861645086993,-26.079450690282336,-25.878695148125036,-26.23941219241262,-26.13586776015674,-26.356519978285675,-26.286007020101913,-26.798617048409344,-26.785556089925045,-27.305485015837757,-27.111763419797526,-27.638731616496653,-28.139940639039434,-28.068675276574677,-27.91478625085138,-28.021557372606015,-28.159870054735418,-28.335511867615583,-28.068346499485536,-28.118376474553287,-28.214517208415767,-27.92887225482908,-28.172602560021474,-28.351428673867524,-28.357472790800575,-28.2167511636944,-28.099641771855193,-28.34719098302209,-28.236861174953766,-28.3223184889934,-28.22365373966839,-28.019911540048373,-27.741364490937123,-27.593409501324754,-27.47844157979969,-27.413451877083443,-27.366740654927124,-27.442103570471144,-27.458019755482244,-27.238797895788128,-27.077354943470457,-26.938117869674535,-26.78170128932175,-26.67263366708903,-26.649754022427263,-26.54314911255528,-26.320746713293687,-26.279070944049643,-26.26025246419623,-26.330122067178877,-26.16230571380518,-26.2862889349007,-26.409758957929345,-26.618733489008143,-26.558538635371146,-26.48151430711224,-26.536439177336806,-26.48192154589806,-26.39330008964002,-26.494205657211825,-26.365223424533962,-26.308863250651694,-26.254686280050848,-26.20789785082311,-26.169837623560515,-26.210887993906873,-26.23394610493692,-26.202373849254048,-26.18988023454032,-26.166552531403585,-26.17941274819174,-26.187962938173154,-26.184349455287478,-26.184349455287478,TCGA-ZH-A8Y6-01A
-0.16167230469350602,-1.0911448394265877,-2.7678347489286694,-0.06130227754851303,-0.8696925228309399,-2.0024966542588394,-2.420490026235422,-2.4948567426164954,-2.6237393578568993,-3.5470379128329266,-4.092772478798041,-4.296685652693653,-4.555627348520786,-4.815920200269449,-5.04753960744345,-4.950630458350443,-5.051422883397854,-4.9308274766675595,-4.842212544871497,-4.266766270313882,-4.281217202567886,-4.150830714574159,-4.256996840703463,-4.00234790907713,-4.067112290222928,-4.429562233313409,-4.277688465898091,-4.227133894161437,-4.13443655496906,-4.25262093329455,-4.2031559635939715,-4.428119542512402,-4.96062205625166,-5.338301992912388,-5.783521647807437,-5.853534118906101,-5.8334593501309495,-5.997781244421502,-5.868332802379565,-5.734825988273377,-5.541351445251069,-5.73958268933198,-5.661383405149809,-5.958960486685328,-5.670927418533544,-5.86860556411005,-6.2815612183717935,-6.168336816129665,-6.041757022743492,-6.048275580209011,-6.091920445615202,-6.084089229161195,-5.766780036914367,-5.855915728727727,-5.904476288262471,-5.873392424962023,-5.99131627513114,-6.12283984941214,-6.060507795765436,-5.816029375119763,-5.735829105933566,-5.73308944213384,-5.638934435237599,-5.787781499924961,-5.723853923539098,-5.594160755089266,-5.368178371758919,-5.255758570030575,-5.141724139217623,-5.136418193957182,-4.961910876968561,-5.1376790370420435,-5.285093662560868,-5.091596041272493,-4.954784415149862,-4.855205403210148,-4.738963014534101,-4.6471858335473835,-4.642933823186651,-4.593769372944809,-4.3627633289254195,-4.299191734965058,-4.292699629010437,-4.364692793868292,-4.220879649161868,-4.29074368798844,-4.350700963149431,-4.518965524914906,-4.4723092775852145,-4.41017732545374,-4.475530946965688,-4.45614440247804,-4.384658500351004,-4.421228369510635,-4.288053057933084,-4.2549147388109505,-4.244113819081883,-4.202000344775319,-4.169239707769646,-4.159386749435229,-4.178546835244685,-4.162739297788841,-4.156360339185436,-4.127930282686704,-4.130469089082316,-4.131695602632919,-4.125646813208487,-4.125646813208487,TCGA-W5-AA2U-01A
-3.7662127281822615,-5.424025708984553,-7.432251039608432,-3.6745663057727316,-6.573964192564489,-8.574428103912624,-9.403541916454532,-10.15344317691924,-10.947433854504778,-11.555712479350806,-11.861480379247034,-12.378264448316763,-12.2306872648988,-12.3216690138567,-12.652595659729139,-12.546634046198706,-12.442653517707244,-12.714180998322954,-12.575256451758701,-11.934239659563413,-12.10483646887251,-11.940426666533586,-12.249740583309105,-11.813035477357294,-11.946451135895966,-12.259165100900605,-12.378534327280855,-12.455049081364276,-12.551484530227505,-12.816515818252272,-12.87020045080977,-13.114881722181067,-13.781771180295436,-13.985821057350227,-14.633813882933513,-14.629557383210361,-14.361978380480972,-14.592932057913242,-14.494191885080602,-14.615522567709212,-14.40380808976878,-14.677845130865304,-14.748340627436075,-15.013766621367479,-14.72735574125204,-14.873409310233923,-15.042660514208887,-14.948346553828477,-14.91675146438639,-14.859151067198843,-14.694804563698037,-14.695445693550399,-14.580449761060112,-14.415851510788164,-14.35864957649799,-14.258750046574638,-14.473391363668844,-14.6354538848473,-14.47347542619992,-14.323218275761262,-14.233293891247888,-14.393338353499985,-14.324580478612118,-14.41177001605184,-14.343733513554511,-14.235643294627703,-13.97556874617034,-13.874469495813749,-13.770078816929894,-13.72902307795122,-13.603352179009743,-13.679512314163606,-13.660869530358582,-13.428132920885139,-13.258194112129436,-13.219619499371076,-13.1416735463071,-13.0627462995409,-13.075912445234891,-12.999133074878078,-12.8054289568082,-12.783908028437446,-12.805827467292575,-13.011410698090872,-12.852135159092345,-13.047426761570746,-13.099632812756346,-13.171340930961259,-13.154534316198834,-13.1029954982833,-13.108861253279876,-13.057411943635204,-12.981226904032948,-12.980217379765778,-12.864987362935034,-12.836945711836563,-12.839448077650884,-12.803155094909645,-12.7864368438701,-12.77724843574208,-12.76705711394216,-12.759575045527274,-12.761952350087194,-12.736759995329653,-12.736650674308022,-12.737307724819438,-12.723607509746456,-12.723607509746456,TCGA-4G-AAZT-01A
-4.1631118003539616,-5.451175930117514,-7.616126267185447,-4.561162664674587,-7.336118841434976,-9.221303160778035,-9.871200505957333,-10.393686775007977,-10.801310338674845,-11.709869738318233,-11.737827859413313,-12.160212767458397,-11.812342862833807,-11.891050672672614,-12.245067285044277,-12.238870993328568,-12.553354889533601,-12.180439676471167,-12.16452100167358,-11.801875323283394,-12.09812922708628,-12.138559313090251,-12.329332152276853,-12.080510630172508,-12.27686407097084,-11.788630431674907,-11.922160576004929,-12.13805471287033,-12.034171250191259,-12.062238853342086,-12.196194755480269,-12.564602832441057,-12.979028234549114,-13.411813226848935,-14.061068041543159,-13.90881887317411,-13.775176237674378,-13.933653274841436,-13.815498998424754,-13.905990272435943,-13.660928583934947,-14.155556993002925,-13.933873488008004,-14.029075962091136,-13.719632180633747,-14.06588227487488,-14.490095863083434,-14.281695795849714,-14.177957273714307,-14.249825019590395,-14.055532384585403,-14.207413386446264,-14.12698556764786,-14.195865391626437,-14.228409920150316,-14.125537841505245,-14.145737866402639,-14.374991192520545,-14.470943484723417,-14.268857273607463,-14.189922906911915,-14.189674146681062,-14.087387168681792,-14.18588179285267,-14.138998265351145,-14.03054776352722,-13.731251232041597,-13.62729415330386,-13.540832743236933,-13.533233588425079,-13.608417147430144,-13.651359348557024,-13.715472472512387,-13.473137675583352,-13.350744349549641,-13.234714117437374,-13.120757285042423,-13.026598878853061,-13.021761261748736,-12.959462829832944,-12.68347692233522,-12.637701296695191,-12.653307953649431,-12.736037632819743,-12.535250413191838,-12.551556027453534,-12.528865187121172,-12.671511452723035,-12.640715338296125,-12.599548363514677,-12.642592141244394,-12.59203925263389,-12.518029509692363,-12.554751368289827,-12.39396019427425,-12.349424261034903,-12.333701659610304,-12.312497447803024,-12.283713609190885,-12.297219755116023,-12.248651585741504,-12.229963769645206,-12.222865909645106,-12.190589505406297,-12.194879589736258,-12.202163868603959,-12.201056687426675,-12.201056687426675,TCGA-W5-AA31-01A
-6.038188668991001,-8.198079029291709,-10.331252210785479,-7.279703834882472,-8.260605251405314,-8.951404141155017,-9.606936811541601,-9.731476804814365,-9.799122655931612,-10.424991941085207,-11.42155888192983,-11.537183155137082,-11.992197785750433,-11.5628607243102,-11.574187823622553,-11.381089037203997,-11.096601754072593,-10.912427145204102,-10.753506405919028,-10.33982553049635,-10.434744728691811,-10.063807093467759,-10.25320975060639,-9.905068732194087,-9.862597318034139,-10.439824480626106,-10.981432506387064,-10.853090692315126,-11.125740881959105,-11.229980981575551,-11.699459904999935,-11.998640812290917,-12.457939591195617,-13.024433017038188,-13.49872187385842,-13.644589575818104,-13.744521772129275,-14.121171824272368,-14.104615259252435,-13.704900410200402,-13.887324073787847,-14.25608009106495,-14.19112136163986,-14.581209730409887,-14.392135327698808,-14.685497967221085,-15.017781789995515,-14.868213350552649,-14.903056171491892,-14.904281530592137,-14.979689996768892,-14.729680854457875,-14.698697316570412,-14.604531714545432,-14.702350193163664,-14.673849091439392,-14.935415185754891,-15.193066595703309,-15.39210821866343,-15.257593432160347,-15.284180835675283,-15.3660461203695,-15.342332159873797,-15.418178414955552,-15.388068203523876,-15.337024791303252,-15.141201385232355,-15.081349647165304,-14.994870096404627,-14.96366173043,-14.836403139199913,-15.053706815994493,-15.19702792834639,-14.988426495551762,-14.922300658901031,-14.877476413044691,-14.812876355184864,-14.77039003603349,-14.837876693425283,-14.80268259832245,-14.586067411902455,-14.554412367513338,-14.629613523216486,-14.694544483652805,-14.567516139696476,-14.744929828014213,-14.812600160143521,-14.967499795453588,-14.9723541038757,-14.907346988846296,-14.970667893190015,-14.949257469779702,-14.898457435667854,-14.934152889511946,-14.804118189042098,-14.786356764675494,-14.80105039041181,-14.759791396003765,-14.735718826419136,-14.767262097762746,-14.838369587609053,-14.826513492082395,-14.814771716914848,-14.782656327559927,-14.795954183330103,-14.802391189778104,-14.795755625870088,-14.795755625870088,TCGA-W5-AA2W-01A
-5.880352845454828,-8.118559105149467,-10.061083493883645,-7.972548416687216,-9.913573200875115,-11.577968505968265,-11.63796103112137,-12.4629583496167,-12.997103847791045,-14.070580776422613,-14.372477784738154,-15.106147932846543,-15.06727118509928,-15.897312224150182,-16.423814851990283,-16.463030375843566,-16.882691871388893,-17.13286988819819,-17.334350669443303,-17.36737235641407,-17.640429830820313,-17.737789375206766,-17.935415292213502,-17.883149122616008,-18.05419204748862,-18.161066076286176,-18.44819158970168,-18.549034795027424,-18.439051083207747,-18.55378700565225,-18.788766722915597,-19.186173233293623,-19.772402375127815,-20.034240581304772,-20.60370957815219,-20.784672324779514,-20.612347233241373,-20.393267574674347,-20.34899093916495,-20.035796684410432,-19.90528123055879,-20.342280725362745,-20.212691732531088,-20.428690078833398,-20.212557826114832,-20.267689511373927,-20.69207346809925,-20.639986827752,-20.64175036320009,-20.67080740967839,-20.75596499222379,-20.959694239918623,-20.90763142795783,-20.955171429100513,-20.95925395239348,-20.9201568644682,-21.012887828018513,-21.137133684836314,-21.141594952881086,-20.956748877546502,-20.994186520276127,-20.88780285250252,-20.884419241958266,-21.045057049594938,-21.09480143621334,-21.053833457511114,-20.87988476439072,-20.86047130293543,-20.852168428720113,-20.866626839140416,-20.91592341057361,-20.932309473183608,-21.037334566781915,-20.87922073570375,-20.819328909902502,-20.807589310737438,-20.767094845867888,-20.728550217363214,-20.79238806877852,-20.777313470108197,-20.597343131580224,-20.54938065431469,-20.61625739131809,-20.693930787796965,-20.568090410994387,-20.635534545949902,-20.69265749992958,-20.850816417153002,-20.854379440715775,-20.796248553569082,-20.79074441184025,-20.804119340890637,-20.76062623027059,-20.807848341303743,-20.69725895353832,-20.693354983934807,-20.731261886577908,-20.709148638274872,-20.699645786921554,-20.64578560949071,-20.65738308208521,-20.65738683964614,-20.66773078758702,-20.65865573631858,-20.664354119966976,-20.659556518856036,-20.657660030951874,-20.657660030951874,TCGA-W5-AA2O-01A
4.658160304904785,4.514804524921269,3.7952351193145963,8.699980341045066,7.365549761068027,6.165995662890695,6.137281421524122,5.940619384595669,5.866346665317966,5.23432766198959,4.92968907760414,4.775159692625477,4.824981448256503,5.076661135614441,5.150688408340412,5.4379547241805755,5.829285577523255,6.1348672147905114,6.379915122988604,7.120091650191807,7.189614311578406,7.636854436944363,7.650520301776871,8.156415636790129,8.280589767182244,8.074718081528381,8.303604702386224,8.438425074521248,8.580176581254205,8.471344255495774,8.493501083375936,8.377106786192295,8.04926305465427,7.733659747511606,7.25741722335782,7.454191706513255,7.64812362699228,7.585815263701835,7.780979452100007,7.85395004809692,8.166798900238739,7.854782930020148,8.057127819118524,7.82215051061124,8.272312971646558,8.101330233563726,7.883481411514313,8.088605460735298,8.243436366351315,8.268749312261106,8.379548968349006,8.401931585911358,8.598461329165836,8.69666220682971,8.738327912833896,8.945269944450997,8.817364528780203,8.667319974037323,8.740550041385672,8.926552531016707,9.068089255978824,9.066876464751052,9.18520696493228,9.054713167299711,9.14771751463476,9.335003693829934,9.628182550498586,9.78475034109054,9.881434962212735,9.944522949781835,10.043211305891788,10.01556798076837,10.020689213324449,10.29634821742932,10.463561170465004,10.563100108176497,10.69248334543344,10.807932634940093,10.832323264553638,10.910833796180462,11.186462552286383,11.237764817629417,11.272043713584939,11.173492915988257,11.363405240881535,11.279934297697572,11.228881780301132,11.113751698001826,11.173881130951,11.237051171077539,11.205992900396224,11.260789954583023,11.352619687348055,11.312844269932945,11.465522943784931,11.511460417682672,11.533305643288582,11.583442916181417,11.624492231650045,11.610680466976234,11.55518356336262,11.57668941333351,11.595606545956826,11.622900175317906,11.614470740800515,11.613678726013775,11.621202324863376,11.621202324863376,TCGA-3X-AAV9-01A
3.91957907681146,3.7021468126544983,2.701536540334258,6.048463891407966,5.8501131962672215,5.261076929206006,5.266699739146925,5.182097684905621,5.1574359824839835,4.783098971152555,4.554494478079989,4.461179602900307,4.651266504386594,4.651798351401949,4.480904776957832,4.739760995710218,4.772456022990573,4.9124777753248505,5.079131025707416,5.488707569286753,5.578052760203441,5.782000227215532,5.795386568085551,6.154718704127793,6.21653676591062,5.955852728429032,6.047706841912038,6.2528380365609975,6.451202767361971,6.346446253156694,6.248735781966442,6.029478676933286,5.551982480787766,5.218956683427765,4.729605634297011,4.730583362405114,4.964092742408717,4.821889213995008,4.971030873302117,5.096654535540274,5.188724114866184,4.744505819931539,4.791286835185322,4.534600346838653,4.8737135453697835,4.512541063914262,4.077848905315582,4.212025341766424,4.303905456386357,4.330187506833331,4.545055907343192,4.328203879766569,4.513635095677041,4.4528798803646605,4.524688031924449,4.611189079222102,4.618814864471553,4.473861604240286,4.5594796770988735,4.727047869932574,4.787261976151998,4.760250927435232,4.822678595404993,4.727483093952936,4.746531883276891,4.841563412004195,5.11713893764878,5.1998351814537145,5.257386130745866,5.303428375669437,5.315605032528311,5.255914986260248,5.107539754472666,5.307390021315894,5.411021068223362,5.495200802449701,5.589924006264524,5.666257114701027,5.657582038570676,5.692509124495603,5.967521789958849,5.995834727048372,6.018000987191668,5.964320207234183,6.140432402248203,6.139343180643445,6.176359805549435,6.009030428138017,6.045075717173403,6.107484501655371,6.044409346232046,6.0715028743857635,6.131091642193472,6.0824796941863015,6.240561430343396,6.272565609281056,6.284336127041673,6.313677337943403,6.339547860396474,6.352448941813884,6.323541190587197,6.34636929026518,6.359193763226608,6.392997118458488,6.3908366240280685,6.391045074490722,6.392525158159485,6.392525158159485,TCGA-W5-AA33-01A
-0.4115003218225868,-1.3209566490620717,-3.3383656139990654,1.2569673204992124,-0.9819079036769454,-2.7139323401670605,-2.1583219594694003,-2.122172635331308,-2.4580313479595115,-2.9984088344827335,-3.7552750673220037,-3.923848824562417,-4.489811976797574,-4.719834038335024,-4.740338139796428,-4.542278817681585,-4.346821684110182,-4.351327109793091,-4.244584235936851,-3.5402878662433066,-3.3754779844970617,-2.9893507090586957,-3.035380343188451,-2.638730243118965,-2.6057352542275303,-3.333887991960373,-3.4803452306566633,-3.3607892479036248,-3.291987064937631,-3.0415682775489397,-2.8960967583748083,-3.0316972302088776,-3.3303024600644253,-3.573487040506196,-3.8928275147775477,-3.907595009911014,-4.093144323262807,-4.3355501836079275,-4.2508821598499305,-4.355707012371458,-4.058651432538579,-4.292662036532568,-4.178140562562385,-4.319906812324627,-4.146189644972998,-4.1086103744820015,-4.393340149436705,-4.298716581323106,-4.2588813954959726,-4.2780817054578595,-4.32357527484279,-4.561746312089588,-4.476532459490257,-4.383363785929983,-4.425173893035064,-4.3368935660233126,-4.5022819569884724,-4.603099134084564,-4.4060082717025475,-4.3038540252085875,-4.2293969711274,-4.3833840955860435,-4.306138087613929,-4.371088683506983,-4.310304963589786,-4.20960207392624,-3.973369232184647,-3.838580585015341,-3.743995084659791,-3.610896374918998,-3.4512172694806154,-3.577201613340032,-3.423821505038093,-3.267171528727912,-3.150409851200007,-3.029584755424464,-2.915329562216296,-2.841996003128803,-2.8726321823748067,-2.7912101629427077,-2.587065239462443,-2.535389015605759,-2.6163916919922072,-2.6992069676362282,-2.536943241555439,-2.627099906287034,-2.658876555801285,-2.7546850573330928,-2.7146800680739793,-2.638971172599434,-2.611041851155701,-2.579103914620396,-2.5008273393356864,-2.488628414063631,-2.362075131616875,-2.3248371060582245,-2.277067618408443,-2.2563685612140403,-2.2199960051480376,-2.249711116691336,-2.1881936033739238,-2.1723565909186733,-2.1676724620902603,-2.1599433162178086,-2.167261206641074,-2.1787973064166866,-2.172957342189057,-2.172957342189057,TCGA-3X-AAVC-01A
-6.014653109607257,-7.853797166689385,-10.36378453132711,-9.48075683266727,-10.639723675540315,-12.464345918434928,-12.520993612533667,-12.713719692667196,-13.026134116131873,-13.39551971884365,-14.476710221357427,-14.984926306651655,-15.501715958740608,-15.829088020812636,-15.975458662335178,-15.813596304163053,-15.725424003756471,-16.196738055905058,-16.146694990796544,-15.869864613533291,-15.767512139199077,-15.548175025866996,-15.604659144508148,-15.320177950505952,-15.38205635604025,-16.154756256215315,-16.32207126964055,-16.31769392605986,-16.517301465893336,-16.514497159853633,-16.850399155687292,-17.06964280766526,-17.21329119815759,-17.459707734525217,-17.85401121783245,-17.920040389010342,-18.02010065740855,-18.123049524119427,-18.143682310263138,-17.998015089439,-17.95010843574662,-18.333218789059686,-18.200964712058695,-18.446665709427393,-18.265278705634664,-18.24352875514402,-18.630138918369926,-18.49169547959159,-18.547703690214586,-18.52781055194105,-18.331325897599505,-18.481069454438845,-18.46560410964424,-18.31876584924599,-18.40830634561922,-18.420680101474353,-18.64324945398188,-18.683746350605173,-18.561949504696138,-18.437900523146304,-18.406232783829424,-18.55336951009038,-18.51569571569179,-18.716869445463587,-18.696117511890257,-18.63335302695666,-18.477919874486332,-18.42144416929088,-18.401957690735657,-18.33801035712857,-18.108238028760375,-18.35666266944289,-18.35510152755458,-18.22855909642983,-18.141935449136245,-18.10198024764318,-18.04765093695929,-18.003590404147022,-18.052939624738407,-18.030534942835704,-17.830281422368504,-17.78584424098794,-17.865772505791206,-17.910753941769155,-17.80430561166744,-18.002485118182477,-18.171182353364657,-18.244967609950738,-18.256692370204707,-18.213538531298774,-18.28071935848896,-18.225805059770963,-18.17485053556383,-18.202604850691376,-18.09177315546058,-18.073597977400272,-18.083001495271915,-18.05233390354064,-18.030210529558232,-18.008267134191012,-18.069403962446852,-18.0653191315623,-18.044059494845282,-18.0446972997924,-18.04841398391512,-18.051839896223296,-18.046230622599417,-18.046230622599417,TCGA-4G-AAZO-01A
-3.8145313266182597,-5.1496843208423915,-7.460018321927084,-4.905382286063007,-5.028387400846568,-6.259538423287341,-6.726855474167703,-7.682441632571687,-8.682476578926359,-9.646393239932674,-10.37408951680323,-11.258009055939977,-11.952364777736516,-11.925880408348142,-12.754265056013653,-12.496310912964399,-12.006402672313294,-11.864825865789681,-12.032946096301131,-11.971810094517298,-12.070194657853039,-12.314064938473907,-12.926449845279853,-13.007347101589854,-13.397028330504224,-14.098636315623779,-14.29396497895337,-14.768735184231467,-14.63933449053528,-15.010907568450596,-15.244152911937405,-15.843325438141816,-16.442068371442577,-17.037473848804215,-17.608877229079912,-17.270263007663925,-17.48991099496017,-17.81515884408632,-17.823952654730423,-18.05144294056425,-17.880853421066504,-18.309706982153397,-18.356740008576963,-18.41890794792133,-18.26699962124443,-18.57339850002502,-18.855874510476966,-18.876133665163565,-18.87062188626591,-18.96610289712552,-18.788231228900194,-19.054655952440747,-18.915484083914414,-19.100879890959835,-19.02989617104318,-19.066204817260402,-19.048636141755935,-19.211848472989868,-19.34036880960553,-19.343527908020498,-19.335221024173197,-19.42422560957039,-19.38774226853199,-19.390370630086792,-19.393290242256196,-19.34694909624047,-19.14844937489037,-19.101647753952093,-19.07148438960965,-18.99733949543515,-19.019746128566705,-19.095009145742605,-18.99309736480387,-18.833115730140776,-18.76824028944142,-18.73969483446981,-18.67727762164444,-18.630825664195793,-18.688595360401283,-18.673901006504433,-18.465453667825287,-18.487892469139325,-18.53007789634528,-18.58083830462288,-18.469518758304833,-18.43871062109727,-18.38583904694908,-18.55682817370182,-18.55027835744469,-18.46513130971313,-18.474953133151033,-18.45844317739357,-18.411117404693016,-18.47958441236801,-18.350931911699607,-18.32635115760601,-18.33115303456307,-18.271611367353582,-18.24969600661682,-18.23846756373962,-18.26986849701245,-18.25741168991673,-18.249750221392226,-18.24184570248391,-18.245579865046746,-18.246981809772628,-18.243218442818815,-18.243218442818815,TCGA-W5-AA2X-01A
-6.970394076551902,-9.034646245852102,-11.743673944642339,-9.113927791038554,-11.789082859685355,-13.965684693642702,-15.532240254978591,-16.17565912117112,-16.79026177042941,-17.98988956686465,-18.154317339248006,-18.766488752976652,-18.65350938894944,-19.4225569391936,-19.902311694506984,-20.047747639580702,-20.060486125144692,-20.01229067278489,-20.1532616996303,-20.151213999750098,-20.007903543158303,-19.76851991477404,-20.16618089427085,-19.953019761905512,-20.2029976098711,-19.83668614832185,-20.01442108421556,-20.308371876063593,-20.848200807482108,-21.192437316627377,-21.501653962289687,-21.75144350988921,-22.444662959187404,-22.875066532145798,-23.5516471127973,-23.492589555194407,-23.24848317851969,-23.49420261790952,-23.374183894724396,-23.078858849995182,-22.964514560792804,-23.486671254126225,-23.53092949173717,-23.81310141705952,-23.535497334096252,-23.76742620314063,-24.195868931994294,-24.197438381564282,-24.218118627201427,-24.211230203436596,-24.14436390602469,-24.103028749748987,-23.9413552647184,-23.846440636546813,-23.922358214150236,-23.8748713723945,-24.242425313709838,-24.419029801002416,-24.499242520353317,-24.3822468179349,-24.373723619824847,-24.525300039915074,-24.505575786132052,-24.83514566369618,-24.83765593831091,-24.779664276128944,-24.57017765982839,-24.520022189331378,-24.468268266024136,-24.36145009741332,-24.31095471741099,-24.46399666750556,-24.560205677392577,-24.361785268123235,-24.279846717145706,-24.250372796869954,-24.200901204931522,-24.15475441096156,-24.228062728631702,-24.230096392880988,-24.002569404195746,-23.96408840755086,-23.99508015243103,-24.0266009276775,-23.881914563530035,-24.02883834514962,-24.106056227584002,-24.263897996848495,-24.24750299106695,-24.187881113548993,-24.233629070245748,-24.211511793185682,-24.150201520863714,-24.186169925428352,-24.050906187893947,-24.02668430263703,-24.03691544409404,-24.006714179119818,-23.980469970884425,-23.955291185272397,-23.95465460078947,-23.941017585298958,-23.937191237974414,-23.89771212399182,-23.901078760821424,-23.906739756428095,-23.899071070284066,-23.899071070284066,TCGA-W5-AA2T-01A
-5.533954373781162,-6.862716079197362,-9.23987331229191,-6.504874889607249,-9.293570862720042,-11.14508289672385,-12.004960741925874,-12.451656742482193,-12.984356565108538,-13.94377232123682,-14.458844625944657,-14.98578211533927,-15.280657185585252,-15.597977061546379,-15.666182285797607,-15.669149281290427,-16.015936524127916,-15.64323866460627,-15.660713164808127,-15.196962659353613,-15.36825337897974,-15.327116764023629,-15.569390436915002,-15.44370580573401,-15.711218239585419,-15.630202211021803,-15.80333087941069,-15.673852896288354,-15.96960159744541,-16.210909029236,-16.31920586211453,-16.712206518852017,-17.056820578607443,-17.517137770790583,-17.88576827899902,-17.890521445263733,-17.686188266964837,-17.834363317968403,-17.806257902661457,-17.5406413139149,-17.2071666037237,-17.538352252204163,-17.569514201306326,-17.511498433356603,-17.21406156970768,-17.45725858733641,-17.900904433864586,-17.819959671005172,-17.821161198996215,-17.760144533847,-17.599566020567266,-17.825911131278882,-17.6968667691536,-17.635627337099947,-17.623435133766876,-17.56473213428761,-17.66614610631904,-17.84233329205925,-17.76273645042531,-17.68021781413359,-17.67615692327638,-17.509004170792107,-17.451944881878745,-17.514528335372272,-17.466928988010483,-17.400162417824593,-17.142795021331118,-17.065352803391324,-16.961135444459224,-16.91389791352324,-16.937434391822407,-17.026972991263953,-17.111885369111665,-16.890364091195423,-16.792479252275758,-16.72323021841393,-16.64312760564408,-16.586840983091953,-16.60822639839336,-16.558918919386333,-16.310574758458817,-16.256376675619087,-16.310945578455726,-16.377602151271933,-16.22404835823621,-16.252642505424543,-16.27474703084395,-16.3952424578891,-16.360251871216768,-16.301518908727786,-16.396404841696388,-16.369832157552107,-16.300179325980547,-16.328075884974012,-16.176771108790486,-16.153329003021863,-16.153108904564622,-16.116664412739297,-16.093962307139186,-16.119727014457773,-16.121578948912923,-16.103971921810764,-16.094096789177968,-16.074344438149236,-16.075066142392384,-16.08315242903392,-16.082457009544612,-16.082457009544612,TCGA-ZD-A8I3-01A
-6.065502407022994,-8.362137418828484,-11.507859231694862,-8.789839331356914,-8.785747253584494,-11.43004138027402,-12.376912638875911,-13.352151224000812,-13.90291570259828,-14.772220832182988,-15.615606263119682,-16.220400062047013,-16.48637842405562,-16.594822439750313,-16.819680717897285,-16.834325725712837,-17.162812323363568,-17.1496761697822,-17.176473054412398,-16.732502590595693,-17.14375536137373,-17.044927998724287,-17.344035018079488,-17.237773682064837,-17.390354828264805,-17.94213910567779,-17.921024966667964,-18.131547322986258,-18.039037773252883,-18.18745088554206,-18.353855851459542,-18.569103854359867,-19.367030573348746,-19.92978519262936,-20.4042782931869,-20.364721537647764,-20.420736701444866,-20.6124927152093,-20.526359030306082,-20.37345479501375,-20.302082944197082,-20.560838997819822,-20.430621927335714,-20.70786622296067,-20.517943260804405,-20.791629210300577,-21.353567225119402,-21.252399078601268,-21.18330698659993,-21.27218048444361,-21.289038037034572,-21.270821429003544,-21.17233170843563,-21.221204169660563,-21.23048480501672,-21.246251673254484,-21.265496552143553,-21.431457685713085,-21.40824749114716,-21.122220443565542,-21.10568584679512,-20.94468131196475,-20.89202108933246,-20.90937148347423,-20.877326026891154,-20.78651958701132,-20.55510921276569,-20.463221064878272,-20.40219262567817,-20.401208823028277,-20.367705119293362,-20.51373786109222,-20.63335191877991,-20.433688624776465,-20.33540743200004,-20.266849352659214,-20.16850696479965,-20.09483139507177,-20.128026593632907,-20.074656916230147,-19.858846461072726,-19.800307767137713,-19.794383730808285,-19.83759938980381,-19.688346453080708,-19.690956296928807,-19.678063341669176,-19.801750789877037,-19.77943375937317,-19.731228858036324,-19.792632308797874,-19.76442851632802,-19.69889924969302,-19.713549465865103,-19.586468930442337,-19.552738575058918,-19.541085612312735,-19.50979092241174,-19.480277263574575,-19.486710020805916,-19.557079574221312,-19.547385214416998,-19.529376796179573,-19.483288699314166,-19.48644403461089,-19.490728223656284,-19.486755439821046,-19.486755439821046,TCGA-ZH-A8Y4-01A
-8.075117981760053,-9.843741051391797,-12.22492080521292,-9.851479393356426,-11.547743298019677,-13.504914678836355,-13.298677642563558,-13.735861321533132,-14.237889730376667,-15.532747457306328,-16.603593200306825,-17.262466893397377,-17.395594052225242,-17.96457914176118,-18.580320063977325,-18.493977609243185,-18.8038959842417,-18.487510189757355,-18.416131439509307,-17.88584706917376,-18.12518222395228,-18.17656418658488,-18.16919771881203,-17.978186671368523,-18.150334969720255,-18.123449816190167,-18.178073398609484,-18.109678835233623,-18.11486433296952,-18.214060695684882,-18.324892642587702,-18.69891619549357,-19.357998520576515,-19.651988560703646,-20.29349242340657,-20.161822766331483,-20.198435961476296,-20.37251036032655,-20.272814968116965,-20.205015419228864,-19.934327239877796,-20.424106395570558,-20.340839160852763,-20.59561594064367,-20.2786100451846,-20.666165601450132,-21.147208025758545,-20.96525298864774,-20.88853683483412,-20.89438905134253,-20.864950420423316,-20.79111827908812,-20.639186482218015,-20.657639474506396,-20.667344116849357,-20.597564366699455,-20.664422268780175,-20.84621722080563,-20.855957583801512,-20.677896889403197,-20.594321798393544,-20.555779079942585,-20.470900049565675,-20.50787017178864,-20.43603297087863,-20.341945608893266,-20.054360787735412,-19.93576239389099,-19.823029045339783,-19.75552147824309,-19.645951310270274,-19.829410895665685,-19.914092679851656,-19.6541162150822,-19.552719934772824,-19.445442479740784,-19.34282022574893,-19.25853375026565,-19.274704937587074,-19.204280925606,-18.951977752371057,-18.89243521871213,-18.931040613533526,-19.01194612910005,-18.827070910405983,-18.87906739176071,-18.883540149554598,-19.081030086925825,-19.006400817227668,-18.94473609105789,-18.97542549211828,-18.93789485386336,-18.85962093838981,-18.89569185098387,-18.750177438398097,-18.701659486361518,-18.68421215446738,-18.63800733682469,-18.604169647332004,-18.6471010580252,-18.656049440332655,-18.637269270629222,-18.619878316978564,-18.58675376621169,-18.59873570507178,-18.605772646310793,-18.604221260169005,-18.604221260169005,TCGA-ZH-A8Y1-01A
-9.005782529607535,-11.725054578244949,-13.94717847922162,-12.462146564250459,-11.795835929379601,-13.794663271391492,-14.671314320050778,-15.56399777572555,-16.077707405041096,-16.72177873046941,-17.838748645729574,-18.5205137296367,-19.565834207247246,-19.82833629925986,-20.096640746344917,-20.158134876640908,-20.15063329465212,-20.590391289563417,-20.70174251842472,-20.87185776257068,-21.044738577843138,-20.963221271157504,-21.400856414231754,-21.174129162816474,-21.574212961614137,-22.37484642651713,-22.660435755459368,-22.283549998061815,-22.67514121681845,-22.974595863384476,-23.15136410535002,-23.399872574365936,-24.065984459622534,-24.279780391608973,-24.919600895438567,-25.107410134969992,-25.042761953118333,-25.23293626640759,-25.227462497785712,-25.261522833966403,-25.198357136737336,-25.49493855143193,-25.441271375233125,-25.934226956612694,-25.96485093728533,-26.055381933638103,-26.397542706106844,-26.47595157146338,-26.63237406363689,-26.679968636867255,-26.95877481457855,-27.044329734357845,-27.07188047379197,-26.80839853607847,-26.636417109787864,-26.81442209946194,-27.184578833827963,-27.3070981671902,-27.12772804765857,-27.14918327148379,-27.210113193116324,-27.177434230568323,-27.21351326698325,-27.39189842525012,-27.45870402993696,-27.46894829887891,-27.30494345484602,-27.33237515278661,-27.358037395225125,-27.311076891889865,-27.19396920898428,-27.447276611668542,-27.513862488328577,-27.39906653651192,-27.35331023915774,-27.409644332705263,-27.400695302841196,-27.38237159065885,-27.470011927235443,-27.49738564408999,-27.407262833802125,-27.421745202618947,-27.465891485740933,-27.55661140104031,-27.438299019614547,-27.647937199543986,-27.764301033929744,-27.81080182199593,-27.849751622501476,-27.796302436933438,-27.749582776855704,-27.68141554997529,-27.656957397893667,-27.640887796096393,-27.576769213600638,-27.583394233679876,-27.610804755934893,-27.58376502965805,-27.564417000371197,-27.513687812887436,-27.51125730606674,-27.504254650397773,-27.501381010104268,-27.488035341260204,-27.481046350079154,-27.47592482921272,-27.47078163278797,-27.47078163278797,TCGA-W5-AA2I-01A
2.821159609399921,2.853412194169774,1.9522121174906146,4.691968223034683,5.213453714834844,4.361507144099922,4.080117782091516,3.4451345632902517,3.1209951241550056,2.1366316609348424,1.360150598992032,0.9238279484343381,0.9087130011773659,0.4471411065902486,0.20862989534721396,0.2744960401566887,0.2618881584100248,0.4105054336001546,0.40048835069063077,0.8052702133394751,0.6113634981246939,0.7664848336000545,0.5024798020168995,0.7746308205003816,0.6926022922421066,0.5885677982607518,0.49457695494556914,0.4256171847844964,0.035867206329671275,-0.1361524569884298,-0.31492886678826315,-0.6608258752633169,-1.2505856561734991,-1.8337903090566012,-2.2708209892054314,-2.375746465101999,-2.262716929393508,-2.4958754989401633,-2.423508480162139,-2.346263933269321,-2.194564338769087,-2.524544915846967,-2.444932545864148,-2.8157870676790986,-2.541004183948732,-2.872883546028657,-3.2720960587848156,-3.1831630279479515,-3.105037179077632,-3.1497432427181162,-3.063920396598666,-3.0081342558786064,-2.8932077476855897,-2.8828900593597404,-2.9866376036946334,-2.8761196587167004,-2.9820478481207187,-3.2849281717131475,-3.211403604886914,-3.058777081545876,-3.018396819645241,-3.036853903664105,-2.9580012005742846,-3.1108371754942747,-3.0599819518611997,-2.957173084137873,-2.7228315431890944,-2.626737292750445,-2.557961747801044,-2.5309942945593336,-2.3387469190097017,-2.5372892352736374,-2.708229524805461,-2.5050465652624982,-2.3705500276668503,-2.2886364028608877,-2.1914799351883927,-2.1068594575911206,-2.1197260637990705,-2.0661529537726837,-1.8186307453589345,-1.7881431784478066,-1.8171996868887732,-1.9044985816580842,-1.7717356093613723,-1.878410712998669,-1.9518398029423014,-2.0483105637329344,-2.021738668322036,-1.9688944109871866,-2.03724631813816,-2.008718061795027,-1.9277706000266315,-1.9477757087152023,-1.8048629176678093,-1.7670566355848756,-1.7696062037219282,-1.7402792234307884,-1.7128938398288434,-1.714422475294102,-1.7730010736315982,-1.7646413691886662,-1.761649676471707,-1.7462093596378385,-1.7532187796546685,-1.7593826445092835,-1.7519310399391437,-1.7519310399391437,TCGA-3X-AAVA-01A
-7.609787513147031,-8.815377145255031,-11.360755888599169,-10.039099784971409,-12.422027947109179,-14.390786996351114,-14.57271719957564,-15.100962155439397,-15.65930010730801,-16.656817838338437,-16.624822559935275,-17.207518231245608,-17.015609293813604,-17.183219586416964,-17.53010642349264,-17.487208185359172,-17.5964921165452,-17.659909519763897,-17.617592297031138,-17.537301391535603,-17.59466824912505,-17.470363601176047,-17.736416343631028,-17.441623437388422,-17.69217927926723,-17.444495514158,-17.644450066401436,-17.69245984849863,-18.325752062988986,-18.513625055619094,-18.812655841148683,-19.19108416272812,-19.854224449577895,-20.228307276333126,-20.876397693149553,-20.769905394774845,-20.647293472876868,-20.946020896205027,-20.930084731584905,-20.910742592407995,-20.935825808603514,-21.432615166158737,-21.301726525968427,-21.586379171326016,-21.284678207302008,-21.5131531432384,-21.87202797693606,-21.740552786078258,-21.719540320949463,-21.6947462518559,-21.49017929163881,-21.277574490471668,-21.234905634242235,-21.200031476002913,-21.235872571716516,-21.198623316003385,-21.349587918943968,-21.509787455004457,-21.55400535403179,-21.37863713881511,-21.325171166220304,-21.340908731021862,-21.272686587100132,-21.372455787493788,-21.317658127807725,-21.21670490765321,-21.006989857267865,-20.92962315481558,-20.836604108747675,-20.81813787548911,-20.740348023583405,-20.95108578798147,-21.02301358704739,-20.800473209241126,-20.666586827059664,-20.59234228903825,-20.511354100170347,-20.426999522827753,-20.479387976283267,-20.41495420297403,-20.17597956848247,-20.110264937352653,-20.170155971068645,-20.301236027966194,-20.151644819366368,-20.235155718338802,-20.326639635291887,-20.483761777337804,-20.486558065770392,-20.42985335888704,-20.44750299789462,-20.42616518361483,-20.34382229833003,-20.337875293565286,-20.19472862019765,-20.159176625907637,-20.162263423855396,-20.139879219254713,-20.11585612376636,-20.132172231176725,-20.199200931919922,-20.191559601146995,-20.188666031518625,-20.179094112149105,-20.180908510246432,-20.183962038491877,-20.18361838614332,-20.18361838614332,TCGA-W5-AA36-01A
-0.9593240835824604,-1.826428631314364,-3.419079723364596,0.32380762118738815,-2.4888029146321404,-4.15365328246604,-3.88924432887541,-4.210882221318833,-4.485416542066051,-5.4496330665776584,-5.846259458331637,-6.1173690948905115,-6.129457743967065,-6.198665085454848,-6.250108406959484,-6.1128428710029645,-6.049844814174958,-5.485560934544033,-5.433284970683192,-4.9552673252454404,-4.931686235708832,-4.728487583702466,-4.892466090222182,-4.57378338137956,-4.6504798787363075,-4.516156094696291,-4.501546962367194,-4.571679146700325,-4.548516754733127,-4.576374589414077,-4.481337991824427,-4.794125617683629,-5.20224038179536,-5.672985355612532,-6.327119431016662,-6.18868888710412,-6.164119361129987,-6.445021476402001,-6.255433205147251,-6.3135697446155135,-6.096964330003696,-6.576214673860944,-6.360841430104458,-6.580606732467267,-6.159520158659316,-6.407873198673187,-6.887352206848255,-6.714279930088937,-6.678907941869764,-6.646248504879064,-6.573517750126871,-6.584611900442368,-6.4815484159181365,-6.429814634484851,-6.3970083135316855,-6.252988132845754,-6.385392485441207,-6.55717318803393,-6.42483751779883,-6.251383884542267,-6.212728982696837,-6.261558742012776,-6.215861510151555,-6.352404505026573,-6.304088889044931,-6.205394313426687,-5.91090302860276,-5.829318065917081,-5.727403253852674,-5.688078139663191,-5.550776050811946,-5.450217550917279,-5.456881143781697,-5.1938878360718,-5.077209315835009,-5.006429321299392,-4.932850174158502,-4.8762560693703705,-4.917552362399569,-4.882583153550032,-4.581099816801949,-4.510667852198093,-4.561725900338769,-4.697954036431114,-4.50718321856108,-4.686333402703987,-4.7234064054423355,-4.912115591190641,-4.895233014123567,-4.837827753962611,-4.845047324314616,-4.82413480885187,-4.750462205008239,-4.796409721553646,-4.626773319384607,-4.601504115627506,-4.602662132916067,-4.55508792106243,-4.534292548911797,-4.554332170552652,-4.540469260308064,-4.52161376062221,-4.514174822125023,-4.49706630467045,-4.508209225465946,-4.516665768335478,-4.513407892779335,-4.513407892779335,TCGA-3X-AAVB-01A
-2.5010486206763147,-4.3213688062384605,-6.812766736325979,-3.6732990394377767,-5.837238490728964,-7.88380637089031,-8.225669229997978,-8.130803905283766,-8.465353095213613,-9.415089075740758,-9.45556813559463,-9.8864525859215,-9.892835790408236,-9.982425676343787,-10.487460373154049,-10.194879245885787,-10.251795829655086,-9.638635897713984,-9.468219634635538,-9.102043714628081,-8.953644099040257,-8.761137344132745,-8.612778310999392,-8.346610367159641,-8.522012523706534,-8.311875229589196,-8.503792410982696,-8.621661449851425,-8.648160499139903,-8.763383417370509,-9.24115840545514,-9.593114724877909,-9.885589834523277,-10.402119584265806,-10.692774282632156,-10.517205944164767,-10.428175271304879,-10.875464783188695,-10.806445887410513,-10.71065557772075,-10.492427718115103,-11.131045567049375,-11.082699749821954,-11.272654924652812,-10.939910551880532,-11.218054474609412,-11.83824012670707,-11.690217268538856,-11.684828444146232,-11.695698824405744,-11.710462667961567,-11.457327277221106,-11.398850749628073,-11.361038076364352,-11.333094722539522,-11.245412035451468,-11.283539254678521,-11.528656312969614,-11.613156301336895,-11.38570997077659,-11.394294046399311,-11.37358081905828,-11.367066810185614,-11.495930859264224,-11.503311450587043,-11.468689399145719,-11.240820215394647,-11.19118056406065,-11.161322374229021,-11.108593275977427,-10.95540993008231,-11.275734315752114,-11.440306994639467,-11.254145322389707,-11.197088218620578,-11.19303093758498,-11.150880046907725,-11.120656033836964,-11.218682837019953,-11.22963362742326,-11.002562460771971,-10.947157449397094,-11.0539901327441,-11.149021901870045,-11.019814415212895,-11.027380928961893,-11.034358394490784,-11.280083341295647,-11.298068325791073,-11.261051172672609,-11.270630180121344,-11.29514705570575,-11.246786117155063,-11.269150914515428,-11.139542289151603,-11.136579996530612,-11.168269943312081,-11.125379809243217,-11.121485437128818,-11.110285759797176,-11.155253151200576,-11.152255995587913,-11.155186347128817,-11.113342213656567,-11.113056405916424,-11.113237129568995,-11.107418244077277,-11.107418244077277,TCGA-W6-AA0S-01A
6.097784865205581,6.643630111284147,5.9722942232659415,8.135155149486444,9.374734050285742,9.089586525207865,9.277644505746755,8.756454633333648,8.475645717976148,7.787687314937543,7.144213349102126,6.7429321202912575,6.451111403558595,6.457999629366555,6.085306030590885,6.189882396087158,5.909851928432496,6.186730960009454,6.221870595930351,6.5595479578742655,6.497729890104243,6.4675665542485365,6.395455090813231,6.692012653798783,6.5890601102957005,6.366830266025303,6.50202364275118,6.642394265112457,6.829857793390108,6.681464376175528,6.649121899452813,6.273831484422215,5.65771963148151,5.31136189985775,4.723022743856782,4.63848586278334,4.793415492565027,4.585274313034495,4.677150693945402,4.937368157523009,5.259950124820252,4.880403315238373,5.012455242832833,4.83433607108931,5.130369656038426,4.817993846234608,4.409199059507972,4.5355354046528715,4.5918528146312045,4.523468189038954,4.572904024931539,4.443986726017069,4.578007261929509,4.5444232472768045,4.513953769851893,4.6006987173131755,4.553180914978916,4.377627928663326,4.42384899844359,4.559042737428678,4.5800420611130725,4.591694752482483,4.647291151409039,4.528709086345751,4.544275428052065,4.631946938868097,4.86947772019768,4.947027132805511,5.011221926253323,5.03197263812526,4.960153284797852,4.829719027371601,4.698085874256229,4.919015622879606,5.016225652660747,5.069848158312814,5.148071489776002,5.201251964840897,5.178024108782156,5.189670974034759,5.413934290648695,5.450647440413008,5.410720241428172,5.340405118605858,5.482527440122676,5.4706600128837355,5.500136528819709,5.3447686143863695,5.368962006799633,5.41768437506312,5.372933577253227,5.3906212462288225,5.451862400559114,5.415724397331152,5.543382336927938,5.567806313906941,5.56804419159554,5.596643069190558,5.620961237002089,5.610848310792286,5.568968026252701,5.580910861746936,5.5936850003845855,5.617037005189734,5.607367641301895,5.595311793025249,5.596681066930327,5.596681066930327,TCGA-ZH-A8Y8-01A
-5.440277785574779,-8.413007348666248,-10.74544971285567,-7.860261454967951,-7.6434763791772795,-9.735324677195274,-10.815307201932585,-11.127750002227085,-11.283463682719782,-12.01213782012106,-13.081272194983411,-13.254079145369213,-13.558684457276131,-13.904624116122388,-14.099843225845582,-14.076672438208108,-14.100454982693023,-14.241793046548922,-14.210246728438968,-13.921330377408836,-14.061498278154867,-13.789916618235916,-14.136683316071064,-13.799757398591224,-13.84551025675173,-14.301312130747307,-14.269736840622231,-13.820074733316677,-13.785772160906742,-13.968596770324563,-13.949116969847191,-13.99809092741284,-14.467619322788718,-14.93535934309191,-15.416267938783234,-15.60613235895231,-15.40822329087415,-15.544401953949722,-15.415376245511501,-15.28113023118635,-14.974275669599077,-15.201996518260286,-15.144100407325354,-15.47069778706305,-15.188044627334444,-15.401643712455625,-15.849427594688066,-15.758895119286388,-15.642232464511853,-15.6774578261258,-15.720186975825614,-15.96537197258589,-15.876777656294678,-15.850609875289805,-15.84784725956602,-15.808589763047477,-16.148482853901587,-16.369136466721503,-16.037184323765192,-15.960233291890242,-15.87507021707756,-15.71275917445873,-15.616543215140833,-15.809599737436448,-15.768722654821305,-15.648527054475874,-15.421127171322334,-15.316573179344136,-15.25828001369839,-15.224073186090392,-15.163947674522433,-15.199720110677019,-15.313918819426776,-15.122637162431099,-14.985041682681494,-14.895778099760149,-14.783362990637263,-14.694760778424772,-14.699281522802925,-14.641268020256037,-14.41969129338424,-14.39482577909776,-14.405885718576284,-14.462129566956293,-14.31524106636219,-14.498862397881712,-14.685481228253417,-14.81599456749859,-14.778487213915383,-14.739890322999194,-14.796084928558559,-14.765106553125094,-14.69389015539209,-14.70575127060233,-14.569414924695266,-14.53180800965015,-14.524544911107647,-14.504710127215844,-14.481052149668955,-14.465198589472411,-14.489827378388659,-14.474261639800096,-14.475697523781422,-14.46319103394569,-14.465473277951563,-14.46681785204135,-14.46588093633883,-14.46588093633883,TCGA-YR-A95A-01A
-4.13154721728151,-5.417644712794777,-7.699897411654915,-4.91892664374957,-6.590603727569566,-9.360007402653729,-10.333775963192547,-10.452913651858095,-10.543028261369164,-11.473615031182783,-11.781229450339284,-11.850066882384477,-11.973402097583074,-12.285783474699846,-12.404461540384768,-12.213153011500427,-12.38828656538664,-12.28853326968417,-12.106150098618528,-11.839010620606501,-12.065429993067454,-11.999799534389126,-12.074867600183497,-11.722644080772215,-11.757633420529055,-11.861513625136478,-11.934501136386324,-11.963047694725285,-11.80554848171667,-11.826932235256919,-12.10297350212715,-12.442649644134455,-12.809862847312385,-13.072457255732676,-13.856701114883657,-14.077596974705257,-13.877893418935004,-13.915727226855036,-13.765721808425992,-13.563740685619068,-13.359359757681116,-13.946109180069094,-13.713981413975535,-14.06348075799839,-13.733611028169078,-13.901219625235258,-14.476402742829437,-14.285733598929724,-14.200525448030708,-14.257871063921009,-14.09082029218776,-14.24798566336451,-14.157275197567799,-14.193097604985642,-14.301139221965379,-14.207633016932926,-14.427067717249958,-14.562970563210266,-14.588809642721744,-14.406933105078751,-14.35921337733737,-14.265839884166875,-14.185703935847393,-14.303786961835115,-14.27367411388362,-14.188823422780425,-13.916519747406369,-13.819044980660513,-13.76364054809077,-13.745903946248903,-13.810349239458102,-13.817535358709945,-13.913060242674645,-13.707319987626871,-13.605709741143606,-13.50590390701016,-13.406747132035298,-13.32287110081078,-13.324851266018186,-13.275715258851047,-13.012315879331657,-12.95308731087622,-12.9858447153951,-13.045826300222918,-12.87863307933851,-13.01160716648028,-13.072305038044423,-13.300945695314145,-13.290478777464545,-13.247840534428097,-13.260608054215778,-13.249170942352194,-13.182572612667752,-13.22570480989474,-13.073643619503168,-13.038867019133122,-13.035273293733793,-13.02959498103822,-13.003975003157382,-13.00283202351293,-13.041759005800207,-13.036976396147212,-13.026382986478243,-13.012500736987056,-13.016575294365115,-13.015274271847733,-13.015577344951383,-13.015577344951383,TCGA-W5-AA2G-01A
-2.853276406197985,-4.166677396841865,-5.926594955707798,-3.6778314698515904,-4.093281805306795,-5.648408789536868,-6.562847872863132,-7.402162726460815,-8.126117787214287,-9.13698359141761,-9.718592671340646,-10.176453775616862,-10.900992293503277,-10.260408520340992,-10.638369361373957,-10.76580124636282,-10.983543473091375,-10.875073704550651,-11.044554973303024,-10.504269309213594,-10.685184939399123,-10.72820020984083,-11.041352332368895,-10.965578955264895,-11.162139016300225,-11.567411834972582,-11.594682148091016,-11.58879717564783,-11.732569684824934,-12.002089888724095,-12.14409659143633,-12.564414875417857,-12.963839986517462,-13.334053606798232,-13.985383684890335,-14.046039140079307,-14.167164888759876,-14.480526801161076,-14.446528687794519,-14.48619364843426,-14.28777090988328,-14.767471315073026,-14.874697626787215,-15.35261432209467,-15.087371396985581,-15.409014188599308,-15.869049475270526,-15.829556580397371,-15.791551691578798,-15.839239949609011,-15.868155270735242,-15.718949699490706,-15.631043031180086,-15.6807764455727,-15.665177307271417,-15.652582252703985,-15.951083084247646,-16.305491378628673,-16.39186087670145,-16.345030134436737,-16.313481346992546,-16.529631530954134,-16.47278950486706,-16.60128695687576,-16.560290828432688,-16.47276762500185,-16.245920103963147,-16.159286080606233,-16.081719667759497,-16.0074971239365,-16.044937407330792,-16.2330743530702,-16.330743538363606,-16.125318511992397,-16.023752592462696,-15.948424920030318,-15.858364073450465,-15.801910313439656,-15.720104244154498,-15.665268895440986,-15.453958845075963,-15.44647746103871,-15.41595728026663,-15.440122777919914,-15.309865834866887,-15.422791409198405,-15.482584607539144,-15.669560965852664,-15.654739281773786,-15.596736537492225,-15.617515908559803,-15.576129059262362,-15.505099014879303,-15.559146544412485,-15.439022897581314,-15.406536690922744,-15.410360083160871,-15.361237656663809,-15.328506134397225,-15.36186437007579,-15.402220387726128,-15.386124073496296,-15.36701476252048,-15.327752046216716,-15.338093730139851,-15.34569865937072,-15.33924336168637,-15.33924336168637,TCGA-W5-AA2Q-01A
-6.730497662291098,-7.924881273094224,-9.758765676974061,-7.680659289246074,-10.385007989994506,-12.555842449467644,-12.868258377965786,-13.532234552385201,-14.030351465154826,-14.77494627286676,-14.917887549077989,-15.287195403545052,-15.108658049852563,-15.151389782008907,-15.21951595634727,-15.190121818759904,-15.596017277004606,-15.248362586150408,-15.238957596711735,-14.82615349210647,-15.013122851822772,-14.964136426346732,-15.054678846935612,-14.691444200765762,-14.844643917085724,-14.537844269436798,-14.475904586311135,-14.47855763161028,-14.49696898295261,-14.589838131674634,-14.840359047145816,-14.95378173433613,-15.128380026937277,-15.187836956319096,-15.445893932508048,-15.46374556978552,-15.436391083560622,-15.57097863707687,-15.479765775861967,-15.327432398939457,-15.047028120213348,-15.061067771116928,-15.134909225704877,-15.291891043535779,-14.878555337076236,-14.814107236407393,-14.893060012521813,-14.736183236537972,-14.65191945766784,-14.675011540280655,-14.431967550606625,-14.242215918152263,-14.045879770422465,-13.689426732154544,-13.617598913213707,-13.513316531373784,-13.589415754646948,-13.59683119254763,-13.679638443805073,-13.496407916173679,-13.432808216588828,-13.46512305933842,-13.394297357219132,-13.527024088277958,-13.463087956027648,-13.366282441411085,-13.106197925358275,-13.011888422667921,-12.86988610059039,-12.80386719276544,-12.753307041691176,-12.854548336394616,-12.980882100321553,-12.736518773229005,-12.61653245823919,-12.520236344699835,-12.417018328051148,-12.332043050684367,-12.356431127239295,-12.296174204726555,-12.027130934222662,-11.966019837087838,-12.002837950404544,-12.093922074505018,-11.946840606931802,-11.986596714692814,-11.965842362673891,-11.971642739684771,-11.942294740575367,-11.91304382774263,-11.98341254098593,-11.94888312221096,-11.87173623771556,-11.922160622805707,-11.774035181996174,-11.740070744562237,-11.73188069865342,-11.692251395774592,-11.671768130621555,-11.704945574574527,-11.706760037426633,-11.685790488301068,-11.670362465980183,-11.63892981821613,-11.64699965208107,-11.655658789736318,-11.649253220241466,-11.649253220241466,TCGA-W5-AA2Z-01A
5.351869958765856,5.721741440656551,5.0381573063865694,8.29532295168261,7.883362884814552,7.23160737588378,7.207891744075281,7.03438836495945,6.939807857923534,6.390620706895569,6.3456351399408435,6.153358740769344,6.333032592619981,6.615840462855452,6.513234690949428,6.839671517856501,7.000721803866626,6.940072666769695,7.17860413916208,7.73944881428066,7.794149481154046,8.070123474772474,7.988018065018421,8.473005472930078,8.510756708767628,8.3002016337214,8.11505633330273,8.22610605708734,8.259181573965028,8.157500942636469,7.941315667920596,7.757472831118822,7.331143411802025,7.025380620380506,6.528254980642692,6.588831653903021,6.821616862469372,6.691705526861638,6.8222186153119315,6.973763198754732,7.126857843512476,6.830371579077767,6.901148965010795,6.674246267383193,6.964740303142503,6.82006560618655,6.426255770035805,6.568467677249687,6.647094882423572,6.654762330685703,6.564511362344658,6.3560030784735355,6.571102361850853,6.638801535619547,6.692837753006868,6.779184397248798,6.583055437026479,6.464027299441335,6.473434503363624,6.603521756071272,6.682191492376109,6.656784165736606,6.735964780562089,6.651567392223391,6.697464772734989,6.811029785548007,7.051641674780233,7.140363968828182,7.226817014141086,7.316836722405892,7.306149416677936,7.258643481265433,7.194128396247101,7.359945898960627,7.48471013203587,7.555741747103581,7.656227302046192,7.733190783347772,7.723687908786141,7.777185274682524,7.98683653594488,8.021617503463624,7.982097492183014,7.9302407492197355,8.091322834934124,8.011683858248553,7.949674123705467,7.781102855061865,7.8037126417528215,7.858066592592545,7.8774487817746275,7.912940416661992,7.977273444291584,7.942696408463409,8.063235056352292,8.093917203772438,8.096092535924317,8.117029452297226,8.14691208614163,8.138410569941684,8.139825190287093,8.145535808723896,8.15446967509372,8.178491537462223,8.17733482400158,8.1763119136675,8.176707913100229,8.176707913100229,TCGA-WD-A7RX-01A
2.6233567830620843,2.176095038549912,1.3013656688182982,5.742275569894935,4.117935956822959,2.584696897198347,2.0215411282381215,2.148673501955898,2.3154429513445285,1.8695647062799887,1.9953646892965993,2.054462111180448,2.44435863785417,2.356281928756084,2.3917700178686547,2.8449943527958483,3.0844551899813215,3.064252055432944,3.4354178481650948,3.9961496219476134,4.166611394423659,4.537235596068472,4.543865863730142,5.042879857564257,5.194965042082923,5.2922885709687675,5.340242516305322,5.446360969458028,5.332090072884892,5.400929175410199,5.137940426205144,4.942228766075609,4.652455443928624,4.380433094796008,3.9104134207225805,3.9234790737416185,4.204825773101075,4.10333211238465,4.266812738317336,4.182809605931137,4.225831626071995,3.84215645360334,4.063945898624448,3.8314306212744094,4.13199269601181,4.025303315301292,3.600146237331403,3.814925830500963,3.897895170811507,3.904903733870632,4.1688843321215785,4.409140763558179,4.601602453261884,4.656446983353956,4.684769956701292,4.745435367458915,4.577942166503912,4.465687872942442,4.253250588353212,4.456075183907384,4.4901273217087985,4.526981138203692,4.5731933307916774,4.461385536608164,4.512101373715761,4.609019812601406,4.838294363522302,4.922915204808599,4.99957015122001,5.049616766199247,5.213515604413621,5.0702073068814775,4.898460361341802,5.069276857872428,5.184842540563915,5.259505647157839,5.344169785911636,5.404260798877423,5.381081526663975,5.426222603986759,5.642440030420343,5.695205908748934,5.663497999092183,5.632592661212304,5.780526305180687,5.624378942525393,5.571903704530773,5.409231200297389,5.43123999457495,5.475183313693986,5.44410027093479,5.445020850544522,5.505141192160537,5.456831818945326,5.574455754090866,5.596660381331941,5.594372635002578,5.632023614763978,5.654720916364146,5.656294627479027,5.618345026321323,5.633839858649058,5.645796301610783,5.680176263795498,5.675850610036191,5.677750422752774,5.682599805096551,5.682599805096551,TCGA-W5-AA2R-01A
