0,261,623,1989,3397,5225,5285,6553,7945,8215,9427,9555,10037,11375,12273,14663,15179,16967,17561,17691,19729,19767,20283,20597,22315,22429,27637,28725,29179,29473,29967,31095,32691,33177,33523,38241,39195,40191,41533,42183,42489,42551,42577,42685,43989,44125,45905,46519,48457,48533,48791,49909,51537,52245,52307,52439,54265,54267,55323,55947,57287,60155,61881,62003,62581,64075,65215,65691,66571,66731,69849,70747,71109,71503,72423,72611,72777,77391,78351,79989,80905,84925,87135,87489,89047,89735,90393,94287,95551,96663,98225,98371,100073,100583,100609,101615,103285,104167,104345,104621,105917,106821,107853,113481,113695,115345,116955,117337,117463,119043
,1634,933,923,7075,5362,1906,3034,55423,2323,55350,54873,660,973,80714,22797,1955,83937,1277,921,7450,10578,8942,11126,1380,5228,7010,80177,79843,3802,5787,79689,3791,10462,79368,3824,83888,57520,22915,94,7090,1291,1292,7941,79742,51312,25891,90952,6876,55024,654,925,54538,1193,931,3772,909,910,913,917,255877,64123,2215,3577,8320,50852,1493,29851,51705,64399,11082,26585,915,762,3811,5729,8436,1281,126669,1084,8862,4118,926,387357,79812,8794,161198,930,940,1003,3579,1436,8302,55803,4051,2359,375033,3805,9437,5079,9895,79674,117157,3823,3514,8718,100506915,3804,85358,645638
TCGA-ZU-A8S4-01A,95.8504777278,1.17910778849,0.543097059741,2.58076624763,10.6483722013,0.0576658195901,0.986429748712,2.63368684701,0.94477301752,5.90190441564,0.00460596898268,1.2278807685,4.01157884956,152.79296586,2.085635395,0.447711565685,2.62881057059,0.116902464373,1.20407315078,6.4947941704,4.29346306333,1.65290628,0.519668232797,19.3347472004,5.91397162247,0.576836672594,5.00091093353,0.485022681904,1.37364334401,0.210534796854,0.41891341331,0.44829419954,2.34740143174,5.81905219628,0.0,2.58982783662,3.37970434476,0.0608806388007,0.449876738733,0.0,5.04400829895,1.09032561629,4.01772765634,0.387419950057,0.9492049386,1.26755179449,5.56992169102,0.0249878345882,68.1599410631,0.041067473634,190.675491069,0.200927295131,2.28809734159,0.143715204926,22.1366291464,3.4714365728,0.083025627635,22.4150432854,3.51371778431,0.19383871962,1.28859954667,3.61848166416,10.0923762392,4.18371957592,0.0636778359237,0.312377067022,0.759516011048,0.794768552754,0.22086896885,0.192912249851,7.2633309722,4.21698473649,7.94650792806,1.93157991507,0.509392550455,0.739406456267,2.82020198326,0.296776956871,2.41108067581,0.0,0.99190246011,2.54494951428,15.6304356585,0.0139169600444,0.82142968259,8.84041657061,3.16777568948,6.70392192482,0.0559127786745,71.5635778334,1.13395650978,0.0238454361457,0.123069155385,4.13752062179,329.102326765,3.61470791374,2.6146263409,0.761212821011,179.351740376,0.566148022221,6.6491412408,1.78651251327,0.0998552207343,0.0334726883827,0.0773415418773,0.17535369656,1.7166203979,1.64228537564,6.16705531143
TCGA-W5-AA30-01A,17.3857053744,1.87620756014,0.166574608284,0.598279455598,5.08328977776,0.151975660217,0.665904457508,7.49779356058,0.900760318163,5.49513592211,0.47341409695,0.606754546455,7.829213977,54.8248808216,4.26278700422,0.458273893728,6.62417381985,0.363107437636,1.19899513138,14.553965525,8.80629361873,7.3683979023,0.243735633512,6.36948150523,11.6201068225,0.206655853656,2.70928132016,11.8107650928,1.09691300227,1.25492581669,0.0534206787072,0.589158457595,5.68227057512,1.34530996454,0.0651408018907,16.0479345031,3.16178939574,0.0200560213613,1.00105706621,0.00810144705236,2.06916693255,1.75965830028,28.8208288889,0.839481381445,0.282339275398,2.59598935033,13.7119086347,0.255185444479,48.1299918711,0.916102084765,192.44620285,1.98575550583,4.23825514743,0.164459375163,3.98522085219,6.76110764559,0.426680061007,9.35097297568,9.06773132589,0.131704335804,3.90398890574,5.73372732253,3.66724954557,7.95522244141,0.107884322637,0.366885663986,26.6395738371,0.272508688481,0.382327414335,1.98878620915,5.28482440379,3.42915292893,19.8860671858,1.84749378863,0.0915327978379,1.03054784241,0.404592540264,3.07968511452,0.888320712559,0.0912782131516,1.0780427746,5.04207762751,10.5905523586,0.0412622088222,4.56083986754,30.770173714,5.15197488134,0.98870443706,0.460486250456,3546.53844046,16.8246302429,1.34799455098,0.0973029583637,7.32268879833,152.100217109,2.27446054014,1.77237513665,2.92775337179,58.8275005689,2.78828248049,1.40813928519,1.59404585302,0.736352889783,0.836474408156,1.07860113995,0.0495146505867,1.62967003337,1.62306331984,6.51793729171
TCGA-W5-AA39-01A,0.866599371894,0.929941776328,0.10598224478,0.0309101076523,0.570744209984,0.0310801302467,0.0479361749709,2.01975397594,0.0,0.673021572413,0.0,0.357366894656,3.16134604487,20.6879410744,1.57851541504,3.92979129345,2.69065127564,0.0,0.0884944037407,4.71902491043,1.96515953673,1.16886729351,0.0142416324608,0.283836194847,3.2421176456,0.0466346243998,1.15575702522,26.471233335,0.071073807281,0.159569829959,0.0873993453804,0.0308447229142,1.24927658563,4.55322521845,0.0096885591201,0.426163163185,0.742771338064,0.0,5.34623897583,0.0132544397815,0.0919600069794,0.724177809453,1.17817951152,0.23448983994,0.0298015172935,0.555591708834,2.95146696139,0.188547604585,48.3642426563,0.426872400819,41.1036388089,0.0,0.896883758546,0.0,0.207314902911,3.48289859569,0.0402734688442,1.57960191371,1.94995912866,6.38592429642,0.747203558522,0.331542844215,1.99538901655,2.09421656233,0.0441262606704,34.9899695619,0.0250626199993,0.0524517770141,0.0562742509959,0.0733933129254,4.41099035687,10.6045325443,5.46976231924,0.00515803339161,0.065516935153,0.0122620826364,0.147097108463,0.0342758124285,0.0392795806663,0.00403612106064,1.80029505536,4.29762523812,19.0828787128,0.0450049197837,0.0232334197321,2.36036739133,0.820515438512,0.27889277783,0.753382357179,4.37277871649,1.26934936935,0.00771118072855,0.0397983284299,3.97660573508,34.5923653869,1.38087985331,0.216800678325,0.47037400032,5.76048036699,0.411934460183,0.202087542162,0.152033074252,0.0372592659337,0.038658782696,0.0694745810752,0.0,0.485391536839,0.158061085343,2.11586320809
TCGA-W5-AA34-01A,2.1550356995,0.550761435695,0.705947565673,0.0384332066388,1.43620770744,0.251189967702,0.197774210501,1.20737238954,23.4744989737,2.03585990808,0.00926003713402,1.0944055904,1.35488552017,13.1746120968,1.85564794426,0.241097809663,0.842732034082,1.34300409531,1.42125616928,3.59492042406,1.34124299694,0.773812626744,0.203640294886,2.57126012811,1.32151366851,0.391397781258,0.924769918681,0.327701020611,1.12674559388,0.0925899109763,0.203758415707,0.0958797703661,3.60343710027,0.511825629654,0.018069933574,5.79418241894,0.700909817787,0.0,0.13039637411,0.0329607796086,2.53695912076,0.195585817418,0.583719197689,0.0478993846131,0.0926370012339,3.86856489401,2.07424258247,0.0753549178432,18.8295810005,0.0471793178785,66.0920541852,3.78440021455,0.700468067901,0.159672503945,0.670208565449,4.54897670631,0.0166918274497,10.7704802441,0.894240853962,0.328810772554,0.522597781365,0.836596292997,1.61947305116,0.872413207013,0.0274329956016,0.705380539516,0.218137641229,0.0380437311171,0.0201838375476,1.17492415632,3.12171798556,6.83446318357,4.29876293726,0.662186485391,0.00581877602582,0.156276691144,1.35649750613,2.59970276365,0.274723286245,0.00250922896303,0.167600606599,2.10397119372,20.4644427761,0.0279792519856,0.180550734313,4.15982895517,0.997030948726,0.913164895875,0.112409442777,5.54623124814,0.803759666244,0.0671158392563,0.0865982236574,1.53611160066,97.7600962844,0.965794045601,2.95681313061,0.229068843675,18.4024904725,0.52167876272,0.15076373763,0.67616670407,0.0463276635251,0.00961356071918,0.0431918736849,0.025181326787,0.0807539100411,0.652482918661,1.1789781339
TCGA-ZH-A8Y5-01A,1.77112199118,4.94650204105,0.0916470478597,0.0124736244571,0.81709139986,8.06465791052,0.0369302402944,2.10035194588,0.00725247630646,1.97818156936,0.00300537570944,0.507418510942,2.0856881324,67.4062437524,1.23346801602,0.104332123118,2.75985444841,0.0108969106368,1.83914166584,4.36522933844,2.48684060823,2.23861877173,0.0,0.392711052874,3.27848847216,0.0988006800077,0.128691895478,0.718554560361,0.229451929635,0.772723598108,0.0264521873637,0.136919626384,3.45197206591,0.576316315236,0.00781954235511,3.19277337652,0.497785458262,0.0,0.221507690038,0.0,8.04127661016,0.831202812386,4.67110006258,0.148699949953,0.00601312908953,0.0647707225166,2.07139168438,0.0326089174222,46.5111472302,0.66990891695,239.453899605,0.00690022257754,1.21700005982,0.0246772570427,0.376474169084,2.1504858554,0.0162521635834,1.12437459113,1.21677526114,0.0197623379333,0.47838954908,0.940482653601,5.70720258403,1.36817197272,0.0,0.121113253764,0.161822385505,0.0105833304746,0.0366840952775,1.37227826402,5.78417700366,5.66001767917,10.2555975913,0.65046857192,0.0503600806305,0.329062225748,0.15829420463,0.0276636766849,0.0317021696316,0.00162875713472,0.291337709056,3.52288944033,25.2107917814,0.009080758864,0.176576326915,13.6499518754,0.882973432193,0.502704715039,0.0243219045413,17.9650431271,1.20471212042,0.0062236193811,0.0,3.62544821215,281.145388311,1.89366917152,0.535869299697,0.88264976158,88.5720620607,0.0246272828487,0.0244654350939,0.117985022806,0.080190915072,0.00312011295943,0.0224289049625,0.0163453659552,0.513143630296,0.158186270724,1.94840473712
TCGA-W5-AA2H-01A,0.256268266086,1.24361258783,0.0411243882995,2.34384266684,1.46721491848,0.327128900656,2.77869365819,4.39750315934,1.34242874401,3.50607891585,24.3150669559,9.91357856045,2.20521891376,70.3218946372,0.272846608237,33.4972114265,1.07775643738,1.88865595756,10.486139346,8.58663440954,3.82929036228,11.9659278091,5.8992118747,202.73508912,5.25978998214,0.0475011504592,1.03770851357,0.034920640986,20.1497863689,0.426202429205,0.578651630724,7.24705167222,19.228057017,33.3718357951,14.046284447,5.57386163225,11.2945525989,0.0891267230741,0.924263440859,0.0720038550943,0.0234171829621,0.376878514077,23.8291114402,0.898519427416,5.14015811602,12.3830641706,7.73956148134,1.05170807832,47.9894441496,1.27542562715,33.9092831326,3.0072885639,3.3420664346,0.141184831779,15.2462615259,10.9422858512,1.31269750934,12.6332587972,1.99027847217,0.226130671804,1.54169001889,0.476757599172,0.655214965631,4.83000180941,0.0499401982082,0.159063316112,647.040618674,2.05394798206,1.33746416141,116.317811692,7.284170528,1.22251353226,8.22569451418,5.9649002186,0.00635564921043,32.5612384495,0.0166478161551,11.0556874641,12.2762302634,18.3739519208,0.6577906767,25.9058035386,15.3406070144,0.137523492055,0.0999194121963,9.9374665903,4.20413400069,7.2218160744,0.491123894827,3352.56692338,0.0558675777397,99.5265253858,1.39179876429,4.71785822845,33.511865723,1.49103954909,0.855712721428,1.82063358514,67.3344087679,7.91520385379,11.2527269358,32.0992895402,2.63131002009,196.166252763,164.534505986,0.0550093968221,3.22643590163,33.1183713486,5.50640446393
TCGA-ZH-A8Y2-01A,0.370790993252,2.05065812674,0.0951253970778,0.0791208323372,3.55747937604,0.52073044649,0.672329031472,4.50606584526,2.97345531909,3.35898910276,0.0103981366341,0.508197053804,1.8882283764,16.5271006961,1.01180405422,0.126340571609,1.31722203449,0.414717939821,0.339779674657,9.11749166851,2.6095578797,0.674844648575,0.119305349933,1.58517298458,4.9317672561,0.276723669645,0.502031489547,23.7030989807,0.285296421508,0.445584087225,0.0457602451527,0.0915142453043,6.33797867523,0.387063911273,0.0,7.50230928563,2.39820206861,0.183253571761,0.560767652955,0.0,2.0021585118,0.77075655277,3.61642308784,0.100557240067,0.124826997853,0.655051934981,11.1898183619,0.112821827162,9.40053438446,0.509911946909,114.654584146,3.89141413552,1.26397242231,0.13660720804,0.600616859235,4.38803222771,0.534184814761,13.8708296384,4.95351181,0.013674928522,1.53979486499,2.67529816367,2.76307185031,1.9144044397,0.0205364213571,0.0817625730205,0.192458924168,0.0610278197905,0.0438180727927,0.409888164407,2.01414727259,2.88522535654,5.76370138032,0.430299611386,0.204729785447,0.620613394274,0.342295965476,18.5920669923,0.28106683771,0.00281762429527,0.567788207605,1.04704299577,24.8351788949,0.0,0.183818704075,12.7421285113,1.72708931419,1.36286929542,0.126225060229,16.5382290452,0.377428027206,0.0,0.0,3.20994871475,101.505075359,3.12737920964,12.8079085394,1.79508410315,15.3404105301,2.06626009893,3.99249955794,0.636807584204,0.147394358164,0.0323853294923,0.0776005534422,0.0282762231696,0.477257487255,0.383992819176,3.77914637301
TCGA-3X-AAVE-01A,1.29325334939,1.38878733823,0.585287143693,1.14920102942,7.31145800551,1.26056974604,1.13781586084,4.19797021234,1.56033846398,4.59616335105,0.556919863336,1.27496486788,2.08532337391,65.8231822485,2.84645652726,0.704528278192,1.70946250778,0.342251463308,0.990773764278,6.21283782257,3.15406023182,1.36937898884,1.3628272115,13.2593890376,4.43303614842,0.672347756261,3.67439518088,1.80466101154,3.11912969797,0.323597260422,1.02466991175,0.757454684275,3.10446105798,3.23688672077,0.325416177207,8.53663195488,2.45444913845,0.062383378656,0.582589758386,0.159594916168,5.43076151853,0.599998473169,8.56002496601,0.447932445386,0.566583217541,2.64462450777,3.03852841793,0.153627712615,50.2550441765,0.264510133692,117.814526202,2.6873653256,1.38543086765,0.147262581737,9.3937855198,3.13083693511,0.323284926407,17.3421029033,2.97113258055,0.571042028093,1.36593779701,1.70558708779,1.82405178599,2.03996811872,0.0932137429352,0.106695862808,16.6135418401,0.808846084148,0.434810189745,4.24030058206,6.54305441883,4.52575662773,6.6302137287,1.26992843643,0.0296571636148,1.3987523183,1.88770114366,2.19388170713,2.39591637977,1.0026614711,0.810792222028,2.42498002735,21.605945735,0.0142604776378,1.55580521018,11.7994435465,1.78055476629,2.69827100718,0.381952633051,223.696035091,0.543731322401,7.91173634737,0.226992452289,3.02283103287,117.390918671,2.65075290148,3.63232832241,1.72395374179,39.351993739,2.28181504152,3.04803938661,4.06143361751,0.220381506047,5.2869315869,3.01152251253,0.179682018237,1.0094710016,3.76631708489,3.05265399884
TCGA-W5-AA38-01A,1.75452216419,0.319079578335,0.301948165972,0.0362617632709,3.13258727524,0.0273459171862,0.250504292743,2.35701914476,0.0210834934031,3.12872295384,0.0,0.458058525685,1.34907358566,30.9156509817,9.39374446188,0.0606602637925,2.11365643304,0.0,0.674803870298,4.05457805556,1.81675512193,2.86107461233,0.0835368661112,1.66489243923,2.41230186007,0.280382403139,0.242297256232,4.41532965396,0.114646467901,0.124798085775,0.0128164159434,0.18092529037,3.61495969175,1.21219742802,0.00568299925062,0.304315804437,0.505706891062,0.0,0.133499651156,0.00777463092414,14.7123537902,0.266357679343,2.05623612266,0.0275088497296,0.0262209269222,0.76041547495,4.23571234825,0.0394985718384,38.5461661289,0.0500779425278,32.4798351016,0.120356792118,0.812141185766,0.0502170479237,0.55937977434,2.28407858453,0.0629950137888,39.5968880856,1.66978303465,0.373428905517,0.476214309129,0.297428438129,1.19287807912,1.63367845371,0.00862768492246,0.0429372349134,0.102906525353,0.0256387805598,0.0203130324858,6.2099873974,1.32350614093,2.45232697037,7.37777861618,0.189096099945,0.00183000671579,0.00719254592657,0.445792732625,4.74480278107,0.13248084593,0.00236745966853,0.166171890752,1.07714157925,22.5382966994,0.013199224066,0.0204419726334,1.96756077239,1.14488239953,1.7122377446,0.0530292026074,3.49201625562,2.04064534215,0.0,0.0116722139918,6.03736226868,43.3381459846,1.66234268617,1.06503494445,0.515025207425,20.0873319808,0.787526972703,0.284491430297,0.397869935738,0.0364251584016,0.00453520137242,0.0163006278764,0.0,0.0641611646792,0.59336693082,1.56787616015
TCGA-ZH-A8Y6-01A,8.01504678626,3.03894211918,0.0375839546515,0.102307307629,1.23464104536,0.185166097372,0.131976900267,16.2755237016,0.00892260297453,1.7903833399,0.00369746457782,0.1774237342,6.08566819406,67.852098326,5.56422359117,0.0,2.37069527307,0.0,0.197708671705,13.3808030012,7.15832077593,4.18766701429,0.0,107.54024382,12.9522010804,0.0231529258243,0.0255024215926,11.8242456429,0.23818299412,0.850320787736,0.0,0.179935202503,7.28294578964,0.00834155924826,0.0288607651769,1.11309142941,1.11947249714,0.0,0.928331249224,0.0,1.8547687355,4.7874306403,1.2958597441,0.498935771488,0.0221935630949,0.416820962554,14.5722105915,0.060177326604,46.4306674988,0.141287654253,100.766079809,0.19525231239,2.9193694718,0.0,0.174975338023,5.19864840164,0.119968626166,4.25518953177,8.3633600513,0.286896717172,2.99627917243,23.3881126215,8.78973964739,5.54697915413,0.0,0.694138978704,0.17420150478,0.0434016612546,0.0322370302826,0.0850218742278,6.17271084071,45.747786362,15.6723443381,0.00768250410842,0.117718648619,0.0213073617907,0.0365150195274,0.0340341689438,147.547065657,0.0,1.08435818158,2.21958289002,7.30633664079,0.0,0.499841870579,3.74705152941,2.99351857419,0.553853183651,0.164575627345,0.366188617741,5.52008734463,0.00765681712778,0.0296383135255,5.05989025599,123.846172736,7.10683425258,0.127817892395,2.81791585937,43.0565776044,1.82548723213,0.0300994246265,0.116124034987,0.0246643927921,0.0230317436387,0.0,0.0,0.0712771855765,0.178919305568,5.36970617779
TCGA-W5-AA2U-01A,1.06447783472,2.85409564087,0.157610017369,0.259676253424,3.14195396058,0.280971271192,0.386794997203,7.47153532971,0.0984666842139,3.65991474999,0.069366644759,0.848460362022,3.11962630789,39.9590601918,6.39993685605,0.269137764731,1.55256142435,0.0887682452096,0.509096660809,12.3176218863,5.81649711062,1.7620020226,0.616427502415,3.35460836243,8.65356614135,0.172467551626,0.959226631545,0.996711367607,0.769080539569,0.915070000215,0.143656266899,0.460513665143,6.00993129526,1.11385934806,0.0424662901466,5.66470648906,2.52169017708,0.0359557787652,0.960902320272,0.0145240091564,13.7926674564,1.18055751262,14.2648972548,1.43892180852,0.522496633196,0.378814340422,46.524773374,0.169713332591,33.6058334265,0.166314717794,161.248475354,0.262315604319,2.46004943839,0.0469059477528,1.53909334343,7.22351595393,1.12534155478,27.2216587021,5.82326212523,0.112691356536,2.76336241501,1.21277920309,1.28645033108,2.40925701212,0.128940988746,0.0561485888374,2.08720544625,0.330486092777,0.180249930229,2.65396731172,5.88733839869,4.00123076702,10.8564779895,1.28161205184,0.0256401569628,0.262013692525,0.19476729363,0.507045185899,0.586446625189,0.11277932793,1.33435017795,1.04826053732,11.4567072387,0.0123289229458,2.09398797184,15.2954209204,3.58962084651,1.79289071766,0.0825544680449,63.8113324095,0.392809871353,0.312642304776,0.0654155848216,4.6703349293,172.364716304,2.73378100436,0.556797221526,3.50920917756,35.4181219171,1.01145105644,0.465033215918,1.15976084416,0.224554685582,0.440561611077,0.296903748963,0.0221920613024,2.03764204249,1.18469402783,5.46334468836
TCGA-4G-AAZT-01A,0.944760146067,1.18184348832,0.0,0.111427947206,2.06666281952,1.54406313229,0.106039598995,4.50131095578,0.0850329205895,1.30361783995,0.0201354574429,1.43141452911,2.4104670427,63.4688497927,1.24154079995,0.332027750716,0.73206952331,0.127762725129,1.53525373305,20.0141206612,4.19421806893,4.39871259889,0.0385047802442,6.16661930647,3.59834650543,0.0394015566953,0.0925864943146,1.38168753034,0.240200810722,0.431425347696,0.191993455438,0.109454862777,4.06284252398,0.397477701953,0.0654868465445,5.42289070856,1.48823009347,0.0,0.603276529712,0.134383986294,0.823587521901,0.647966857666,13.2954419682,0.319256675593,0.0302151336272,6.22553894088,2.95694711248,0.0910306969485,44.7085503755,0.0064118070855,61.8308133005,0.855258810396,2.26954021964,0.0495999076685,1.25414699577,5.18319035136,0.417398130107,6.22321083169,1.54582020385,0.00662019915146,2.68550278903,2.63642619068,0.824013752825,3.81937390346,0.0497096562603,0.153381240581,0.931717050238,0.0590886190218,0.115573522695,0.264575791514,4.37845361446,1.05515967441,11.8761203581,0.125510926156,0.149722652103,0.0455849845868,0.240278975646,0.602359812875,0.278773203684,0.0109123694146,1.12420039797,1.72861206205,9.24619844736,0.136888634067,7.63472153339,11.5841220751,2.10916923104,0.351883517385,0.203690287492,185.992023002,0.436933143996,0.0,0.161402763464,2.01504476225,81.0513712718,1.44617065262,5.50440030498,0.959103590948,67.4200811165,4.56838787763,0.751271848985,0.790477675769,0.100737036346,0.0313562634686,0.0563510570339,0.0,0.281876305286,0.999990082098,3.75034776418
TCGA-W5-AA31-01A,5.54000715541,1.64007285954,0.432790588373,0.101105557942,6.99789505682,21.5213386388,0.503857716213,4.60086411691,8.47274978052,2.06999475108,0.0158870974881,0.327526526177,4.50939694807,118.461584926,3.36121596671,0.364005352111,1.68270046061,0.368662659647,0.528581275174,8.14557768152,4.40630337991,5.24301397315,0.078989807806,2.28355564274,7.34138412093,0.452645091776,0.755172598085,8.23315806017,0.128874336284,0.503791033015,0.0279664521212,0.200686726092,3.10640565569,0.18637648675,0.024801524412,6.8617632203,1.75993014497,0.0,0.891056687511,0.0113099140176,3.04066537924,1.35489954036,3.2340748657,1.2634154586,0.114432349977,0.416138852081,1.8813826558,0.0402215640804,124.865328681,0.129510050417,336.276859822,1.92594025611,1.6143135086,0.229591254557,0.437828121651,3.66389377064,0.257737865949,10.8546608857,6.72487053809,0.735456124842,2.31123906456,2.42963771325,1.72714065452,2.85413954015,0.00627543452518,4.39105543597,0.438407784816,0.0857836899133,0.0544824110159,0.331395722197,2.31986646313,3.80221782316,10.8041555783,2.659492288,0.243586547198,0.0706262160014,1.12965173085,1.55010655943,0.205291450242,0.0120539713632,1.53617826314,1.05419772064,14.5915521934,0.0288017702849,0.221378080566,13.1741095292,3.48478607164,5.37035022382,0.167142433317,55.8864716745,1.22854602672,0.00657989265874,0.0339596150427,3.80927461786,406.449473485,3.12556295499,6.46902265088,2.18744799867,73.8988424834,1.62731751914,0.120707848426,0.513925161551,0.185459470381,0.0428834239833,0.0829949942699,0.0345621243419,0.262509056934,0.566463820407,5.03461312465
TCGA-W5-AA2W-01A,5.44803236467,0.736824456298,0.0,0.490766011601,4.03861836939,0.0,0.321588302275,1.89508762646,0.0241135434149,1.65103824192,0.0,0.719237692692,1.76255500049,22.4182708758,7.09513226994,2.39354639865,2.46769195106,0.0,0.227577466904,3.02092599831,2.22115338379,1.72090294541,0.305736027206,4.24356833779,3.02134784965,0.023464246517,0.275683565441,0.0948740370262,0.381448958472,0.135596971612,0.0439750466916,0.227620002855,5.9647065548,1.27369414155,0.0649974112623,0.136734347509,0.783044868976,0.022013060539,0.218550234026,0.0266759255793,14.7407702389,0.467907616783,4.57217474523,0.107870848194,0.389861054768,2.61738247972,1.15828647811,0.0271051056476,21.2885535725,0.178188823462,120.385061674,0.0802982090293,1.27107080396,0.0164097360382,3.83167788053,3.9561138632,0.0270181683879,4.97962694647,2.01473490268,0.0919900959394,0.54465425622,1.15789952091,11.8075558478,1.72473722159,0.0197352545871,0.16696731033,0.302646628728,0.299099714188,0.0813132404006,17.9551660254,5.27319122965,4.46997249248,5.26190549564,1.30282473672,0.0146510646423,0.074036113766,0.172694716393,0.229945345758,0.816893429054,0.100185016549,0.205380466329,1.38674415575,14.9717509211,0.0150961729383,0.0519551675551,5.0376752822,1.13427561579,1.24733432867,0.242601537588,36.5928698402,4.3209062207,0.0827709101291,0.0133497060215,2.96946885378,166.970259113,2.15438989759,0.345430846386,0.48385669134,44.5484325017,0.337765405209,1.69467499321,1.22392889966,0.0333280494544,0.0103739710586,0.0186433002573,0.027173111289,0.0229319360243,1.19610946067,1.95553848706
TCGA-W5-AA2O-01A,0.226681257023,0.662461662632,0.132214380217,0.0385608054838,1.13582809342,0.378035883464,0.23376782001,1.41401186903,0.224202138754,2.18046444833,0.0139361709024,0.470588157436,0.940285210325,13.8072884901,0.939855365658,0.0161265505432,0.373902677115,0.11790300286,0.643988602154,2.3734768277,0.992617305664,0.57538948082,0.0266499631094,0.607011000425,1.65639278693,0.181804272218,2.91835771211,15.180428389,0.110832000667,0.145981488594,0.408869793645,0.153916948317,4.71638674867,0.282962699295,0.0120866173567,2.08034881725,0.802517345676,0.0,0.211553748934,0.0,7.75445207476,0.168466038203,0.348228578364,0.99668966078,0.0650611902651,0.446670036121,1.23703477982,0.134409061946,18.6810106369,0.124256879116,43.2290691053,0.479953375563,0.31468371618,0.0686582653484,0.265094042322,0.881114405304,0.100483467462,8.80373158474,0.897209747532,0.494853644165,0.389888502824,1.0522584666,2.88142291554,1.0456943319,0.00917469119151,3.05918720847,0.140696911027,0.0218114496556,0.0351014702182,7.2217332651,2.39664848675,6.692999865,3.83827919023,0.114216299743,0.443695178421,0.294469658023,0.168213618976,0.128278712328,0.177631684072,0.0125877982114,1.90672986301,0.61769463159,2.05447763456,0.0140360717691,0.630402576163,5.02592540054,0.728930729141,1.95996491604,0.0563913219395,7.61304754233,0.0513181556911,0.0144297139047,0.0868857311094,1.43405161427,65.0451892996,0.891380302041,0.228202292021,0.591688341543,15.1523784379,1.8271793257,0.0630267814953,0.342853168161,3.23820922226,0.0241136947264,0.0173341085514,0.0,0.0810220142808,0.161690458174,1.60761038793
TCGA-3X-AAV9-01A,0.813145021271,4.5330144814,0.131613518776,1.76376736423,11.585758804,0.0207828404871,0.635256707792,23.998780497,0.384561872831,3.19729868563,0.751978885574,1.61965948302,5.45478987626,150.094584646,2.05348715104,3.56135439266,4.8646729208,0.361129787389,2.02181070769,25.5221348628,14.9618774013,6.1387672392,0.742807791415,22.0978193503,13.0372721122,0.187103455305,1.21364231048,0.649063003965,2.00797530722,2.02733938466,0.26299213925,1.47471802738,7.06379039586,3.10085171143,0.213793849826,24.8542735646,6.35041644789,0.0438829314816,1.6770651701,0.150671937156,0.718691806434,1.88340480099,52.818672061,3.18752033793,1.13588746219,4.76366409073,12.9571388156,0.171107347421,119.065768341,0.107834209367,482.799561154,1.53213779293,4.78287384039,0.114494557593,13.0796011665,6.13227398345,1.46321269967,14.846283228,6.60406217961,0.0654935066833,8.4314988912,17.02510064,3.84384674667,5.08575284971,0.0590132042259,0.176213932401,49.5228954698,0.683938248419,0.580367149554,2.50701997678,8.94763654452,4.05148572644,23.90348363,5.04258927895,0.481912656689,1.52100354667,0.270494789497,5.17986296953,2.83012876719,0.310373117658,5.93666224995,3.61309522735,10.9458777557,0.0601882978982,3.13306447689,102.937442905,6.42605427862,8.04400559119,0.141057294954,6856.0985111,1.1710238995,0.56204288456,0.159675452744,7.58873920828,383.380810825,4.19544954964,4.46693514983,6.41646086755,198.96388936,5.69273061567,6.97286597529,4.64518745304,0.780661869772,2.2645105849,2.18346316029,0.135423670271,5.2617625905,4.28691606375,10.1786243238
TCGA-W5-AA33-01A,0.687495500044,2.33085875349,0.937439189853,0.566405056631,4.98546573398,0.14387888741,0.622862090041,4.83847381102,0.259991071595,1.87169167053,0.430953962882,1.53180965865,3.16522036726,109.186564848,5.50546396435,1.34645753592,2.87350594966,0.515643367458,2.78231572838,7.384471243,4.05422720338,2.57754851845,1.05485799042,9.17425372879,6.39110644272,1.12665050786,0.76291780049,10.4189798107,2.05638221156,1.47123374605,0.0379309479859,1.37434527007,6.62521620543,4.41397580505,0.454117738387,2.79841959002,4.05252111327,0.0379750025132,0.826353330366,0.0153396561876,12.6648545458,1.32070548056,9.68737892039,4.31106952497,1.29337330553,0.693009567332,10.5241680393,0.17145095879,84.0859805133,0.285438900784,480.844477506,2.88920300555,1.37208430955,0.0920030742706,3.60495005971,2.98420228083,0.613690115453,10.960185835,4.87913559211,0.58943207229,2.43628146964,3.09782827905,1.17363452365,2.03936508591,0.0,0.749744326726,11.9067676875,0.875143583097,0.274286696502,3.36927491043,3.61198348441,5.54459155462,7.69636254701,2.28632082774,0.258163339099,1.59650767402,2.53230119264,1.19004466474,1.82404747473,0.76605910995,7.36371412755,2.55362991632,19.1169150664,0.0,3.64339856554,33.0909625659,2.61140180649,1.72143348016,0.226695575003,427.355913177,0.319653546896,2.18199622424,0.126663584716,3.52329577308,479.09990261,4.7409427317,16.638351209,2.89879277249,45.760042842,6.90391390364,1.43836433875,3.98597227559,0.366528263624,4.13851140894,1.69653428786,0.046876669769,2.14416099489,2.82074341427,4.55881565874
TCGA-3X-AAVC-01A,20.9532853943,2.44275423707,0.112663555012,0.66912335358,2.56479181552,48.210604465,4.29227717188,4.64837300847,0.0121576563528,2.955963935,0.0403043854733,0.743163443565,3.75855906163,48.963581769,0.436841960837,0.297324372796,1.36397911823,0.0365339752193,0.558738086166,8.3742494698,8.62660691021,2.47900363552,0.838175028827,7.46095347537,8.40596483582,0.0946423313482,0.117277174145,14.872008735,1.89916355615,0.12233877751,1.40419520474,0.646842070977,8.90292260695,1.67079385111,0.157299059972,16.3323312215,1.79453857151,0.0887890164303,0.467927899052,0.053798271039,0.0699853614402,5.05954682028,26.3137969384,1.23503192574,0.252002054148,3.34086499056,2.57270918404,0.245987160643,54.6134210725,0.134759859488,95.0868314035,0.0694029443,2.34347510241,0.22338509361,5.69393163043,5.19761036737,2.18862077671,4.05166466298,9.02206488857,0.132514028682,2.53706612769,2.79033791966,3.42453328272,4.70300257852,0.0895517490978,0.0792303077046,5.6458117693,0.378481469898,0.327974505187,0.4220181307,2.33023487763,0.655471027296,14.2596984819,0.687394522792,0.0633156726408,3.36779745198,0.472664991794,0.834729861472,1.04294689555,0.0382250367531,0.593477676052,10.0290797288,2.11256237785,0.0761124483736,12.3247241469,5.06792666872,2.82577638033,2.55327585698,0.326175330758,1401.72470322,3.3075501559,0.0417317465146,0.174998320286,5.58528766829,145.583956563,2.71280533544,0.568313582144,1.35234634078,18.7231259957,0.24770301546,1.66784260799,1.80378704723,0.126025953093,0.141220461478,0.291389110727,0.109601925658,0.332982982852,1.29593515572,3.82960000027
TCGA-4G-AAZO-01A,2.54010532861,0.580586354106,0.0,0.218449521445,3.3201685391,0.0156893652838,0.536763606737,2.12471773368,0.0,2.1398788068,0.0,0.855230278517,1.74805289527,10.7822817955,8.62036486151,0.104409118594,6.03132112292,0.0,0.238252287849,4.1772052671,1.95169120557,4.69487282549,0.2012984122,2.25156747,2.31803278751,0.0353119976303,0.0993992606023,8.002090349,0.771383925593,0.118142116895,0.838270774372,0.358122208106,3.01924287733,0.491926682421,0.117379695827,1.12241086418,0.508865779936,0.0331280674633,0.301869261581,0.0133817809458,1.21276830677,0.533369194588,1.85927811524,0.138663573087,0.135395250408,4.57469186213,0.85979082245,0.421509354624,12.4634696903,0.287315699681,82.2265191368,0.0517898612544,1.03566620907,0.0617386711815,1.42328533762,1.13187563833,0.0542138580867,4.26012412646,1.70133983151,0.138438455608,1.14608075315,0.590696683114,1.93176946618,1.24372741831,0.0148500669457,0.0295616179151,0.126517037418,0.052955704035,0.115814992917,2.01918233698,3.42638636832,3.58088214013,5.17065599821,0.046868299744,0.00629965569783,0.27854752037,0.0123758611936,0.380656265629,0.337084131706,0.00814979566009,0.276790549111,2.41697915786,0.96270911797,0.113593254026,3.80388403256,4.2717182182,1.29280369938,2.12117740553,0.0304248171583,0.93969423624,0.284787680109,0.0389263269681,0.100451720676,2.64763247906,79.5634221999,1.2198782455,9.09734865568,0.348254931052,9.29172517885,0.292664806605,0.591684346559,0.850119076139,0.263320623279,0.0234181166551,0.0280568214296,0.204467857246,0.186358907276,0.555337171192,1.90325548028
TCGA-W5-AA2X-01A,1.24956357061,0.874667675987,1.47241729347,0.012447416401,0.574592858107,0.103256043313,0.0552789704768,1.60394784778,0.0,0.509686848855,0.013495775315,0.239851129807,2.1385418526,21.9849938452,1.55159772015,0.499741983386,1.70756944487,0.0326220461377,1.6392769778,2.73006378176,1.63864043209,1.51514411957,0.0258078002053,0.416378807403,2.64039465614,0.774660009258,0.232710107533,27.0134340526,0.354187710837,0.257033348557,0.0395949138881,0.023289536521,10.0405940545,0.0304467580478,0.0234093386636,3.39125665807,0.584870786696,0.0,0.226433560385,0.0400314517611,0.218720516083,0.618506746569,0.733572212073,1.22015010584,0.0180014851116,0.104409793686,3.88979256858,0.0894861097574,13.6318848693,0.223470463375,89.9665118904,0.0309857610273,0.704286674651,0.347218255685,0.16279603927,1.36342676759,0.113526115657,0.742118300604,1.31600951263,0.248482278108,0.811553506171,0.418204835582,1.77328670579,1.05470836926,0.0,1.78635180356,0.514725099238,0.01584164111,0.010459148325,0.0997490962637,10.9063324404,13.9348530148,4.50402089405,1.04687152305,0.156416415937,0.159247512823,2.72483787915,6.37688277685,0.0771116797063,0.053636054643,0.568570924223,2.90956928731,1.75195974498,0.0,0.121628455326,3.0516797994,1.26160111103,0.42677558385,0.637108561069,24.4193124805,0.425969619614,0.46579073042,0.0,2.58823445332,141.61675754,2.1531801936,6.78523891478,0.691376913305,17.1830402608,0.129021579803,4.30907652624,1.61770812619,0.0450126155906,0.0513736964268,0.0839316753266,0.0,0.165182411478,0.255876094516,1.97830243791
TCGA-W5-AA2T-01A,4.6270696504,1.1503616558,0.0189133542253,0.0386130404643,0.543219917028,0.912397685515,0.046272514479,1.78203935379,3.1318565511,1.63756360088,0.0,0.636567946076,2.09295100007,24.0043684638,4.4008961578,0.0161483957833,1.32319604631,0.151794920363,0.24873208368,3.41454872691,1.61435425654,1.75218490765,0.0355814180057,1.29164568942,1.95805788516,0.0,0.0828834764028,1.24868159319,0.76577673268,0.338870049554,0.0682372756852,0.0481642019576,4.7190510425,0.0839543716548,0.00605149502476,1.66653350836,1.38352518084,0.0,0.178391850492,0.00827875181431,6.32540596587,0.522766779788,0.355493156292,0.0146462862244,0.0372281845827,2.22866386682,4.59780185386,0.0672955671255,29.7900727344,0.396975635349,121.30622752,0.501963683543,0.637222426107,0.0305561203328,1.29489337679,1.76461594922,0.058694757161,2.99184222284,1.24802150533,0.0672933799321,0.735957824838,1.07195584455,1.7329029712,0.699189029598,0.0,0.67210401486,0.125233334165,0.0273012446696,0.0865206624914,5.72256251974,3.26050719147,4.56891141293,6.87313883418,0.397882276195,0.0350760168803,0.00382946169536,0.10719003488,0.57803616171,0.104269972669,0.0,0.282544038449,5.06835413014,28.6775683426,0.0140550852188,0.239442131268,8.15896220002,0.885219882117,0.348394066973,0.0,14.6982773703,0.220232879778,0.0,0.0248581221936,3.28542848762,169.485080903,2.31420932244,1.21872756205,0.44559154042,30.1175538061,2.63965771802,0.302938360381,0.175311115725,0.0698166547664,0.00965854378336,0.0173575895657,0.0,0.149453256437,0.181654545517,1.81364770401
TCGA-ZD-A8I3-01A,7.597623786,1.8953055104,0.351382208499,0.314637414613,1.58520958207,0.711828210287,0.10912283642,2.27302468085,0.76833976286,2.51535412804,0.00909699001838,1.37423363268,1.98865236038,58.0069416511,16.9852135894,0.110531238363,2.1342180143,0.0494758876483,0.837738747593,5.03357685365,2.75918903345,2.19181003785,0.0869802939754,1.01534746826,3.72908348096,0.156650674913,7.05744020439,20.0146851506,0.206188428006,0.201410596004,0.0667235723796,0.131868179566,5.0896449485,1.20059574822,0.0177517652442,15.899574175,0.745274110421,0.0400806406907,0.517852703913,0.00809510477005,4.93192467163,0.748628808968,4.61188503481,0.0797905933751,0.0637041195789,1.74941290053,3.40570007668,0.0740280978936,38.007954712,0.179600836175,194.653258632,0.11487479134,1.61249427579,1.02333163073,0.569775976358,5.09881417143,0.262366788385,2.14385908039,2.76413618675,0.849426121014,0.741572121084,1.39955413481,0.926528532389,2.16879977002,0.0269499661341,1.95817217982,0.168376024831,0.0480521210973,0.0383350002837,5.30052318988,4.44198976813,3.11962047381,9.47039653537,2.36426385886,0.104799223671,0.0337006168308,0.38930262393,0.481478269699,0.119949362651,0.00986018975955,0.468832647148,1.97884608829,5.02299500643,0.0412299063736,2.24907274429,11.4932945295,1.70838770469,0.465576405733,0.294480483283,25.7949286967,2.76362583034,0.00470957784165,0.0243066959921,2.77741904505,304.548047926,3.00327179259,4.51850112052,0.627226575671,50.8992825371,2.61837458873,0.0863970033773,0.414270316633,0.18204777651,0.0283328666952,0.0594039152694,0.0494758876483,0.175365532808,0.40930958412,2.34049625966
TCGA-ZH-A8Y4-01A,2.66888806982,1.29582660749,0.693148839046,0.149565072117,2.03331466008,0.00867621705479,0.197075793777,3.20553525768,0.0200678913557,2.80415335211,0.0,0.243860841408,2.95292160678,35.9200798636,6.37744590937,0.230952918499,4.17200211654,0.0150760932909,0.601125278105,4.93540885528,3.36903879488,2.16237756396,0.0159025709949,0.860262330841,5.09579274175,0.514224964755,6.37028757958,1.22023738018,0.05952212304,0.778051586684,0.0487961720204,0.0947155175226,3.55568598233,0.131327431745,0.0216369857416,1.21035148376,1.16263752539,0.0183198171958,0.376223631236,0.0,9.92513692181,1.14998567584,4.08843453801,0.834138991801,0.0582349885228,0.468737531818,2.19495125347,0.0827109944758,33.5246688657,0.28599398328,97.9209856505,0.143198934232,1.18613183086,0.0409697730016,0.734990662599,2.27837459859,0.157396348167,37.0484675554,2.67467574886,0.229669346312,0.858414291462,0.506315548303,1.49862778015,2.2547258931,0.0492725110679,0.768335838802,0.167913374378,0.0341652473859,0.116007263475,2.02491833634,3.38429333922,1.87336856605,8.10995721183,0.42764970504,0.0383207970099,0.0273843100792,1.04710900473,0.708055100282,0.208337775118,0.0022534179943,0.576545358057,0.815909857428,52.6233493081,0.0376902332273,0.951244455382,4.08770778404,1.520073228,2.03460287641,0.538397443605,17.6975412607,1.01054512377,0.322893809736,0.0111099578134,3.72382537705,122.944089834,1.70329007961,0.597647791771,1.30870216277,33.3212452831,0.366277624972,0.0902624469563,0.378704349012,0.117879839233,0.0172669541386,0.0155154187686,0.0,0.530549885585,0.374169505694,3.19205983613
TCGA-ZH-A8Y1-01A,5.11760988785,5.36686647972,0.186979483275,0.0224548665074,4.7681434719,0.474145993116,0.253262353697,3.35008309861,0.535288592556,2.70001306861,0.00541024067161,0.615375905934,5.26274016547,90.5849493436,2.49151785096,0.0375634829334,4.01815150477,0.0,0.600015602879,5.15432459389,5.2759280339,3.02933549635,0.0827674777074,1.29608168132,5.54448204179,0.237146371054,1.18944448565,0.709808804127,0.129080176024,0.278209518049,0.0158729682813,0.43694366238,5.27199647535,0.756748364698,0.0,7.92817679278,1.29116536637,0.0,0.560851147476,0.0,4.94356985403,1.42085827544,5.86750207124,0.469670474182,0.0649485695815,0.672689216249,4.29670289245,0.0684858710114,81.1423643072,0.124041790911,205.452430304,0.223590536408,2.25191123754,0.0444236969432,0.316271295353,5.61416810035,0.234055572205,7.47477212677,5.56568806272,0.654596919699,2.29650940673,1.52303246781,8.06593274085,3.20613646939,0.0,0.218026601243,0.072827670837,0.0254026431348,0.0408808279845,0.981923105546,6.42894376638,4.20598879055,12.2955056438,1.57377774519,0.0181315205016,0.512202912021,0.632253436221,1.22009542178,0.178343308896,0.00586413742998,0.667196077234,2.73789661773,15.6899193561,0.0,0.635741097208,13.3747036782,2.45652781196,1.24263561361,0.415947959218,8.89202943121,6.34389797396,0.0168055254762,0.0722794435209,4.67645963539,234.01406403,3.14942424364,0.895760703542,1.418082067,100.035587588,0.410087039582,0.0880847553122,0.526740091169,0.135336287423,0.00561678926868,0.0201881204847,0.0,0.332750421096,0.551158052709,3.92446928956
TCGA-W5-AA2I-01A,0.259407773219,0.278502372208,0.0,0.105501237278,0.260898622491,1.16358202476,0.064144117598,0.592054984266,0.0,0.578568785235,0.0,0.33881985549,0.667036578755,12.0042817954,0.339794365932,0.0992739851124,1.23804652657,0.0,4.75722180499,1.80776160657,0.437439777137,6.34012534419,0.0182283801271,1.37532048876,0.908252237371,0.0,1.02728832606,4.42647904517,0.159197385874,0.251895004397,0.23771435975,0.0394792756899,3.7837775748,3.53756189307,0.0372022109848,1.11463899435,0.534768683536,0.0,0.122805639957,0.0169648365363,5.19364208087,0.28110942659,0.153119445616,0.0321570022919,0.0572160586665,15.7632023182,0.44794734069,0.120664446927,16.324021032,0.0789200265263,7.35138848269,0.0,0.229590787792,0.0,0.570502150182,0.478314141233,0.128868670981,0.575648422506,0.265758948323,0.156701980747,0.271278834707,0.0624049513801,0.278137885653,0.421607425612,0.0282393979517,0.206123093587,0.0320785531845,0.0223783083947,0.0761828774706,0.360098556595,2.76963086095,0.777028841185,2.05570244754,0.0462136735662,0.00598982095034,0.0274656948286,0.0549135141643,0.131612553511,0.043990935617,0.0,0.242707874285,1.50130576397,3.48599745349,0.187211126246,6.94117995924,0.455982638009,0.389849704023,0.89241236617,0.038571252349,1.53970325519,0.0827386458345,0.508295674507,0.101878638006,2.26680482031,14.0655046789,1.60559414416,0.0260147835088,0.0953243749521,7.28073007545,0.810402476956,0.336256894137,0.261951612895,0.103327209145,0.0049480773231,0.0,0.0,0.0700022728657,0.214446581749,1.08758946532
TCGA-3X-AAVA-01A,4.75232020347,1.75262509998,0.0618963148887,0.351016665397,2.6573734382,0.0211768470081,0.332557834367,5.03799334211,0.612269527048,1.81375459255,0.431324392799,0.586195364477,3.96762974524,49.3788712036,6.90302286977,0.176158809704,1.1696053021,0.0551964270406,0.271335607476,12.4765351162,4.70828496095,2.40648830305,0.16496323469,4.69674656357,6.33922461427,0.214481937943,0.783114989441,0.569389763584,0.41162995826,0.405906512323,0.0446630021587,0.257451502583,4.5871926943,0.686877927936,0.0528113962425,4.19145322505,1.74422652984,0.0447148755642,0.732802700663,0.0,19.3261185325,0.746208551352,7.74362154067,0.0753214026623,0.416265775921,1.38805174195,3.83127135107,0.0183527626556,26.9729536014,0.116342003105,247.751200931,1.1184605098,2.10830638285,0.0249996804291,2.33779803741,3.32542045411,0.283555415463,8.0173051379,4.47387368335,0.066735149698,1.65462949418,3.97984385342,3.2555518342,2.86114168092,0.0400879946487,0.0399010315956,8.17975793538,0.190606366759,0.095857964106,1.76693092309,3.43078957984,2.12731481987,15.9447733469,2.00326071301,0.0191317746534,0.680926625576,0.141987554753,0.420376791929,0.669091203698,0.418009585688,0.787673903346,1.61806677584,3.54905282885,0.0919940450676,2.7835101969,14.8380086081,3.03252449157,2.02695664947,0.0821322834364,136.085439907,0.760780706557,5.62190015845,0.0,3.67694830273,269.788010036,1.65474582664,3.00056116421,2.1580022443,44.5180250883,2.23501935738,0.963864646014,1.39447663782,0.143860123889,2.08091209702,1.86509358135,0.0,0.545002107648,1.0037356307,5.04201303027
TCGA-W5-AA36-01A,1.9566303183,0.69628511732,0.0895529874297,0.08125741529,2.64354330955,0.0102130469713,0.140336055884,3.9450622384,1.68901187869,3.08300023356,0.0,0.817675344584,3.34576896462,25.0505980186,1.79189368118,0.186905068251,1.15947817311,0.354930836679,0.42650068041,9.89383406602,2.72341741793,1.79797591356,0.0561582439131,2.23847122939,3.84694628208,0.0766215594502,0.575305578186,0.177435134138,0.315294102913,0.181775507573,0.0717993789395,0.10642475804,4.55193741246,0.397516204684,0.0127347869642,0.462736931932,0.618910646459,0.0,0.284489196572,0.0174218338201,3.89061926062,0.706100390854,0.612299244115,0.00880619861569,0.0489644498781,1.09541707338,1.1040338568,0.088510639465,34.3893304736,0.0374058310627,160.108031513,0.752918988883,1.73147621331,0.0321512024134,0.80386853365,3.870647535,0.0705813994536,6.88719826345,3.11680197737,1.06853008125,1.52986495863,1.00615036494,1.19821029298,2.94979167771,0.0,0.404108000797,0.131770729785,0.0344716999652,0.0398287706294,0.639108899412,2.35500552844,0.892300519188,15.0064636196,0.261022154059,0.0123023484471,0.161174647515,0.0644488795532,0.901052806492,0.116166753246,0.0,0.339334803735,1.10576174712,1.84870261657,0.0147887848616,0.465709902557,11.4214475023,1.96907545606,1.90622035237,0.158441125493,1.67351130511,1.83838669401,0.00506784562095,0.0392336384443,2.98538254147,233.6367205,1.51166155337,7.01728905625,0.783137717059,49.8667858112,1.21325537823,0.225782853858,0.453470700293,0.0489741362183,0.0,0.0456592140508,0.0,0.143775975947,0.490308534959,4.06443262897
TCGA-3X-AAVB-01A,7.95958240266,1.19965718134,0.00879776993863,0.54482644865,5.55907342408,1.95952178168,0.653322965605,4.36628011064,1.53514369574,4.02754869575,0.0692411280579,1.2767214922,2.21241079589,122.53449031,1.17574402919,0.525813182056,1.78119045629,0.125527464415,1.35412629364,7.94641591214,3.30163568333,1.93482468921,0.231715631382,4.61810001618,3.56628476455,0.121943462993,0.466381781406,1.40820768873,0.877619050293,0.234898718181,0.0888758475935,0.31813888723,5.20973379636,0.566259319012,0.0337790919866,6.46006441928,4.05406195262,0.0,0.388973787596,0.00770191822917,1.02530934444,0.705368760431,7.7351422483,0.947965383082,0.277074070979,2.0949015632,2.97590766665,0.101735813691,104.45033887,0.0385852332539,695.224121349,0.606091669562,1.83710004561,0.0852812400285,2.09010223108,5.54170131963,1.54454476773,9.10654416511,3.08801022036,0.364245060548,1.4403306894,5.207314167,6.75201423574,1.73666702643,0.00854699398958,0.114846287096,3.37871827871,0.223511132681,0.100615268248,0.561525987004,7.43688980595,5.73461498127,11.3042425424,9.27196528101,4.86761359662,1.32886420077,0.320533134503,1.93195505542,0.547791906752,0.035179767932,1.08594617994,1.96094612409,4.19722942961,0.0,6.03023461221,50.9609676636,1.66875403343,6.11504936315,0.105066487715,328.751162415,1.84399061902,0.0134424881928,0.0346891467628,2.61021986303,649.066088485,3.28192819815,1.86606396796,1.15707977279,122.414394514,1.00179839272,0.868978014453,1.27079020508,0.0866027758944,0.134783569011,0.274518979952,0.0470727991555,0.858074763553,0.940507890479,2.59958724646
TCGA-W6-AA0S-01A,0.842114195671,0.504103878194,0.621572316374,0.0549344938454,3.7240989135,0.0497129974007,0.315991546643,1.47599324566,1.90683498999,2.64573897846,0.0119122484875,0.684523170111,0.996624526897,37.6771724466,1.29303032782,0.385966662043,0.722735287346,0.403120735911,1.13238188598,2.61349582277,1.88483721701,0.474983425684,0.668202829334,2.94018399266,2.01109552378,0.410259165178,1.10348166298,0.0891101236683,1.32630525141,0.0680623020046,0.0582484076272,1.40608913508,2.74538198436,0.36728193084,0.0258282548224,6.06571927359,1.28707650453,0.0874740895029,0.135622663682,0.0,17.0594921632,0.250022065087,3.74002873525,0.610826627377,0.166837448555,1.54036968937,1.61095360669,0.0359028440291,22.8769481716,0.0960959375592,132.56181331,0.483184158122,0.702344043634,0.0978119364441,1.65248520474,1.39871069115,0.0286301510333,16.6489803059,0.895262855889,0.130551553236,0.712499232629,2.29279484051,0.779694307973,0.691076401232,0.0,0.0975711763985,1.41644005368,0.0932190807606,0.0669314499593,1.65329011716,5.88445189853,2.47781955987,4.86969454538,9.44387662082,0.00166341319777,0.186326644554,0.588208456065,2.08333194566,0.272255122365,0.0107596972838,0.711371042863,2.34775276545,32.3514002854,0.0,0.303490490299,18.6645508127,0.888205553558,1.12018645476,0.112470685319,71.4318063853,0.413587320652,0.0205568587,0.0212192825672,1.15574216734,136.898405746,1.14075012322,0.54906038568,0.764907663647,26.8214629867,1.39913194142,0.409438806918,1.98907552096,0.0198655301186,0.0700798165328,0.0592668416079,0.0863830148381,0.21141106263,1.33826254231,1.58116146558
TCGA-ZH-A8Y8-01A,27.6455947542,1.72865188167,0.677642118198,0.264255934815,4.97506677358,0.0625198794852,0.515007868896,4.40026726597,0.415745267302,2.38940976212,1.16477576187,0.532495389571,2.42154805112,58.1706154664,3.31241039206,1.49519917684,2.88434842198,0.135795867269,0.763971385612,6.7768846694,3.82415330893,1.84287883608,0.358100632968,7.1981310978,4.71050441623,0.533537801623,1.31635961483,3.5947437055,1.0633392899,0.331685528384,0.0659287360232,0.938450907498,4.33328976324,3.00798142743,0.204636827759,26.3606630282,2.54803731369,0.0,0.603697170619,0.0199966820732,9.518007756,0.882100723215,7.33603488592,3.95042797421,0.704387344737,1.01826871563,5.66135031343,0.115137611451,36.2454876618,0.176507269934,160.089600384,0.490141097861,1.33619496003,0.209116817681,1.21980861179,3.4729793054,0.958653005962,7.5649054177,2.81474306441,0.576285035785,1.41272509675,3.36893622405,5.56030422268,1.28750237812,0.0295876977493,2.97073910835,31.1314058586,0.316531374065,0.101226596415,9.78702577141,3.4506184915,3.50716868567,8.4791730115,5.10357147128,0.0706028289531,3.77698832485,2.13908319198,0.672245146384,0.800013244111,2.06424122825,1.4729255887,1.58587945451,7.47870566402,0.0,2.01158097851,22.2966465791,2.40701536018,4.09539155281,0.151548187872,92.9601530035,1.21167622909,29.3634308743,0.120085727315,3.2855769101,151.044647834,2.23268723074,2.36453332696,1.94757556735,71.3441047833,4.04343332364,0.416676213972,2.3054520974,0.212357335462,13.2900170912,7.01560220507,0.0,2.80542924917,1.70421762125,2.94312285978
TCGA-YR-A95A-01A,1.19633443161,2.02527490712,0.00919055806362,0.187632181036,1.99624756417,0.169797835116,0.177236148423,5.54290930666,0.0436376115692,1.4146499102,0.0,0.498137289059,3.48769593971,36.2096247818,5.50528782787,0.109857762001,0.760825308691,0.0,0.787869046468,10.8329071409,4.44096521028,2.17461984202,0.155610567985,3.29823308283,6.98388845197,0.0,6.90790333488,20.5873017486,0.258861605233,0.523059809501,0.0928438278631,0.0842558756031,2.78722550514,8.10818743421,0.0411684051533,14.17181341,1.91624430071,0.0199182129462,0.679942331955,0.00804578059897,8.78848447001,0.924228934852,2.12134814336,0.70357256807,0.262308997392,1.19914039789,2.14568933542,0.0408761323959,32.4910154306,0.224572709652,120.16205463,0.145313444608,1.47676950486,0.0296962447562,1.99464952739,2.39096015072,0.651920412324,2.37495011208,4.17574084876,0.778850808257,2.4728368297,1.19569089034,1.33735457663,2.57174630935,0.0714286871137,0.462121119331,0.228204675272,0.217570305629,0.396780323811,1.97883354609,2.21447889735,1.78993195807,10.0861464724,0.242656908918,0.304906697236,0.0223301840452,0.00744097249016,0.166450289079,0.405342902877,0.0,2.85132939098,1.55242083996,3.15219953172,0.0273191260003,66.7319921098,12.0462226257,3.15446644793,1.15120585546,0.0365857735396,26.2986897792,0.335322027372,0.52425878153,0.0241585931984,2.77889929803,194.202401772,2.61215561291,0.501738351151,2.59831326127,30.8637006485,2.79690755594,0.392551218236,0.511133129241,0.21109496767,0.0234668600803,0.0,0.0245872134003,0.672288488365,0.56033095594,4.45093207743
TCGA-W5-AA2G-01A,0.512472596187,0.963753770675,0.0273004911455,0.284872958664,5.98701477923,0.0653830244487,0.5264787913,3.11136201125,0.291656773727,2.92222515854,0.0134289485904,0.389816991864,3.12203247564,76.9784234136,1.42316160318,0.139856462533,2.26821498321,0.129842049166,0.212759974848,5.53296376583,3.99928328961,1.35573817753,0.291040094138,3.89945443675,5.47074048352,0.0350374610389,2.76582930371,8.38033765945,0.181556851178,0.33248878306,0.157595410603,0.375422270868,3.24188254298,0.525130589123,0.0232934231722,5.15635956258,2.34384329333,0.0,0.748358825165,0.0,5.6309380435,0.838431093758,2.01768434043,1.72149686629,0.340334603753,0.608514913312,2.24378641792,0.137611914372,53.3676520738,0.210960632325,281.381241388,0.277490965833,1.24324486642,0.0220531240163,0.735185047924,2.19673618673,0.0968262608269,8.94044179688,5.06072040987,1.1479551295,1.47256374161,2.30925075988,1.7398620242,2.16979578216,0.0,3.69580531512,0.286216193709,0.346790365129,0.0624441479845,3.64303238471,1.21168115785,5.12285176815,8.58349880375,0.765764508951,0.523181782609,0.0294807387023,0.169459085076,0.123609867098,0.478085973199,0.00242593028216,2.06528237593,1.219319741,3.03044954049,0.0,0.535308150121,18.0731362264,2.51818048448,5.85587000861,0.126790761011,35.1176208694,0.664047890295,0.0370787428018,0.107644408827,3.20408768962,322.56860512,1.1870709722,5.79061093774,1.80941178193,38.7796425664,2.78773877128,0.218638268144,1.15279664732,0.492687004069,0.0650609405844,0.0835160727531,0.0486907684373,0.382147419432,1.23884417379,4.12304029387
TCGA-W5-AA2Q-01A,7.2841640484,1.11007432446,0.0489062095839,0.105392703294,1.17786571432,0.0669299501897,0.11730550039,3.30012085109,0.0677282558933,1.00587683541,0.0360850087322,0.434668401039,2.91698568873,36.0186273236,2.02411467648,5.70673144274,4.62804266424,0.0581498922078,0.889324506514,5.66259264069,3.35217146897,3.20081653605,0.0383360584262,1.02599507067,4.70659210009,0.0125532497106,0.0426336177032,0.263014145558,0.258280152124,1.43178303498,0.0352896315095,0.120391703647,4.76255280596,0.615086839299,0.0208639659542,4.89786988666,0.906877258186,0.0,3.90411494191,0.00713574064303,7.14773879101,0.645527029831,8.98742791348,0.232644816635,0.0481323771538,0.518460322118,2.20445989239,0.00725054519395,21.8511443276,0.444306325095,97.3732900894,0.0276165795381,1.47269793971,0.00658434250243,0.491089761106,3.26327330356,0.238500560209,1.5748223574,3.43774423659,0.0949131430927,1.20680712781,0.871458098535,6.20268857376,2.49424218612,0.0,2.39211491816,0.485743111556,0.0894211471901,0.0372875659066,0.500491278769,7.0943118309,8.15312639977,10.2648997648,0.944149454819,0.0201554827638,0.0495111692077,0.191380889137,0.424417491239,0.232614727823,0.0325936594463,0.4181904093,2.92446983735,28.4614159813,0.0,0.237653612197,10.0159704046,1.79372266508,0.260253774726,0.0973429195559,18.5212489714,4.3343668679,0.336266482601,0.0535651740821,4.43407553309,103.203999628,2.77701521271,0.59088552788,1.05091861643,40.0728766362,0.287481620803,0.206714443799,0.327397794222,0.0534909987668,0.133200492003,0.104727719921,0.0436124191559,0.500553427843,0.265495542595,2.46302016728
TCGA-W5-AA2Z-01A,8.26657752982,1.71007741375,0.292457204401,0.321951376064,3.92969043371,0.715131958462,0.297098371349,3.98811025499,2.69554404021,2.93336181662,0.0169244650187,0.548936043282,3.12230255622,64.3738162734,7.61467464347,0.337832998197,3.50233134623,0.199435711979,1.82670906481,7.94866794249,3.89550128222,2.8824206258,0.0404555501251,3.66281676703,6.27480350207,0.245074739275,0.490033941166,0.182602269763,0.191801289768,0.332407294801,1.3654921472,0.297905230113,2.28340423855,0.591820309101,0.0330262129879,9.6320227274,1.34132940524,0.0932098694085,0.52481982056,0.331331240222,9.97558930111,1.06566523497,3.6701527361,0.517658354505,0.0677246392917,56.2415948469,8.59618422515,0.726883686642,33.4653262522,0.113175700413,321.721767464,0.806301334246,2.16876063646,0.125070697497,0.606577204091,10.0380815362,0.106776124101,8.75400456923,4.9407932247,0.105725099924,1.90621027457,2.75891561897,3.89786480666,2.79646042214,0.626737192977,0.565591546483,0.113910770545,0.0893984099075,0.269295330817,2.30375933248,5.08296402864,7.26845174478,12.5400983129,2.08207593653,0.0974866846853,0.132362869241,1.27444856523,0.467355472601,0.223159395372,0.0045860893638,0.467270437035,2.85674213539,13.9272316971,0.856550814268,0.252992741762,37.9010845988,2.24604407695,0.327458325026,0.102724732878,7.81210818213,3.79942622253,0.00438095926636,0.406991810134,2.57787866432,274.59476782,3.83593973564,12.3402088431,1.81719090418,80.0747641188,0.719433713788,0.0688872940435,0.485027003782,0.211681365145,0.0131779470543,0.0552589089315,0.161082690444,0.788457379544,0.470548702269,4.33198925186
TCGA-WD-A7RX-01A,1.10395758697,1.71856634946,0.141725173128,0.874055891988,5.80372764345,1.09100318918,0.683277980674,6.97423890952,0.389034247898,2.29197949983,0.975992730408,1.27769277215,3.15480300202,63.9911654822,0.495336228901,4.46210569961,2.12810726963,1.13745880885,2.28666408445,11.5586662537,4.75506640905,3.25288035741,0.908193127387,20.0692913892,7.53183149433,0.0750296838861,0.841461005182,9.26660128574,1.93354584075,0.354753197408,0.332363616565,0.924840165076,5.2138968146,2.72283641603,0.294750450081,5.46349496724,3.66269746723,0.0383941888875,0.819809860009,0.023263474055,2.905257928,0.94459626893,23.336254781,1.61489816659,1.15944982913,3.21436501722,16.2915259133,0.244256774067,59.8040044631,0.299689317239,119.768955742,2.94110292324,2.24318048575,0.128795051814,5.84007942704,5.22096978556,0.298451193163,6.98242041075,4.01047821953,0.922558651028,3.39632226827,3.36022204096,1.02667192211,3.10848262563,0.0688426846433,1.08778063798,30.4254149531,0.659767024917,0.374817643573,4.42268141336,2.55900308613,3.38377289545,9.55494614985,0.967172907993,0.363227979118,1.73608723632,0.215147391033,1.90503650595,1.76949568347,0.890220260033,2.9512668512,5.54050292372,8.36342953152,0.0131650325098,1.2573228571,21.5270631451,3.56394375132,2.31695474914,0.282089784594,514.647414049,1.12082280833,2.15645658003,0.162987692499,4.37809116139,120.816553167,1.40674769698,0.388444229011,2.6831185612,25.3915464217,7.23897628424,2.83754477529,6.02785189546,0.43596962258,6.7489923064,4.82061630465,0.071091175553,0.423966611374,4.42392820545,4.80996479231
TCGA-W5-AA2R-01A,0.456602871764,1.72273645085,0.0186638466815,1.23201808061,11.3743891483,0.086204796801,1.75127511305,5.12759620737,1.80558469432,3.01522157529,0.399357611436,1.16660190227,2.25647741607,48.991939141,2.17584191118,0.844574289226,2.77522287606,1.53121141577,1.61815696882,9.39159495994,4.25254185584,1.11377021599,1.58004103929,17.5195861308,5.45455607104,0.100603390221,1.88249071948,0.0673554658054,2.78175831086,0.452423028453,0.430957313629,1.21198473783,3.90149145575,2.43362575328,0.298583143927,1.66738932104,4.33290401198,0.0404491729473,0.679398512276,0.0163390747866,17.702086189,0.828685380405,18.6685526076,0.573993368212,1.99298579271,2.39712060328,11.6556502835,0.265631179369,41.7121289133,0.543756673451,124.4851774,5.09042651214,2.2803221249,0.105535569417,7.4240817187,4.01705230892,0.198584392916,15.6633552357,4.1620706111,0.187143157417,1.67834365401,2.04350520124,1.8936822876,2.5584835185,0.0271977648634,0.0631654787805,17.3786117304,1.30933663055,0.302829598752,0.603158311979,5.23804625623,5.97956694042,7.99106657469,0.89494972121,0.059611776,0.256968118242,0.256884496986,1.14082125994,2.71762344813,0.106971658275,1.10400139575,2.71407962595,18.6947450822,0.0,0.0596675197156,20.6334483636,2.06125247462,8.40013125577,0.185742602174,2164.4641717,0.637494110426,0.218632540942,0.183976428461,3.10193882906,97.4585891028,2.88738300215,25.5646630061,2.60445532185,24.9842056473,8.87712719989,3.06415505196,8.13092421811,0.505234575646,0.872098116734,0.976330535219,0.149792421108,1.5928018063,6.523437312,3.33318346073
