0,940,915,917,921,923,100506915,1493,2323,29851,4118,80714,55423,387357,8718,50852,926,925,8320,83888,10578,3823,8302,3824,55024,930,933,973,1380,79368,3514,931,5079,11126,3802,3804,3805,3811,9437,5729,117157,55803,1436,2359,8942,7941,83937,22797,909,910,913,10462,1193,645638,762,1084,3577,3579,4051,2215,3034,3772,1955,51312,79689,9895,7090,8794,55350,94,8862,255877,654,660,1003,161198,79742,1906,64123,51705,90952,11082,79843,57520,64399,3791,22915,79812,80177,54873,375033,5228,5362,5787,54538,8436,85358,126669,7010,7075,79674,7450,1277,1281,1291,1292,1634,26585,25891,6876
TCGA-ZU-A8S4-01A,-1.1574822623491183,4.27312399635936,1.2696799249527764,0.8371460190277733,0.715704842248275,-7.459131759511606,0.45800746804157305,0.2961704767951359,-0.9443372248117048,-1.1593585071777983,0.26792304248111054,2.540784186968524,-0.33139330544448675,1.3476370369609643,-0.07520848816587444,2.733168023675245,4.468363647448624,1.367799475543872,-4.1606781460003885,0.3420446995971957,-4.037872693125005,-2.511660251108337,-2.1787373544692388,-0.43556045414322053,-3.6926126635675955,-2.3739833380313486,-0.39684771697227955,-5.390143019142097,-7.762279588834068,6.161153611867325,-4.900871763021802,-9.262012786174054,-4.605859990639057,-6.167012079725498,-3.973064882712219,-1.25527601587269,-7.1307211049159545,-3.0224588679880973,-3.3240183316539498,-5.322630304925678,2.561180555775202,4.486395380248376,3.412560999835923,2.322190910804568,2.745005347227762,3.9662860852273814,-0.019711785746666967,-0.08196033257181087,-3.0966227518336065,-2.3152545334278676,-0.8207487927051724,1.7568970456184625,-1.752549016063815,-4.116139749922317,-2.798715389314179,-0.8807180421731418,-0.7937652075491568,-1.043875878916946,1.4957984923447185,-1.678639552124731,-0.28379101444198446,2.0762117997460394,2.8606313216348167,-1.3680298479486972,1.8538790749983547,1.23106457984904,1.060486971951234,-2.3670713145148565,1.7955328119562481,0.18136531018500252,2.004170154418749,1.3866047840826576,-3.5902994659042604,2.5641273208643875,2.6992838052653783,1.1941484294073446,1.3728561953982807,2.102141780319486,0.36580399233119487,2.9903210111297067,6.582713717326541,-2.2478693955629843,0.12475904771248511,-0.9731502336266783,1.8129983212475915,0.7795710465534554,1.3970838151753397,1.6634701816510955,-0.011729836406576263,1.3944101865673593,0.7250049259536664,3.3351939903322734,0.23769560874342743,2.0647861546470465,2.477657044482492,2.048766502464877,-1.1523983218404348,-0.3936282339411944,2.6245817856977887,2.3345706493465768,2.0063797735873425,8.362392416177613,7.574975605079379,6.090852182974439,7.255434317228975,3.1441143526702664,0.9497813672877544,1.855384461094443,7.486647934622113
TCGA-W5-AA30-01A,-0.7632723874168792,2.67117593758699,-0.1708474646123745,0.6726931293115205,0.6987192841971676,-3.9402947101911154,0.13344910808318092,-0.7208150812538325,-2.036610910165912,-1.1257179921598768,0.2618258005801678,0.42793861351369783,-1.8756258663606478,2.3340183300095414,-1.8244982630155617,0.4937900442836833,1.9946596774228846,-0.7411085719509399,-1.1187700149987327,1.3762844649019164,-5.639820751901425,-4.33600073121843,-1.3871194442644788,0.04341148246618338,0.10916146371481243,0.9918881974503972,4.735499098166651,0.4308146647022487,-1.0788254287450096,11.792195869519848,-0.25760669304719,-3.4535856398501177,-0.1264197225716054,-4.599035137053972,-3.212442862101589,-4.2264578843129055,-6.9476046644663425,-3.3613725209270546,-0.4415307656608969,-1.970382053311378,2.4581551666574604,3.2251164863005437,2.345762475331135,1.4379102045874228,-0.01638878817644673,3.404705931076117,-0.5866128974216409,-0.15078482214333805,-1.4615316133014948,0.989688003409846,1.4793767278339578,1.6607412741351006,1.6227828486656317,-2.718087808692228,-2.6041968421677213,-2.58575959391163,-2.274697865358913,3.5620305193883994,-1.3054583746534183,-1.4465975623379241,2.189299517627917,1.7778522451569432,2.4018555366997307,-0.2524297663835846,1.1855244053755938,2.506467530592881,2.0917969709405,-2.9246252539249444,2.7572596169062784,4.072502893773696,2.9688674737479364,0.8256839935685529,-1.2287734007027644,3.5385514262444886,3.8633403932974653,2.083470442087556,4.004315717849043,3.138534947298171,1.9649489530912125,4.313686081337687,4.11982969629312,0.3276020836527957,0.8152953059352834,-3.449567410315048,3.1807416450984927,0.7045798850633392,2.906466103936545,2.365125559552189,0.10841442250507591,2.7277405299848008,2.8813509707906695,1.8746984405537914,0.9078194384186273,2.9919022713020667,3.777357496505229,2.8723734850869667,0.0015242187208588773,1.5497940289356753,2.7044154721479408,1.049050041064065,4.849039922999231,7.248878402152414,7.588311395433642,5.588864274526638,5.776758865657211,4.943460683362814,0.8855695139639784,2.519473296314089,5.878418835992311
TCGA-W5-AA39-01A,-5.018832503535631,-1.816869521004408,-4.670076661697442,-2.7175428839241857,-2.661445875155569,-6.689502160286351,-3.814538206131852,-1.4845221010444944,-6.1337416636870445,1.9744526946976035,-3.498269965661787,2.1868888218664293,-4.252864539069388,2.1035396822355072,-5.068470404856325,-2.30694770644565,-2.2701042660280937,-5.015777511017964,-0.4085458464552492,-0.8479030249296899,-5.770451082192958,-5.934974511914456,-4.151381240080045,-6.349652157398969,-3.847370959629976,-3.7682075687886845,-5.31831895059697,-7.018832503535631,-8.378238927581208,2.1285503429994947,-4.693059979698254,-7.952814836935943,-1.2281232058757445,-4.473773469230604,-4.50221869355627,-3.5162337157695305,-6.237380495920509,-4.651148352386131,-4.746256938582746,-2.4069992731019982,-0.5712753464938722,0.6595610207573503,-0.8090837760392078,0.20883813196105044,-1.842217519874855,4.254206917772215,-4.382741394902701,-7.107310607456118,-6.519937012635612,-7.1791413856214055,-1.2795132756595868,-0.42900994901458195,-4.866665327630847,-5.0078636401515455,-7.2467449012559255,-3.2381055047535776,-4.422454691946331,4.726353508641598,-2.7651592075542486,5.128869504451835,-5.427654669401877,3.4066091220845482,2.1411026064716094,-2.0924026804013938,0.46558779999108757,0.32109292013379254,0.6585683494017209,2.674895450210416,1.800288469587044,0.34408920397689374,1.6605389630795877,-2.205558824290676,-4.634026449579584,1.6969364423805187,2.2384887870837775,-0.15700707945997425,-1.2305222004694847,0.9746464389502179,-0.42042676905577053,2.4514781441140303,-0.2065629039338692,-2.6477401894614694,-0.4655841250362686,-3.931988319715634,0.963443885258228,-1.0427791406357434,1.0141795705475092,-0.28539761568200134,0.8482333732328567,1.4279554212622543,0.2251111438447988,0.9966700384454483,-0.10478770300259806,1.0664106386606287,1.5614321924019179,1.9915375316575077,2.4185243272067227,-1.088119776732736,1.0812463593094892,-3.442849614223793,0.2365593699401135,5.112381761829635,5.361194212861874,5.5958689025580695,4.37071816591615,1.239011432637045,-7.598963171916073,-1.5927327776640932,2.5261891231567972
TCGA-W5-AA34-01A,-3.3826297360660003,1.3624755714902357,-1.8639488927868608,-0.5645491183717911,-0.6159879609989101,-5.790264986983221,0.1721618084292182,0.13014750487387297,-2.295905035043834,-2.05230955055282,0.5071666114713279,-0.9662757027875927,-4.716197445149122,1.0731149522719459,-3.4322676373867402,-2.7296386280344307,-0.5773179701894577,-4.701502838435214,-3.153164862928676,1.951798474825707,-5.770451082192958,-5.31150189009362,-5.63065569003114,-2.677825480200659,-4.53309628704594,0.23256763097533106,-2.1966893559550202,-3.8972029088951134,-6.754766305759827,2.4715077702882464,-6.70071340200379,-8.638540164350747,-4.40570162962082,-5.159498796646279,-5.187944020975204,-2.295068447577911,-4.923105823340989,-3.5295187577435514,-4.431982265999513,-3.7301545211304603,1.025638289865522,3.4290106744198665,0.5222644099018917,-0.11283362489865631,-0.13105269472081127,4.355047479229963,-2.338073782076692,4.553022461035971,0.4254637040761666,1.9200646671696573,-0.9387663917156431,-0.5126992623505906,1.3783466825145851,-1.9931492494301135,-2.6468121969002927,-0.5023670637319839,-1.3532925171984584,-1.6095479287868684,0.439886395281269,-0.5035263205564829,-2.469523807042963,2.7728280250565134,1.6423402108548046,-4.383849068705376,-0.0502125259806351,1.84937366262899,0.8919230266035644,-1.6046705292751755,2.185542047120865,-0.3151639120785951,0.4381709575124849,1.5640430685981654,-5.904714277716949,0.4021913469542182,1.845959836009599,-0.5136088105851723,2.534605105864318,0.4235706382277921,-0.9362270950294791,2.103921552593941,1.1077117686484876,-3.43300119043005,-2.3541263354487154,-7.42506856918937,-0.16126463706092717,-3.6303240741126066,0.2718707147698383,-0.004289807033666861,-2.576900724276199,-0.24685412867560377,-0.3699438246325632,0.69552446116718,-0.8605005493566925,-0.1969164845282114,1.0525846270638923,0.6192830336827376,-2.9390243413172237,-2.1261468480835304,0.23753696139946598,1.3431002727514867,-0.776653577711815,6.611173800962152,6.046404931269888,4.2349289920659325,3.719688579766057,2.056524208510304,-0.5946905279131643,-0.25739648955027855,4.201829119277707
TCGA-ZH-A8Y5-01A,-2.8685988341395494,-1.348459891581026,-4.979274610935656,-3.083324361528193,-2.6603037037866772,-6.998700109525049,-2.1237361553712613,-0.9787519441155843,-6.1337416636870445,-3.260744673100332,0.879032612285517,-0.7950672325861713,-6.562062488306916,1.816759199104668,-7.377668354096561,-5.353111249851503,-1.4093772138224323,-6.324975460251244,-5.361599985470742,-3.948514352358243,-5.770451082192958,-5.934974511914456,-4.768701484681966,-1.6035676711411528,-5.478497003756929,0.4565730539720176,-2.6275168998316367,-7.328030452774739,-8.378238927581208,4.167120493582775,-8.324186023824735,-9.262012786174054,-0.5779631396113919,-6.7829714184694065,-7.316068926695365,-5.240469164286663,-7.1307211049159545,-6.4920028512218115,-3.6404173885432334,-4.938589643676037,0.9841748513716684,0.16912275685211844,-0.2914306275942065,-2.958006893868454,-0.9922168742617171,4.655969523720914,-4.759053540000996,-7.107310607456118,-6.519937012635612,-7.1791413856214055,-5.343598727059559,-1.0064040092042676,-5.175863276866723,3.011613337935962,-5.340674146617077,-3.44776778044182,-3.3393352184064673,-0.4768303891807222,-2.6593196575083535,-3.0455713430399456,-2.5016361569498526,2.500806559348863,2.532111701389177,-2.749523933055678,0.9211843105864312,1.7874207899698884,0.30272030686010554,-5.661102558375549,1.1046626421352082,0.2686884393502715,1.0605234514930164,-0.9000469294140152,-5.943224398817414,1.7130308220582684,2.126057451503854,0.28332923896537604,1.674810153855737,1.314314042301375,-1.063742222189027,3.3583396546608655,0.8246635853304587,-0.3719756379803317,-0.26672755925872277,-4.311575596846283,0.2830627263263797,-0.9625653982693145,1.0706310936212546,-0.1795580656433438,-1.7792356472808701,1.4645921829113373,1.1626088636246135,2.5127837741214596,2.3064086722745967,0.4522495815373338,1.0506003819905765,1.8581593657408015,-2.1745713094835746,-0.1800870097522955,0.9622933958927357,3.0074245577404013,2.2237623503493507,8.135172572006748,7.9036041204206136,5.539504620277902,6.074810327443151,3.770823959640977,-0.6204487416037776,-0.08852676017089692,6.4687798017649145
TCGA-W5-AA2H-01A,2.8573941809225962,7.66345199993271,3.6177957064715325,5.004469461139204,5.049559822523179,3.8121166510418725,4.332692638049421,3.309405929206437,2.560522225591283,5.065969094081333,3.3904117173636554,5.060559146694929,1.038399644667613,4.695203428260123,2.3618127387361607,3.492202754998685,3.9303836235139036,1.2288757304308933,-1.0258410786872902,3.6302964463329683,-3.487998126533155,-4.184178105852308,0.4195002336829139,5.0250836676786665,7.3622463657987485,6.861928222717802,9.337712471575442,6.637009172730386,4.603778659189118,11.711050415916304,7.615933060286376,4.199590053582564,0.3509787746987686,-2.862250010967569,-4.323654642569077,-0.789233040084643,-3.7957820391011854,0.4769506316261525,1.3957812363780358,0.07273431261089705,1.8098584690649728,3.6591549306976274,0.553080213284763,0.05340125575436311,2.8523616781195718,3.9392836650384,1.4744067909359544,0.42484551212749755,0.9173599206106957,1.5884633081292103,2.9846265070351854,3.497555218550438,3.4667168324079563,-1.6120688729437684,-2.824342994186784,-4.603861969986812,-4.39589373440097,-4.839776149168301,-5.908523251447923,-2.652326941591589,-3.3230911998582515,0.28985043476142885,2.864764697303789,-0.1543783974585279,0.5763185249045879,4.265141081508947,-1.873837985243415,-2.144771405945174,3.4518422445088315,-4.1618449193070015,1.140921880326688,-0.22480155636088997,0.3925345079655861,2.395005195378013,3.1020927679039745,1.7407404120093164,2.4786771888528314,1.9370770590752406,0.6245127178039929,3.0401374940287575,-1.964273255332678,-1.2303892788854243,-1.407828545887043,-7.29774478495032,0.9929703012773065,1.6899413642953645,2.136684614186722,2.071808653850513,-0.6042995348350518,0.10803117968037333,3.580860359184779,-0.6099597852297935,0.31453712480545076,2.2720237295219894,2.952251826496492,2.2381320662702113,-0.11362397630754152,0.8644405993644296,2.461110584629228,-5.416288656679042,4.5746532510014735,5.066600103554218,5.08360837992971,5.584645197642245,6.135902035489136,3.3128781049608804,2.576498004586893,-1.0686721606484701,6.073272024283995
TCGA-ZH-A8Y2-01A,-3.4498598558837155,0.6646402853982362,-1.8310148506804957,-0.6510705768004876,-1.380848762680617,-7.459131759511606,-1.809466443674144,-0.9765400832794069,-3.0672693565587332,-2.984610090283933,-1.5573285406247348,-1.3693562937272914,-4.0343891385018305,0.0663206863093569,-3.0019980977362812,1.9972922478975461,-0.7354831231668644,-3.659798586700519,-2.9859297291080975,-0.6103188014140105,-2.4480867769557575,-5.144266756274119,-4.512330156691609,-0.6882332609853649,-3.687789248116573,-1.2866977623868558,-2.3773775255603065,-7.834537483946356,-6.587531171946852,4.0477328502854375,-4.948515767462826,-8.471305030532786,-0.9716799551078769,-6.7829714184694065,-5.605671387874079,-4.449761408645372,-7.1307211049159545,-6.4920028512218115,-2.7622467916524407,-3.1478818880366046,1.7480271151855078,3.7939821752244303,1.8308553929650921,-0.994150235913523,0.44664720859121226,4.634313233845139,-0.5727606477477742,1.572140397082339,-1.2697976383572822,1.9602945242499934,1.04702187076532,1.2619532230138455,4.216615267176438,-0.9413913330295874,-2.871894485862525,-3.3940256189669276,-1.8534820442933575,4.567003786576708,-1.546683806986207,-3.6124155920130567,-2.4436445224751213,1.5286840079748276,1.010169175731628,-3.3139111362403892,1.6449541635218217,2.664022805634996,0.016929925036009114,-6.192322897614344,2.1335741215903896,-1.4057265357281237,0.9170332655335475,3.6789630056816858,-0.9045891297349704,2.3021047165304185,3.188636976238953,0.33796498675027536,2.9073347398918123,1.3838054011268972,0.622738164573325,2.52699559084027,-1.4313218944743205,-1.1662303830610818,-0.3756528450880332,-2.2882070844134357,2.3084516917580276,-1.0671602639612863,2.171868395228025,0.7883426919040113,-0.8165752088515726,0.3974985506501849,-0.5673726675766091,1.4662730781613205,1.0360869945151052,0.9368956477505131,3.484114712925267,1.682550247638263,-0.8345249628486318,0.8440514386750619,1.9180603978056199,1.0015561975180762,1.8545634695181596,6.665408055236391,6.8411502280121175,3.232742770821878,4.046761753684155,3.6715343878820565,-1.2165865575333816,1.4196996897479646,3.939265186712196
TCGA-3X-AAVE-01A,-0.40076851485268944,3.7289423957728904,1.2605775572935078,2.021989064306152,1.9131544650454075,-1.6196421223151765,1.6411435433269508,0.35045749364600437,0.44660265905127944,-0.50527048063264,-0.013372428409622127,1.694606877365744,-0.3060628975008619,1.2779728650062525,-0.819640225838055,1.6078815453836601,3.231706654160598,0.2006311903068332,-1.388534357933973,1.4030628984323386,-4.002694499225904,-2.476482057204517,-1.2015423446731908,0.48414052233456756,1.5904930437769549,2.084166536693421,4.054287769056447,2.9839943501769626,-0.8444583455720731,7.805395875294487,2.4024306583097976,0.0038345905919157657,-1.9186051001581204,-6.131833885822853,-3.4233135159809516,0.03515923326480096,-2.6475133990666486,-2.1392837675309218,-2.181924933835645,-2.7024896102997893,2.200430073345611,4.116206945247153,2.870159128144297,1.8775067965190113,1.4320352560250393,4.433356476813975,0.18626709705735653,0.6418590081524663,-1.5468713850983238,1.4261924574156413,1.1901818549498953,1.295399271219657,1.133485738531535,0.3340759432518392,-2.763537195404529,-0.7727835058383675,-0.5727204683374056,0.8517278659769103,0.9166303787422053,-3.228423858950892,0.6376614434225216,2.1781590058581504,2.709964269698702,-1.1586469252283025,1.4064021909805466,1.6343428348012672,1.5091670662193661,-0.8083311645531754,1.6465483698517234,-0.8790341558979577,1.0602711216851555,1.8608946122391923,-1.6291218534451508,2.1482951267561985,2.6352523952376137,0.4703347228100331,3.093666980804325,1.657210210958576,0.4498917867111005,2.7290553771803503,0.3710049279747518,-1.6277287009400068,-0.7369692654233972,-5.075475563476967,1.5710129838452747,0.013599467926678616,2.0696919296929948,0.8323268107865517,-0.3025958458648091,0.7735427816873559,0.45352178162265844,0.8671466891136188,0.47382569970086275,1.028546605469338,1.6033727847955819,1.5959003389215096,-0.7794477549875435,0.7857210636465487,1.6100640774431874,2.441154511469022,3.097615004370148,6.875176996050053,6.880373620178862,5.651196503978876,6.040523870713812,3.5606469195902237,0.34474719989781133,0.7702684212750129,5.298364825524893
TCGA-W5-AA38-01A,-2.466534007872533,0.7354289746526929,-2.9161443048668376,-1.3296312061607463,-0.7530035692680456,-7.459131759511606,-3.124736186721441,-1.126396153069042,-3.5814431680197307,-4.043104417969844,-0.5674598467454062,0.2776246866239225,-5.2855285441272075,0.10720788986133961,-5.253137503359815,-1.8135428998396168,-0.8381000040816587,-4.785407110243315,-4.237069134733719,-0.39514020281876844,-5.770451082192958,-5.934974511914456,-5.621450557445153,-7.119281756626166,-5.938928653740295,2.6345903406314295,-3.2805936277581953,-7.834537483946356,-8.378238927581208,1.8040602748458683,-7.784617673810873,-8.722444436162673,-4.319680899986539,-6.243403068451373,-6.856810793502673,-6.285863314994202,-7.007010095148911,-6.420777951605166,-4.778920943642634,-4.662055699495281,1.6455739146296895,5.307315148427493,1.6473547042165528,-2.04515002704775,0.7758830341818116,4.49430658483487,-1.9970927686486202,-5.567742257440779,-6.519937012635612,-3.0546105348908448,-0.344598758411623,-0.9836266572700243,2.2463481225076256,-5.192530738655071,-4.315678969429346,-1.7276271847853641,-1.8345322865542582,2.14252115528683,-1.1655549971127859,-4.541626902750625,-5.612321767906952,1.2941513473332,0.4043648888028648,-5.183960374515246,0.7332178193380883,1.8539795606379166,3.231700348482563,-1.4210944902155647,1.1916122879868203,1.0290254682199385,0.4319690427053047,0.09090076693717215,-3.9886185495250035,1.2704104481905465,2.0195517864956942,-0.3001975419861831,-1.7163588336907956,0.8613639736801666,-1.0703171240075973,2.883186498963454,0.811078172855512,-3.002332289405906,-1.9085632191305806,-9.093935341716074,0.7396606564899885,-3.962155859365067,1.2369634768477917,0.19519941462941537,-2.589251735056065,1.079740891086133,1.5165571213712985,0.25444659656414553,-1.648011818384271,0.7081240551558444,2.082604617695631,2.5939183718889725,-2.9050921228334574,-0.9572850495098337,0.6488116116258296,3.8789561728731536,1.040005942270538,5.437565530828494,5.021472402942846,5.268515469116357,4.950265479207419,0.9764081971922939,-2.4028084864808656,-1.7493854999979477,4.328214051508061
TCGA-ZH-A8Y6-01A,-2.4744506319875135,6.748732837446495,7.205031419225162,-3.106261487302076,-2.4826190308931277,-5.114746639693188,-2.0698576840974923,-2.4947290811768417,-6.1337416636870445,-5.9544183096455505,-2.3385519443491685,-6.9054671996164805,-4.52610592503344,1.150288586918389,-5.49371488426416,-5.054120280744197,-2.5147764997966027,-3.289018896983128,-2.6031773977185644,-1.262500260139907,-5.770451082192958,-5.934974511914456,-4.955137342742029,-5.552504215476056,-6.010153553350941,-3.556022127582518,-2.521171008670062,-7.029039483666514,-8.079247958473163,-1.4493411464168315,-5.440232553994265,-9.262012786174054,-2.8232926867252153,-6.7829714184694065,-7.316068926695365,-6.285863314994202,-7.1307211049159545,-5.076392831794252,-5.3414264194343835,-4.054636173844953,0.8402685167422489,2.0892233928877286,0.3040916593384382,-5.293221944503894,-0.8524245000023996,2.869148227667828,-2.921642656110945,-6.808319638347273,-6.519937012635612,-2.356588460456954,0.8682815782731268,0.16281908493269034,-4.876872307758806,-2.4331081195649253,-7.2467449012559255,-4.73373931205526,-5.432661672078006,3.5636762410768004,-4.775366187681488,-0.5267035505081397,-1.0004563372271364,5.515630031030938,2.6259042102099803,-1.0030739869796104,2.8292070527861024,2.8645221065364757,2.4761803938900284,-1.801396634786265,2.378136585232073,2.4646910950229373,2.6054156766336853,-2.9678382909754126,-3.05927092899286,3.695125383373959,3.7420927916654785,1.5456568081002187,0.1545721006213972,2.8396211947006917,1.5831720503375564,3.970149095500592,3.002710941853096,-0.2339208870860355,2.2592515856025894,-3.0865852091839607,3.0640826738192035,-3.8104158174910427,4.0246320609846,1.5818422219055444,0.1168413816316064,1.2453102320800593,2.0661467297731226,3.135820433288809,1.6035691970164432,2.471702303741653,3.865147844457401,2.339106094631846,-0.10728841201140558,1.4946285346135142,2.4248431482772563,0.8912393135593569,0.37390957822148735,6.952405474910396,6.654866265844751,5.537006116483007,6.084321526562518,1.9057558177292349,-7.024207651324738,4.5477035383876085,5.428161744875906
TCGA-W5-AA2U-01A,-1.1186841278399517,1.7461443471824312,-0.7699282860014058,0.21382733594218933,0.2445145008695337,-4.557538109365351,-0.3787934070350465,-0.23708083270345878,-0.6979968645846387,-1.8935832543828424,-0.9739884919650548,0.15556706870356674,-1.597338532091775,0.06799733250998896,-0.9365063539370644,-1.1045943276371657,0.6220807313541293,-1.9452140047594804,-3.598509890423237,-1.4004371482835476,-4.797632532436852,-5.493812511756055,-2.4719293938584084,-1.9322858876218052,-1.751932784734968,1.4081506014881084,1.0615726137695431,-1.6774150869878437,-3.8496140861732386,5.99574075334699,-1.1825843055265624,-3.1484254440476387,-2.5880122512839274,-6.341809418308404,-2.9552171433633982,-2.799307164133892,-6.105416445002574,-3.934221800744412,-2.154861269027331,-2.558828188183818,1.871810044356573,4.766683072397378,1.6516620408072993,-0.060056381230572775,0.8422875540764231,3.518120554951276,-1.3703589597341848,-3.344220512410648,-3.493812511756054,-1.930624463403288,0.016426510366119227,1.3343910324275092,-0.9798137745471039,-1.8315054698778017,-4.41408531928532,-2.6655688624452347,-2.53560313886167,-0.004752312238792641,-2.3601766622278295,-4.1546064254367945,1.0662531552502772,2.0004438370900557,2.5576155547919597,0.5249881976895032,1.450897677260665,2.587348498331761,2.678057671063743,-3.1495512303165247,2.8527012214093417,-1.3480969097024877,1.6413732226635622,-0.8447760828757614,0.17036294330943494,3.1132947910378985,3.622651842477426,1.2986873089805278,2.5020012062227326,2.540150575374821,1.4664247840287963,3.440484241197105,0.09014590932758142,-0.12804598526088887,0.23946832631924417,-5.285451095963156,2.5418275609430894,1.0269006320324041,2.90140473363849,1.8438314675170413,0.41613732746360577,0.6346503472555036,0.8172155803271772,0.3633957567313576,1.5130336803977553,1.2685883040508108,5.53992721770263,2.223526015355401,-0.05753831240196394,1.8111459467238464,2.4497844471069894,3.7858295911859043,3.8343974506030456,7.429320669404943,7.333141709320712,5.070639778040588,5.320450747272604,3.935027904393344,0.3579596195322087,0.2783169192943218,5.146415808594298
TCGA-4G-AAZT-01A,-3.1915920439918857,2.624479784921322,-1.8428362021535485,-0.33920337551957713,-1.4308578987083027e-05,-3.9326510286309193,-2.0576870744739773,0.5174415284507888,-4.698818626915268,-1.5906242685343772,0.6184771110754286,-1.3310541657712287,-4.080975908135973,0.7896141333216291,-5.048584867367374,-0.41259305104165567,0.32670645311586527,-3.165816974966638,-2.2955509045746783,2.638198735763677,-5.770451082192958,-5.934974511914456,-3.113117173275817,-4.455297501997484,-4.149413517030064,-1.9182470327434773,-0.10203620030407583,-7.834537483946356,-5.634117941573164,7.539096936794896,-4.995102537097586,-6.517891800161587,-7.285053265435898,-2.868925431022776,-4.330330062621243,-2.38087096085793,-2.8955668635466716,-2.6312628148982,-3.311333901818354,-3.4575030635016786,0.38252100053928734,2.6376591230823108,1.0473030291664613,-3.4330544283237634,-1.506830156656105,3.208860326877312,-3.2373249753317066,-3.555834699391693,-2.968461104575949,-0.22556703398346173,2.1916851474995136,0.5735975970408553,-0.7313025727193683,0.6267317414529268,-4.333518754773888,-6.828646409344632,-4.665603560290431,0.46643138605955237,-2.057217676374742,-2.704806051262576,2.932575537542922,0.07746133452355071,2.130421427664339,-1.6472113081802688,0.5322378048214333,2.022489446706337,0.3121316726451228,-7.2389096672516295,2.373840377307482,-1.1945155478943648,1.26931270450773,2.460585393188469,-1.2605039574739476,1.8473341186615269,4.322946325871642,1.1824000552117082,2.439062094969137,2.0684018730666227,1.4251922198057392,3.569991714337883,-0.08197998777741432,-1.2128171526935385,-0.6260080711350108,-2.7396355862205364,0.6283725274785257,-1.8268658858088196,2.1703452312122415,1.0766748556755423,0.16889923074352978,-0.4499474297500203,2.1370813421661157,-0.27925967863560397,0.24103899188161526,1.9333361617154816,1.5641084398582454,1.010811887169529,-0.729108639038378,-0.060241448490924436,1.9070243807806249,-0.28000612289184346,3.7328598310699497,6.340764689147024,5.9502540773073145,5.482478863760938,5.987976792661612,3.534076805823519,-2.9941151336998337,1.3985836076297544,6.075106457989698
TCGA-W5-AA31-01A,-2.3169828983888814,1.191281943877435,-2.2842545500044853,-0.9603698072973059,-0.8199442796822232,-5.333427391983418,-2.9559630973017184,-1.6103163404990433,-3.662189677957832,-1.4579684318061603,-0.919802776022316,-2.4237082337626994,-3.543152816152312,0.07614547782424572,-3.127433135832147,-3.050408611692904,-1.1915634732522924,-3.3060657881017854,-2.5808500505101746,-1.2648631055003154,-5.770451082192958,-4.854664295093513,-4.198065641275747,-3.8236523876556507,-3.590831864878677,-1.593373115155416,-1.1896546783961277,-7.247720235954859,-5.976000615875929,5.804427189938471,-4.543436088864381,-6.374347647297835,-2.948864034626978,-5.117698700928142,-7.316068926695365,-5.160158947466113,-6.466268228338556,-4.880036084804134,-2.430824154774373,-4.63588700551678,1.049627109463511,3.4402427497984056,2.80692102951909,-0.4051216783392308,2.425016175676732,3.867061454675734,-0.988911704603542,3.0828302636426677,-1.4396267958144084,0.9455629505590041,0.7024957744250583,0.8155181666435939,0.6323673945169657,4.427695911977752,-2.1228604060425025,-1.208258968770776,-1.1435477841640398,3.04144592321319,0.17587806147305757,2.134567748241307,-2.1754157120824194,1.9268411841145645,1.214041762885264,0.33732912962565365,1.6441160615271928,1.635246239009971,1.7489832424648923,-0.4432888178000891,1.8733776751617743,0.29695190839345337,2.1729345114848475,2.6935477642677146,-1.956023586391064,2.876052089791741,3.0260170178067236,0.6909207851710436,2.778579343500823,2.139568829951126,1.2086664936511562,3.4335144145993635,2.469887839644113,-0.9891026511397819,0.4381858862674477,-2.0374936366294154,2.7495064943081697,-1.9295608962291342,2.2019048481484016,1.8010700928634924,0.6193456408152597,0.7507783837662343,2.3903963907841455,0.7883855775486646,0.7137599073812738,1.513055870539383,0.9117933095095511,1.9295162982828173,-0.1664108784156939,1.1292487207380462,2.3318809213118876,1.6043870586333162,1.6933530761906619,8.666932209028891,8.393505696059227,6.964229129619887,6.8882754833128965,3.719633544702526,1.4111508534344313,1.2807412075497184,6.207479861741372
TCGA-W5-AA2W-01A,-2.1353007501089554,2.085277910587616,-0.2917802165211054,0.29151975158670385,0.2583494222615166,-3.9434739306092563,-1.3904380713420983,-0.47545946553264584,-1.7096415288942983,1.259149772823274,-2.1355703755345026,0.34901887771523854,-1.7413015630317423,0.47170164542846466,-1.3589680512042337,0.7610086181149868,1.9379762824479658,-1.0268927574444533,-2.0433394007209715,1.3881247617095114,-5.5054964485671105,-5.20167642788693,-3.6203659013735217,-3.7556270211689724,-5.74519891972924,4.166327088068927,-1.7242938143645612,-3.594732368746094,-8.378238927581208,5.193490660109764,-6.590887939799034,-3.319261336522249,-2.4885212453542374,-6.049673334445066,-5.663081059488346,-4.507171080259319,-5.228317860412008,-6.2270482175992665,-4.9071193045140635,-5.205291559646055,0.7233735368407429,2.316037665458579,2.013861824525491,-1.8589148295830686,0.31884820908685685,3.9041710469098665,-1.6367131652261766,-5.374012523426407,-6.519937012635612,-3.638488379533528,-1.565906523673078,-0.3528331176462319,-2.120637097951453,-6.848718138987987,-5.929304157470489,-6.828646409344632,-5.413392056433517,-3.3978428525623134,-2.533704150701609,-2.582362422374997,-4.2665889404460104,2.16026595331356,2.398676316282553,-3.2126230618348814,1.1072793698524361,2.576451163511711,2.826829579762609,-3.4423776471732084,1.9840839497345324,2.1113339195647143,0.8176682774808585,-1.5335311760590913,-5.209926314787665,1.595192292002064,1.5949908437219915,0.34604439672907533,-2.8705524031024647,1.1513090229580385,-0.8765873899924769,2.3955853377862315,2.445735273873152,-2.8826031368344744,-1.0957043812444451,-6.092850685648776,1.0105900225004592,-5.4464980304622035,0.9222645583364922,0.1817712410030986,-2.28362912097414,1.3031623100399736,0.7831657353072234,3.561638454102587,-0.4406071474723791,0.7863765717529839,0.21199211812313526,1.570204900539313,-2.193963171909199,-1.0473482814944823,0.967565930110337,3.881740005399649,2.192880543372833,7.383447341268793,6.9115125720225,4.412006025670019,4.486603102062356,2.332758132024978,0.38164301754254726,0.21151006595728475,5.477302764304388
TCGA-W5-AA2O-01A,-2.6997759944322026,-0.7202054332420036,-2.493039157475063,-1.544337241287798,-2.6286935512101572,-6.370445651187899,-3.1735536021465944,-1.0874630799420895,-5.229722653860536,-5.9544183096455505,-0.6348929403384895,-1.8213162082219831,-5.518770530688184,-0.6950343026647783,-3.9420589736998695,-3.987891197347621,-1.9154238471985527,-4.69672100191674,-4.148383026408353,-1.1627186170305213,-5.770451082192958,-5.934974511914456,-4.832324730980355,-1.7638091076055002,-5.850242545419959,2.8523451352929237,-2.8293374400510003,-6.114813493712921,-6.165021968522874,2.9284740876425164,-5.374003470602355,-6.311830232951863,-3.0086023703286586,-6.154716960129478,-6.768124685177603,-1.290286611060168,-7.1307211049159545,-3.5247369212271615,1.6951962018744489,-2.895297686057676,1.124635467999828,3.138115159851494,0.1837445007427097,1.545156729677242,0.9708278298975651,1.0387716251344306,-2.096851749736738,-2.1571280542325497,-3.084327632243464,-1.059033830951726,0.8696182319961725,-0.31739551978600034,-2.9626463178109788,-1.4034049121909804,-3.8644227817203722,-2.9190489956553414,-2.459541993070945,3.924140598813691,-2.5716335805324735,1.6131483960321498,-0.6656546644553978,2.7426529852035784,1.2610183263376746,-0.004783732240309227,-0.16588701464327751,2.2376820256779353,-0.08948933735529553,-1.0149261920349792,-0.18259874174739102,-4.284386867030601,-0.08882966883033554,-2.131614813029723,-3.3149699404743402,0.7280448253506291,1.2470019647766193,-1.6680255689176327,1.0568254489071855,-0.010690487544299219,-1.3588664822481398,1.9404596546575548,-2.141262987081035,-2.7761426573357135,-2.5694703132991576,-1.1723592192273273,-0.1564828005446679,-3.6255422375966107,0.4997942299909153,-0.45614637426263926,0.9311004635238723,-1.419265294066494,-0.7973892486929253,1.5267814249455898,-0.5940911282201071,0.06446119737999122,0.3068860629403619,0.5200969503378003,-2.2409038430358423,-0.7570906259677666,0.6849178048324337,2.9550248448392353,-1.5218934881874049,6.023370454977908,5.433929864463136,4.2235006014019225,3.7873581222332544,2.3293892575556714,-3.1301595433077267,0.0734891178259796,3.9214723632550585
TCGA-3X-AAV9-01A,0.560439131159841,4.465832103973305,1.5008676953045748,2.215736816654103,2.099940169989709,-2.2257077430130128,1.00574152806842,0.6956905329887833,-0.428939146904242,1.832426006353416,1.0156479310388447,1.6326645352056564,-0.548062022292835,1.8532352791863895,0.18381990721679095,2.8017517520043604,3.709246644600636,0.8186602861762999,-2.8256468162604853,2.2520716853002867,-4.510196285439673,-2.884448169873873,-0.784962233850735,0.6050235171368706,1.1266181899616365,1.3259734920979047,5.630023762383845,-0.8312478808439557,-0.4112359411032478,12.743172123466994,1.179199282928342,-1.687924488074303,-3.2131131630418066,-4.054373171316718,-4.082818395641257,-1.9269084164136077,-2.7305173567567667,-2.6467855537506817,-0.35723028971218496,-2.5470263838019958,1.6768535242714053,3.8920298919277565,3.5342806308395867,0.27934328738153386,3.007914084425374,3.4523157445199866,-0.654588390846967,-1.3787123603018887,-1.469410670596361,0.6155460519869383,2.5091208319208396,2.6668512041061225,2.3729139327005493,-5.58846334224113,-3.1266490722874085,-2.9256204107579515,-2.418091893308352,-0.6235695687490096,-1.8863272909988178,-2.5046000990558497,1.647574459952277,2.0184510578997648,3.1615066549142234,1.672434547096875,2.0688254062044784,2.8204425344728214,1.0380759201979683,-3.9325043112188816,2.616422156509777,0.2277705201929096,2.4475236236219704,2.1592853100032032,0.5491395018445784,3.7045701299547544,4.673677106872419,2.2578777373321306,4.635422032001531,3.903219309391464,3.075789125909696,4.579148982946232,-0.29841542055696607,1.019587621898431,0.9133431123345994,-1.053156403162707,2.7233537038054836,2.3955461559087494,4.5848891917365275,2.683933166798304,2.5696520372799205,2.282342807801273,2.617948968876244,1.9425508173222013,2.180470770138655,2.346461353659663,3.6956752735835203,2.9238602164638405,0.7459387525595395,2.681777768265735,3.3474706842632664,-0.4765548564201948,5.722976125375843,8.58263431806814,8.915280554514645,6.895614884729333,7.229728115798626,6.685624039525298,2.3341647219533965,4.0895914213126545,7.636362804621214
TCGA-W5-AA33-01A,0.4587444909409172,3.1975908080308524,0.8671432792100073,1.9949316755538098,1.496075438771412,-1.138861703614782,1.0401084374278902,0.6152370403555103,0.07704879011076302,0.4291687313741839,1.4762861416352853,2.1420787215907833,-0.1924083583675418,1.3525494582525053,0.3711387394222579,0.5244291577876492,1.84997927358322,-0.8200939496219902,-2.1411718643006488,-0.5290528252851132,-4.718806129569261,-4.4149861088884235,-1.86624344483399,0.6749194876051497,0.7625905879773924,1.7524381475849782,3.5737099149643967,1.1256486052018775,-1.2143943347824333,8.739294274371554,2.049111934601776,-0.3844723785313983,-1.8087461302778773,-6.7829714184694065,-7.316068926695365,-4.720480761262371,-6.026590042136168,-2.9809262799657374,-1.4480036435460206,-2.544132122735655,0.9043427949458696,3.454200354952226,2.317728285108503,-0.3904004706110487,0.7836104331892892,4.2567778264963305,-0.6830153281689557,-1.9434660146597398,-0.9555544902539242,1.5306715762842524,2.787414473270329,2.01881970207362,0.25101572175981546,-2.7970731863639955,-3.4421741203350007,-0.09320298662392737,0.17204005430930353,3.3811421158723722,1.3404490095393764,-0.4155293945459074,1.8652848257355594,2.4710811873792617,1.8527912961924522,2.1080458291646615,2.2451739661097805,2.7279675358329483,2.4608641497772026,-0.7626025320927895,1.5773453303851794,-1.6454189927212355,1.662305945683884,4.056440570406331,-0.7044177483384207,2.67606571540438,2.884494622085248,0.4563691325549366,1.4846122938311015,2.019426941297339,1.2846808210092158,2.944176760705392,-0.5405778243960877,0.5570264766927135,0.40130877914424384,-1.9536439519312199,2.2866255765917787,1.1004132349977827,2.27455205318276,1.3848244567435644,2.880433619793277,1.5228120363095985,1.3659995843997486,0.23098321508617484,1.2208615819813038,1.0281200688727048,3.3956342841869396,1.8169255910532958,-0.27516931690750523,1.5354522023931245,2.188659073252134,3.662758602868843,3.2761063735793177,8.90418270997831,8.909426539462634,6.393793377770263,6.770651536695302,5.048365352958268,1.1930278637942138,1.6312571738791506,5.516016497701043
TCGA-3X-AAVC-01A,-0.6285145793163528,2.89936001202048,0.06066570102438724,0.8510290259326199,0.37399353237251826,-2.6684180457344375,0.925364155874825,-0.4282485580276804,-0.25467655400114064,-1.7498903636610421,-0.8397559304929311,0.7405337391870604,-1.4017054259595003,3.3261173248047173,-1.988492601253224,0.7379831500619264,2.50942517010305,-0.5796558971844054,-1.6162804223989935,1.7402216823480898,-3.4934749695236835,-3.1896549488440176,-1.6083444223300563,1.7518053736147894,-1.7789811302978862,-1.244623113705871,2.4971810303065105,-4.5827108897047895,-4.632919364511357,10.452987318533822,-2.8239789585857826,-4.709338301046993,-2.8915372655898484,-3.7157237605118163,-3.481134579003146,0.4897435063936338,-4.2162963813709275,-2.5145870204108323,-2.9882072298688285,-2.023345079160559,1.5636286676186866,2.0185147740710137,1.3588417268435782,-3.0920058483776183,1.3523494155348632,1.078993940630911,2.1017432404899647,-6.361991044386992,-4.77461744956649,-3.8488593218284453,-2.0133166632723727,0.8436129325316217,-0.2606187123551213,5.59127861325855,-2.162395176265941,-3.1499071943443946,-3.401370577391821,3.894527617617365,-1.0811100802765297,-3.657803784582029,3.6234834513199146,-0.6093960820988366,1.220475379649423,0.3045483361512101,1.4397855269152544,3.154279014551295,-1.1948166539594192,-2.9157829952975582,2.3778484879594193,1.725763033788779,1.9101796743825548,-0.8152409000723905,1.1300219997652852,3.0714134213609063,3.065959896760135,1.228649467391961,4.029658825876192,3.1087932179909528,1.3431611232044174,3.8338715715312564,4.389104565563858,-3.0310463299903168,2.339008169620378,-3.9812935330519448,3.1734576622578317,-1.5864796448651461,2.216725842382264,1.4986473015693074,-0.7527343316668517,0.44782155766367693,1.309760387174062,1.7759073817706317,1.2885087228782968,2.2335821231839867,1.3632883857714335,2.481631588126236,-1.0956418464754314,0.4354646783489491,1.9371937112720319,-3.8368029989479995,4.717747531493447,7.185707568235156,6.571173650648884,5.77118362726704,5.613637192365788,2.341395649293363,-0.5407897386271101,1.480439848038916,4.2267494209407515
TCGA-4G-AAZO-01A,-1.4814761081168184,1.1709297098254292,-1.5688193810861566,-0.23426316125665334,-0.8485641297166144,-3.0907452201962777,-0.3744790120641783,-0.22561516384364186,-2.312592302261593,-3.259680379379333,-2.0694380270163255,-1.0234847849929216,-4.239070099706399,1.273205032482203,-2.8847509640468987,-0.7571003668442683,0.5092249197018238,-2.1946281495981665,-5.038607596863871,2.193674570948946,-4.91580214399036,-2.290054028426968,-3.110106064298843,-1.8440046217068267,-5.155504615154114,1.013771195354447,-2.9825964163443426,-4.6831099692843745,-8.378238927581208,-0.08973669513997393,-5.416231134499317,-6.939020397572427,-1.799291267234164,-3.138050934976273,-6.073386754909512,-0.2545117629618534,-6.223586056553842,-3.315425818128542,-1.925107577160136,-1.2463634454047139,1.0975290911218654,2.090895466605902,1.7312564778228725,-3.3306210696708907,1.0848652862975814,-0.05482814048934656,-0.8976412366129468,-7.107310607456118,-6.519937012635612,-4.271186496296448,-1.7726788250173722,-0.9746429182638893,-1.3934392696275768,-5.994069200785241,-4.017681758012017,-6.828646409344632,-4.8236977518602195,3.0003769177760415,-6.336327268905192,-5.080130959051972,1.9274732640215952,1.8403150350929005,1.7766878426742292,-2.8503392533611103,0.28673716141193495,1.594186816416164,3.1077489334386414,-2.8526833426018148,0.17871545479467296,-1.812041358098824,0.8057488407819466,3.1854461454606087,-4.205194510936406,1.212900972747984,2.062538039012084,0.05055910330127438,0.16660087845280322,0.9647248093383429,0.1967087003466136,2.370347326057986,1.3448883213725291,-3.0814047270729725,-0.9067935922679752,-7.310511303130003,0.766671338688845,-2.423844318612094,1.087271193594569,0.37050323150490133,-1.8531334112460554,2.5924740500065644,2.2310860787480915,0.9499229358696377,-0.7844174311125173,0.31467033165593983,-0.21794238405037333,1.4047028738686467,-1.7280042357582364,-1.5217843143396517,0.9284692323392225,0.2783039572172944,0.8947425881525903,6.31403342591879,6.361531852017754,3.639633849297309,3.430590614972258,2.094816483492392,-4.415243731108676,-0.7595105839398061,3.215946484218442
TCGA-W5-AA2X-01A,-5.424174260638493,-1.2640314538020552,-3.6969067955464348,0.6939513340454331,-1.9664827264635785,-5.416772012275748,-1.4974139387605263,-2.059788859587623,-5.276049014951026,-1.0007446707329197,0.7130596376821392,-5.037567570751913,-5.980134391060623,1.5408056022563832,-5.795740256844331,2.1073787199490126,-2.618862494761331,-6.3280098637274795,-0.6503888712734034,-3.259671051183243,-5.770451082192958,-5.934974511914456,-6.579090810209337,-2.6506572546880136,-3.5746408116189183,-3.325552419334825,-0.9581259613358787,-1.10224616575113,-6.211348329607561,4.609950677074426,-4.28282630793809,-4.2206530702862,-2.1618439353283243,-6.7829714184694065,-7.316068926695365,-4.658541067037343,-4.642722253026017,-6.4920028512218115,-4.473526790571137,-3.4821924285074983,-0.9723169661613319,-0.4302789106145059,-0.7993880338610737,-2.1033942207532506,-1.228450454025234,0.8089696263175529,-4.177125442750546,-7.107310607456118,-4.9380089153848346,-5.012250787647913,-2.9543157077581426,-0.7738101641800507,2.6728513610765745,-3.2757018735084986,-1.5260852925720343,0.5581865993176969,-0.3683648304103916,4.755605147386538,1.4461703957963028,0.8370162323461442,-3.0394473039744976,3.800625879823702,3.4470941315076904,0.28705864256664365,1.1064690596514406,3.3277727241488737,0.6337545611503644,-2.0087851332302566,0.4472372122648515,-1.231177554565737,1.0966274419337332,2.762399615216709,-3.1389038802355542,1.400753583334697,1.4489346568425459,-0.505765308194167,1.7618199749598187,0.7124993176765838,-0.3012418792973427,2.1712135200629916,0.3214242993204458,-1.9599725421742047,-0.6931387629216837,-2.6765361631367264,0.39616991747325025,-2.597868017236351,0.6816272334559511,0.3352558357521306,-0.8145877710246338,0.7719442524434925,0.5994550284836926,0.8264258106763996,-0.1931931159702669,0.07684414359190325,1.959693222496773,1.3719683087221517,-2.1428402947882836,-0.5324556654503155,0.9842629985535695,-2.1928395427090144,-0.4469891046236573,7.1458481796972055,6.491316183881922,3.7689131510573435,4.458447223548877,1.6096035938722324,0.06608439887630153,-1.2577183513964105,4.102913415480471
TCGA-W5-AA2T-01A,-4.375894928097664,0.3692103794601792,-3.26160433989204,-2.512010620792669,-2.4607306283203885,-7.368492679736331,-0.3850042688036664,-0.6516135819623331,-4.8127321831318,-5.952465338194988,-2.0073354836709085,-3.5742507389365397,-5.194889464353913,2.341517330308996,-4.747460924307682,-1.7229038200642388,0.3728333094105139,-4.694768030468695,-5.361599985470742,1.1561790417928923,-5.770451082192958,-5.934974511914456,-3.5308114776718025,-8.028642676850176,-5.848289573965841,2.5166613194980694,-2.997309470047988,-7.834537483946356,-8.378238927581208,3.8775751768229125,-6.693978594037,-9.262012786174054,-1.3328776311963324,-6.152763988680629,-7.316068926695365,-3.873296140332894,-6.9163710153731985,-5.330138871835756,-3.8402849573118,-3.8933447146075966,0.7115509401720991,1.5810340955704139,-0.8803917182672505,-3.5927716741549713,-1.5212080393246175,4.841850793655186,-4.433700691739937,1.6470181341627566,-2.7198045814049028,-0.994345104152901,1.400350868777064,0.4683489019474304,-0.790768344916121,-0.1322653079263375,-5.0323948117134805,-5.724450946260765,-6.315795300939744,0.3204056446893383,-3.2217573056724618,-0.5732435730286826,-2.062251069491625,2.191850470262367,1.7050964017887686,-6.0933212947424185,1.210519363489548,2.2384967761289993,2.1377973307430413,-3.8933916048335906,0.8193542297032308,-2.1828982220271462,1.065538535777318,0.2853756576994318,-4.09062454769374,0.9694234152985373,1.771694921862632,-0.6501310535984925,0.7368503254642406,0.6909572007177915,-0.4423050020296194,2.780969101421076,2.2100988156809023,-1.5611959625486442,-0.9357606296489513,-4.833371260501172,0.3196427942687769,-2.74223376264668,0.8335291970678963,-0.17589224032607545,-1.823452345588255,0.40402682887705677,0.8091550302320891,0.7931908772981533,0.2020874933471406,-0.5162455460167074,2.2009442932389454,1.7160815400000227,-2.4868783850289633,-1.1662062515944396,0.8588942436072715,2.6611580752460506,-1.4921063085409279,7.405014474023944,6.922509806033641,4.8967597409128745,4.585225075202589,3.0283856565959786,-1.3295864597790195,0.10024548027261385,4.912532691752295
TCGA-ZD-A8I3-01A,-2.9228316176420943,0.02197352539163355,-3.0595026029724344,-1.2713556430967907,-1.2887356465268078,-5.815893695724949,-2.2779647288488203,0.45862729677279024,-3.523167604953716,-3.177473932851634,-0.2554276914352962,0.26375046393803236,-4.379256074508973,0.9846594060712277,-3.9724695189591346,-3.5328749154378527,-0.8115333007437306,-1.6682378581224546,-1.7637560723896992,0.8068708377120866,-4.640950619517353,-4.337130598837204,-4.705193999254358,-4.891081192118565,-4.073298168620781,2.406134768391409,-2.570241368121228,-7.7301865396975105,-6.780395014503573,4.6890155534322435,-5.141379610024296,-6.6641688730966875,-2.4771340279780265,-4.600165004670414,-5.213572729717043,-3.9056596570418787,-6.948734532083173,-5.362502388541555,-2.4576109747453416,-3.7557832298738516,1.330761526393276,1.1002100780418937,0.664673593061412,2.8191450001970413,-1.10291014702453,2.3285478407668085,-3.195975045083783,-0.38018367743214804,-4.337130598837204,-3.1218658538998914,1.3886715062383987,-0.4241569511759103,-1.0544574077323037,-0.4903989858178551,0.033273754542608926,-1.5088869495287427,-2.674377109464763,4.322987015871833,-1.361036026292479,0.9695076250290654,1.1693303245791333,1.641370524646132,2.151206069723005,-3.6476375146430056,1.5865350430197003,2.347565018009339,4.086207455137488,-0.2354396206758791,2.3501617592565807,1.4665623012348055,0.9917910982980632,2.175844280469322,-1.9303429864585617,1.8988210943008557,2.3315839418068887,0.689294039107031,3.990916222419488,1.4642442998512628,-0.43134108707532903,3.243424834102835,2.9255482753735653,-2.311788510846014,-0.41767752733938235,-3.25430006513172,1.466828697892841,-2.5115628735204036,1.184613349244448,0.772635420016952,-1.0928550596012174,1.0937075576450421,1.1321227666708977,-0.11009269024594459,0.922430419801899,1.116896865304574,1.7679513895265426,1.4737448612068054,-0.9493862934103193,-0.672941406964055,1.226814459485124,2.302150764725389,2.2053565498984558,8.250526046924913,7.604762686388384,5.248229487720869,5.858153651789095,3.5227204977528093,1.2413910535468304,0.4849672914920719,5.669573415481792
TCGA-ZH-A8Y4-01A,-3.4002553837333,-0.21715142845325075,-2.2630036470862755,-1.40085610576955,-1.4182361092020854,-5.530356659119154,-4.070430204245193,-2.035869982682221,-5.974596162520246,-2.114329317579259,-0.7342624063368314,-2.92875979625827,-4.871326616566185,-0.29351832433920105,-4.101969981634911,-3.4697303001688407,-0.444202172976028,-2.741154792435531,-0.8932565350638443,-1.0931477788417667,-5.770451082192958,-5.934974511914456,-3.107712956333661,-5.190506656235188,-6.010153553350941,1.0178637262031942,-2.574210948707944,-1.6308683118753255,-8.378238927581208,4.145477033874022,-5.855842573421105,-8.793669335771195,-1.8059432988746538,-4.729665467342684,-4.343073192391049,-4.357088214605407,-7.1307211049159545,-6.4920028512218115,-3.0846110968892604,-3.595777075354604,1.4875652488774083,5.211341964113527,1.0238334928066544,2.6713585028220654,1.0247472298017328,5.717631169244669,-2.3431775094876324,-5.638967157055049,-6.051593562231961,-2.8039073396031404,-1.4489905219541301,0.21740137898466838,-0.4980664608354799,-6.848718138987987,-4.609296290375433,-0.5287629210275976,-0.9595284426038709,0.28716183130883305,0.06641163558071352,-0.3801910455702388,-0.07211195543407553,0.9056347629568733,1.7588546218552399,-0.26164029625982504,0.7683241547913663,1.8301279192916295,2.6729787575886896,-2.1223697800730834,1.1880049670188961,0.01513374367285397,1.562143056772931,-0.7426325749493987,-2.667526026357574,2.3493066008810826,2.3031696042464413,0.2462643649920768,0.27542606422902843,1.7523370413592667,-0.22025399962969305,3.0196943027972325,1.4162388017325083,-0.36206228236755544,0.20161589114938974,-4.705728622691425,1.419364004087251,-0.9144396862497396,1.6805652770078678,0.6041408257265755,-0.7944939826395204,2.060739889765873,1.112618448185964,0.5836421001540034,0.3738726863939774,1.1729520557857964,1.1341889000531136,1.8967854215619122,-1.410337625089901,0.3881368030236474,1.674487695569944,3.3110870050317884,2.031548540824379,6.941858573166465,6.613546174833079,5.067151177108929,5.166718652613738,2.0312920667294017,-1.2254985499504973,-0.9818913066396224,5.058370413063266
TCGA-ZH-A8Y1-01A,-1.1944808180095001,0.37415664223637995,-2.4872710052594917,-0.9248368250109961,-0.8594620026571176,-7.459131759511606,-2.9536606445747635,-0.7004601365425508,-3.5947921970171106,-4.73452535208167,-0.7369280776604138,-0.40211444243567684,-5.298877573128521,1.4530679718317057,-3.944558437471869,-3.504963833949848,-1.6607654714730626,-5.476828044352161,-1.2655250561234548,-0.5719879640984875,-5.770451082192958,-5.934974511914456,-4.6124317734151585,-0.9652126397920566,-5.630349587853344,-0.026318043454335915,-3.7793694839324234,-5.89492053614663,-7.530091511679264,3.152512723465043,-7.476038607922064,-7.413865370271654,-3.011101834093729,-6.7829714184694065,-7.316068926695365,-5.977284249107347,-7.1307211049159545,-3.7902707908318747,-2.8853793770355147,-3.868049806435651,1.432966390229147,2.9020295984960374,2.2534276466818977,0.250287939147309,0.3134033072453215,3.971766031970071,-1.9812954519904125,-0.9016111869350866,-6.519937012635612,-2.1610689682723607,-1.2859979455315205,0.36867378605456047,0.286993983153238,-1.0765967507114185,-4.492526730710514,-2.4190481188989477,-2.0761503032249538,-0.494497625882152,-0.6614251221043849,-2.1974239271325913,-0.6534887410452023,2.072445005124501,2.6845817316160776,-1.090279193414507,1.655088109004057,2.398349405816986,1.3170249105252416,-0.611321281300031,2.489072261910738,2.665369569017056,2.3958141671579405,-0.1588147174285161,-2.095076982916638,2.471052692011207,2.3657833938622206,1.171149962549311,2.986989133970307,2.3994248856956575,1.1994426929927466,3.6200591608341792,2.3554701758425636,-1.8457563169655264,0.506762659072729,-5.78535627582683,2.4765600529422476,-1.5874876030169824,1.744196881978069,1.2966205728766913,-0.583817288376506,2.0065319620452216,1.5990013642399372,3.011841375636335,2.424079996282774,1.680835835199867,2.1032300213733692,2.225416735068235,-0.8343101712785113,0.5039410263911881,1.972497569905491,2.3055532180693015,2.5527464460227787,7.870451426833897,7.6826605860714405,6.342383434954077,6.5011994618134405,3.741435023281366,0.6542318124130323,0.6069466973401069,6.644369518806679
TCGA-W5-AA2I-01A,-4.662760668272587,0.45976784675957966,-4.506649904379113,-1.9326277498551778,-2.2213097751044724,-4.748467824301152,-2.651111448814724,-1.561409673057856,-5.777669828421545,-3.3324404827612364,2.2501192923802686,1.8227553895117334,-5.4817552045245055,0.5862178338801851,-4.127436068872378,-1.572364247930964,-0.8096957709482298,-3.2446681764822216,-4.6963302009674965,3.9784887451180686,-5.770451082192958,-5.934974511914456,-3.7143894094323424,-5.186225400081229,-6.010153553350941,-1.473536278190074,-4.962247115332811,-0.9762601410906815,-8.378238927581208,0.62265232915532,-7.658916239323291,-9.262012786174054,-3.6634647487999863,-2.417261915826475,-5.146146858295782,-2.072699039253726,-5.881308660663383,-3.2950765171190746,-3.2747078858957863,-3.0509274378320654,-0.7894396053589785,-0.7967401408025695,-1.9384387679441457,0.03884115555814093,-0.16421758972247114,1.8015715155798657,-3.9625392222199256,-7.107310607456118,-6.519937012635612,-7.1791413856214055,-0.3032895112139127,-0.9030131123098287,-2.9256309916477283,0.21857291469118598,-7.2467449012559255,-6.828646409344632,-6.315795300939744,2.146159591828616,-4.186694950953244,-2.2784219445129152,2.7951809332132704,-0.36395994636717416,1.4696937053123764,-4.958723266472552,0.683107260099955,1.91982728392983,-1.5572661632285298,-2.67390467898361,-1.0639696500295126,-3.5952948442857795,-0.5841622172234292,-5.264524488305986,-2.9560265194261928,-0.13883508033515632,0.8542044389834235,-2.1228633390820755,0.15657653042109637,-1.1928436818422432,-1.882151602573144,1.039631456883537,-1.9467063839312102,-1.9891055841813856,-1.8307962617076332,-7.383271406509015,-1.911809825581128,-3.8364544248765413,-0.7561969294313092,-1.3590100556612412,-2.0427071796095393,0.30806553296131994,2.664511362707548,-1.8461278247765078,-1.8442384787829453,-1.2460278180468023,-1.1585989514230013,1.180660175422234,-3.025551275619429,-3.3910110236341087,0.12113408221620744,2.3767465943116224,-2.7072705833605006,3.814089413248032,2.878016762589497,4.028924569377106,3.585477185985048,-1.132949201495535,-4.43553641459425,-4.00219568876216,2.8640831239707807
TCGA-3X-AAVA-01A,-1.9576274046210285,2.231661747876028,-0.5797252171228011,0.47972376456804594,0.005379334525914857,-4.243006905485192,-1.280580110079418,-0.7705465353766023,-2.599783567632063,-2.5050514690555605,-1.8818497094194593,-0.5418743690751835,-2.3913317849877367,0.6942711474374376,-1.2644231454381105,-0.053097529588526975,1.2251503006940196,-1.5103885671642374,-3.605906781427736,0.4730613477888986,-4.4831013285553345,-5.934974511914456,-3.3829578903912703,-0.5544287483692897,0.8992480197365189,0.8212456398536048,3.032058149940357,2.4910578325535297,-1.2131547874051678,7.088368907625789,1.0572160232799623,-1.25839206869131,-3.1035560459598024,-3.442315713708295,-4.640685939478274,-4.484775960246719,-7.1307211049159545,-6.4920028512218115,-2.797261343253897,-5.767858940355513,0.8589792672986203,3.003117384120403,1.4100009826578912,-0.3527039323058668,1.0193152342101228,1.827434049561624,-1.5883228366830264,-0.707761213642296,-4.179281307873455,0.16151431914046419,1.1602873265652796,0.8025874209941743,-1.2502450713845152,-5.561368385354487,-5.321946536739338,-4.014002671289273,-2.2210719349818304,-0.8125115381600952,-2.8161636122205986,-4.647430143612384,1.4769053682729458,1.0890335525538741,1.7785406439863227,-3.730796323185543,0.726609632254733,2.1976115120137214,2.78722826395129,-3.9054093543321815,1.7335367612786294,-0.3944474350551816,1.9882774013222761,1.5852323384256963,-1.8182973851130275,2.664306387122016,3.641145430952858,1.0760845372310104,2.0674505296239314,2.2352016396856693,0.7265082038902017,3.9950116848809585,2.2486320458177573,-1.3007806082128603,-0.4223492017355725,-5.707885486246971,2.1615245235009275,-0.875666285754793,2.332849215499857,1.600519297027203,-0.344329616724555,0.22602175649877973,1.2669294109725258,1.7029021089779497,0.8095174255080013,1.5165909402684665,1.937823208737377,1.8785088926360232,-0.4485032745502979,1.1096963652146214,2.3339998466140686,4.272480009921938,2.953008444510635,8.075682422990576,7.952748240417564,4.753441603586622,5.625821951870647,3.891225577412181,1.0023501919394422,1.9927118286795376,5.476317688049873
TCGA-W5-AA36-01A,-3.2320942847760943,1.1625137756981867,-3.105730864270674,-1.1409187567191297,-1.0282382195867261,-6.295081364301833,-1.6652299079861015,-0.2903999555473691,-4.154358366978997,-2.4196224041272187,-1.2293800517650166,-1.330914422060858,-4.858443743088989,0.14504056886713126,-4.352121513987974,-2.1469921641053737,-0.3149685155721129,-3.621356715035965,-2.6579812402527017,0.1314802717751433,-5.770451082192958,-5.934974511914456,-4.650045240181593,-2.6333032665357203,-4.452950163649959,-0.645866318244334,-2.9238981546152094,-7.624411707555533,-8.378238927581208,0.7428782969288611,-8.324186023824735,-9.262012786174054,-4.740593005503706,-6.079352673251431,-7.316068926695365,-3.7998848249015875,-5.842959699941321,-4.671765055681602,-4.351836142602223,-3.4980053042874633,1.6243349987398792,2.783917208840236,1.4024729627926873,-0.7975996361683148,0.9307148993614984,0.8865131706019485,-2.8330423734409926,0.7561794745376955,-1.494390172527836,-0.40943344994253117,0.2788832554275195,-0.6921969555860255,-0.15031643676008297,-6.613442844167465,-4.958983496283374,-3.481114629387901,-3.7061058010766867,-2.4946363872328985,-3.9557009122908706,-1.3071871796543117,-1.1024965358599206,-0.16439841554359316,1.2357304466081689,-6.827264901363929,0.5961351700280858,2.1864807212309763,0.8414850401942285,0.09562752330827334,1.9525749403713455,0.878440261106206,1.7423378263969223,2.810913791145906,-3.824568154319133,1.943713684295855,3.3065297036063477,0.7920025682019499,-1.1117358470996934,1.4454181210615265,0.6134043116675291,3.9075121305021705,0.9683712018839751,-2.4597702709515508,-0.5020547795342789,-6.344922445789013,1.6400664978117006,-2.798105464156363,1.9800480607768187,0.9775183971702696,-1.559218687824454,0.21347566186200986,0.8463736940335069,0.26088113184504047,-0.5222499079021596,1.5606130710347805,0.14278441513102846,1.5779158076445394,-1.8135542274097591,-0.3526620629170432,2.0230539745633775,1.9599998038287436,-0.7076911928052328,7.868123229060697,7.322901869479929,5.103889123173707,4.6467731393525735,3.513673597781918,-1.9377558352390984,0.008845925961292774,5.640007311251486
TCGA-3X-AAVB-01A,-1.6522713665656168,2.207299418517913,-0.8683001435118459,0.3457258752891855,-0.08848804746300501,-4.8877256420983,-0.18833325252713126,0.3524438456014504,-2.1095727241562368,-0.9273777843341561,0.437362299260914,-0.8204652068909288,-2.1615814036860277,0.9715498988263815,-1.851656387389184,-0.20260841823994266,1.0635735091315688,-0.8761313540740844,-3.2506255180436257,1.0668824550846816,-5.770451082192958,-4.408962545209683,-3.3130788458644966,0.41019368032070835,-1.8650221957989146,-0.8325753038656715,1.7564760619985635,-6.217055985350957,-3.852226960877782,8.360852185342832,-2.8912834615069025,-4.829110223862435,-4.695807362680358,-6.7829714184694065,-6.870367176811304,-3.4920647762453925,-7.020566478457488,-4.849371834195566,-3.529442921117165,-3.2971004595558298,2.0099020321825782,3.1869036707396337,2.474844437286289,-1.1004166622421383,2.612364144817137,2.0694373262006898,-0.6141317406494474,0.6183737040832071,-2.993925045927008,-0.7223920813530114,0.002592202058077557,2.0193681356855997,0.9500615320220804,0.9705016097592417,-3.5516277740749023,-6.828646409344632,-3.0357156730415586,0.4938601247452672,-1.641454594479215,-3.1222238787877608,2.5922141326871317,2.5196966277827237,2.894699395570928,-0.07709371779735102,1.7145436759917654,2.381209656480153,0.2335740057405687,-1.4570186865542605,2.470328956163861,0.8828313163270393,1.1456192870954958,0.8999984420722444,0.6271816872465849,1.8344219054310893,2.990304305467136,0.877430195515784,2.691548551438149,1.7231809358627945,0.5264000819354819,3.498792420286484,2.992692742148908,-2.089889254159476,-0.5035504121899386,2.2832146478450066,1.6266775274888585,-0.22082474050976444,2.1264046867346478,0.738771323842844,0.11895260419410052,0.832841786879994,0.952202852434129,2.755317945782339,0.26262219463303005,0.796321170647535,1.5733297647078177,1.3841713324441043,-1.362255157617882,0.21048833189672383,1.3782825752703833,0.036059248616642524,2.9514278228999062,9.342221571967276,9.441334328237268,6.706673362747247,6.9370440777421525,5.6713207671091785,3.2128751641648683,2.380539449843202,6.935629401996
TCGA-W6-AA0S-01A,0.4916880529181635,1.5559064397529216,-1.8769689019927,0.9920980532687301,0.42036117377649773,-5.274906023830532,0.40741285238406,-0.5468287194545955,-0.5816420034783387,-1.3734518551203037,0.1793605766312531,-1.4450401733039202,-3.423230903337071,1.2312804907140609,-2.583484940513271,-1.2882802463246625,0.7246373548532181,-4.186143875284257,-3.152379072609476,0.6232766398900816,-3.515000446902766,-3.5331085211103797,-3.901171921528093,-2.4240941016741027,-4.076631012951343,0.7253399090600569,0.5022695455291823,-5.604236367080372,-6.391410436052273,6.158494699909368,-3.8348571917700855,-6.538218700477212,-3.3793807471948236,-6.7829714184694065,-7.316068926695365,-4.1016375793167,-7.1307211049159545,-5.558480310818939,-5.653588897014671,-4.799758058702357,1.4036707361983627,4.0573619146661475,1.8968913919409602,0.14206265594501022,0.16373888850527932,5.015756253506423,-1.66204213072343,0.9311800038902194,-1.3107160997744087,-1.049354940252292,0.48453201844030475,0.36409781068811337,1.058892728098319,-4.330233097865017,-3.3538456550889504,-0.6860058445512218,-1.2853925310224692,-3.4882668462837154,-0.7656005703778722,-3.3574011670734154,-1.7202767837224469,1.3090711311592929,2.5569080431145212,-0.7111651408936699,0.18998280961865083,1.4570068955334918,0.3707561137269698,-2.9373084726824574,0.48409758680142717,-1.2737361372637073,-0.004878015751270335,-0.8649632692811613,-5.126320908734763,1.0079816089484488,1.3859808533962092,-0.5097501862149497,2.600678730409935,0.9144399312640681,-0.48903963452322763,2.2838312812016426,-0.24791221034007105,-3.877000242784808,-1.99987267285252,-9.231637700926509,-0.15961676422998658,-2.2418772234465263,0.5616861194503968,-0.17103450301766898,-0.49132584577324995,-0.4684607596928331,-1.0740509227083828,-0.35901949246985443,-0.9882070414928141,-0.5330828798086076,0.6879149469544598,0.20881958521886373,-2.8823298098531898,-0.38664249249214433,0.6609847008380466,4.0925027952048865,1.9030493546164993,7.09696183552516,7.050521432174036,4.515822701577089,5.235618794171035,4.222228883566489,3.2393791936531864,1.1971072682110337,4.7453160266149474
TCGA-ZH-A8Y8-01A,-0.09164681851706222,2.8476223779536096,-0.3219042110684858,1.205049689796064,0.7691095732700738,-2.2888622897646727,0.08860200491643806,-0.9091590605758334,-1.4815630261619392,0.58033767994131,-0.3884094914545548,1.5887956592238761,-1.65957959060592,0.6652831134188937,-0.5055591054359896,-1.2630013489723773,0.286654806409839,-1.919992222022936,-2.722151493597911,0.02611833110877195,-5.770451082192958,-5.934974511914456,-3.304339699372695,1.9172363242316097,2.8105669471779016,3.2908704985660924,4.960298823619722,4.875948639913215,0.22005223953508102,6.538540538169488,3.7322710548343037,1.045611574668328,-2.5022004888315195,-6.7829714184694065,-5.078858746534106,-3.9229487673038066,-5.644095547456575,-3.0578634039228474,-2.2354341503091044,-3.1185689061596737,1.2566542841358637,2.919322044865253,2.3147158891268886,0.39655367118427326,2.0340013918643955,2.9027886051825105,-0.957333619231296,-1.266228254414619,-2.8804885207630697,-1.0287309744722555,2.0155808215584874,1.3493864047062054,-0.5729406610227756,-3.999541192407587,-2.257619003264433,-0.5614045480994949,-0.9063376040025644,1.8458889144795798,1.09699259205091,1.5708219126063727,1.00832981648368,1.8103068221296321,1.7868549748320586,1.9820089578021076,1.158781163267631,2.1154627115721834,1.7278814270373852,-0.7951455366915943,1.7961738140929546,0.2770042490685153,1.2759296308250356,1.2415554760317427,-0.06091938305030541,2.2358815566170223,2.7606222195412076,0.4181305222939987,4.7203147526182425,1.93514036160305,0.4984807578583381,3.0839235630917634,4.788977704367161,-1.5921120269401796,-0.1809846946758289,-3.824130198419332,1.4930032361175076,1.4882215295755368,2.1375911536543417,1.2672453482871944,0.5586845481435179,1.5282454490104382,0.8819612210864918,2.4751638197373964,0.7896473662880684,0.36457509707159347,2.5011461976060696,1.7161467137026536,-0.7281030552797148,0.9616793069909396,1.5573477684066368,3.250659630117041,2.8750004995687513,7.238831253813114,7.322735781440626,5.179729494617694,5.862218663375483,4.478754839674214,2.351507196223855,1.752293117650029,6.156722318543894
TCGA-YR-A95A-01A,-3.569078893297614,1.7216933561922496,-1.3027852116512826,-0.9682289918240792,-0.8356488972550741,-4.602318629432084,-1.9497470966159447,-1.005384684023585,-2.6839880534461233,-3.1862912878959837,-0.34397223895094875,3.019379439480656,-2.200446426373946,0.634519705348302,-1.9306608009322102,-1.3490471925409038,0.9961352780192573,-2.4140208073357416,-4.7725734274358835,0.2620005824232142,-5.649767974562904,-5.345947953879998,-1.3335876101003923,-5.484861047884238,-6.010153553350941,0.9846502620416884,-2.1315997461940026,-0.9316489726834227,-8.378238927581208,4.716919020027119,-5.413231370905763,-9.262012786174054,-2.154745474548101,-5.193944860436709,-3.8073525854824384,-3.4290501849158157,-6.95755188712778,-5.371319743587893,-2.2440359084527532,-4.612597491474225,0.500445066972708,1.2478972086811824,0.9972906472547894,2.788247894785628,0.2031458352916304,1.6563588591318492,-2.496255214290371,-4.518284049423203,-6.519937012635612,-2.782759905530056,1.4838325702992805,0.9382815010297035,-2.586836718837077,-2.5581100299146753,-5.073575683467184,-6.765631818014731,-6.315795300939744,4.363682852055081,-7.0702930994786595,-1.1136570714771243,6.060306667283639,0.8399047463606247,1.1469672492740017,-0.5072288609133114,1.3852408445437385,1.4788297308184446,2.4608179928514935,-0.36058109368807584,1.257590085366261,-1.5763808377128732,1.802274270219883,-0.994992877931801,-0.6172322466180689,2.804030516144487,3.437348554356066,0.56244466689813,3.824952470660869,2.150873269536705,1.3061670465418151,3.3343031764622726,0.25862074687772685,-0.9349521733921097,-0.11367783819611597,-1.7135602555824985,2.0620321793862124,-0.5728476484577396,2.4706434023746113,1.6573960058352522,1.5116347117710183,-0.3943628569490117,1.1207632170676847,0.4193820219951437,1.0181177500812852,1.3627483346199496,1.1014412099744995,1.474513554990051,-0.5565157028340266,1.377575377373906,2.154107484995397,3.1356144013059937,1.084981407045908,7.601417232978416,6.908837576341157,5.021968927314342,5.178301322012387,3.590508921549619,-2.043010157843819,0.25784447263621546,4.947839150546849
TCGA-W5-AA2G-01A,-1.4134138583632525,1.963272294115392,-1.0646580165247044,0.20513804483952153,0.30899473159595187,-5.42393351799518,-2.4615067225898946,-1.359131116801451,-1.7807101801401775,-2.837981175010358,-2.2327013233690813,-0.9292518590560755,-1.5278642781433691,0.2860764920517562,-1.5549742491242504,-2.1933821576027666,-0.4438206692632052,-1.8116094133902105,-2.9794784718803236,-0.716635474351617,-5.770451082192958,-4.360207920386953,-4.001289815208674,-5.08408351511132,-3.5818023173405766,1.8651398199648161,-1.8048227948607118,-4.753263861247013,-6.218509835329188,5.134123204106234,-3.9420645102385867,-8.687246194643608,-2.2449542942890957,-6.7829714184694065,-7.316068926695365,-2.665702572762486,-7.1307211049159545,-3.215654708657126,-1.0212566776567558,-2.861322711611312,1.5470673426158867,3.1603461247440965,2.581836831606259,1.4677121216763624,2.5498835283461316,1.5995318206717892,-0.9255526800705675,-1.777656513762024,-2.945170421109591,-1.8494872919294523,1.4790953779079008,1.2288761160514419,-3.016134184612891,-3.934940075804746,-5.502873149249046,-5.194929283801633,-4.834957954770028,3.0670083739723606,-2.5609911099230085,1.885888761540622,-0.9015584768885945,2.3569471474144104,0.27701011753649113,0.7836635547143976,0.2474061929242622,1.6968318213520615,0.5090994924117318,0.1990662520197295,1.1353616221738825,-0.5906408042192854,1.6424855444269992,2.533715567618712,-3.36845780728952,2.451736119964891,2.468052475917275,0.31411047400759706,2.3663528690262337,1.9997414782072997,0.5583300841163987,3.1015658386230527,-0.9644532344685929,-1.5886224246394893,-0.25423587374357126,-0.9346157883732811,2.339342771830106,-1.3877988067425406,1.6375462641909766,1.3323816884313666,1.0463390477478258,1.181557386537681,0.4390785896463485,0.7989729009618798,-0.053263495321707044,1.117559264822116,1.1659353548805156,1.6799136320314978,-0.41819791146153595,0.8555207706700372,2.0437085605425844,2.493375277185976,1.0127004875675167,8.333462220823275,8.136382342590185,5.737893635799546,6.266382218664422,4.17577497329097,-0.385027298040791,1.2074248428359107,5.277227601012351
TCGA-W5-AA2Q-01A,-3.054192117405401,0.037023799622326437,-2.1039856520549574,-1.610883492915558,-1.9132404550634727,-5.582842769279585,-1.9529913129586438,-1.2020128746367384,-4.705154177789438,2.512664671767892,-0.16921815331973242,-0.7011379872293574,-3.483240135340694,1.548175109362386,-4.376848513130795,-2.274288896887605,-1.0259413512700142,-3.2461531072856737,-3.3607801445023275,-0.9476945113916799,-5.770451082192958,-4.519117171668408,-4.745161567216491,-4.336102170787045,-3.2552847414484374,-0.998583165059534,-1.0417345581492365,-1.5723231096450934,-4.792456585893735,4.211109484203061,-2.9083286835819613,-4.939264850320435,-1.1703734153485006,-6.7829714184694065,-7.316068926695365,-4.824611824043387,-7.1307211049159545,-4.2225608664901,-4.2245600482993515,-7.107694804150298,0.008453665162005197,0.6551890993730843,0.23617507029934548,-4.551864708457893,-1.9420090063329376,4.83093553392612,-3.091657432762798,-3.8840983451538538,-4.104079672391219,-5.178321544653837,-1.7984583698701502,-0.14102079329481707,-1.2364439805673655,-3.90120424914699,-7.2467449012559255,-4.3538385350850435,-6.315795300939744,-1.9267877015386892,-2.3854813221367133,1.2582866988491963,-2.0730677649530085,3.027353381619297,2.8266627454134596,-2.103799050918296,1.4735350803764782,2.251735088926017,1.017291028422693,-3.3972483115720173,1.7063198201539245,2.115821270667364,1.5444783081253926,-0.7590494303997632,-2.0679354399362526,2.234682826327168,2.5014627480146356,0.5584615542229285,2.2921544487970142,1.7450959470998244,0.271195122666006,3.359647634702898,2.864763413960558,0.5178128905955398,-0.6314505888410274,-5.632683850763402,1.7814622142956051,-0.9984040278833846,1.7225188572213337,0.8429568464202352,-1.2577681190765337,2.210402164186924,1.6784399870627444,2.6328936915111543,0.1506562747196122,1.3186015548831718,1.1404252290169758,2.1486333462733787,1.9649955282292986,0.07165095072831622,1.3004284407137425,2.8374869130867078,3.1679082940045644,6.689355072664457,6.605454184031348,4.4496369294198415,5.1706712958103305,3.3242302993711808,-0.08291284477098095,-0.19849679655939925,5.324554172407972
TCGA-W5-AA2Z-01A,-1.7470746426934982,1.8729535318111206,-2.163853547220959,-1.0438630235920077,-1.0875840438023714,-4.920244639975867,-2.3823156730941903,-0.8652900247368296,-4.627518549204007,-1.5656178430947338,0.8692468779835897,-0.7567688895069974,-3.483607018757245,1.5143708168889838,-3.8841753852671315,-3.859618281022919,-0.7212368141406363,-1.6350852786231471,-3.2831445159134143,5.813565600483625,-3.4233734688773834,-2.634126621030904,-1.8927388790305353,-2.917429624364104,-4.177649112869596,1.203990010194716,-3.1340239310087745,-7.834537483946356,-5.88474595875536,2.965711927814285,-6.2457305542748,-7.76851981734587,-3.1433638598347677,-0.2233892591818357,-0.6740674841908907,0.44942101734143164,-1.5936538576968489,-1.2969283313490192,-2.2400338241068742,-0.46020356723467637,1.552555031834545,3.129943137004575,1.9744156668497674,-1.029046416973717,-1.6106167855017195,3.799836618170186,-1.7509873983413027,1.4305764807333696,-2.326004325663405,-0.3106089854429875,-0.47506632688599576,0.42366357948510436,-1.0974078073174118,-0.4837186176770775,-2.999184271231589,-1.7737025659709595,-2.0287063067283215,-2.453223396621786,0.3498731495978697,-0.8221675375727858,-1.9828320995890292,2.8616480879402806,2.3456700210900534,-0.9499278365027551,1.9395800551380384,1.1911862872131154,2.9287823951787315,-3.241610170985144,3.327411664706074,1.925781563710903,1.642610343596698,3.6252949054488535,-3.2273390086478684,2.649570281210365,2.990713110235872,1.1168708332553783,3.267838796236796,1.9618089896064614,0.9307072721055528,3.6484767536315643,3.0472901585711027,-1.5889760519555558,0.09175430517106323,-3.3586510093773994,2.3047426793551247,-0.34289532336222056,1.9957052949238085,1.1673862398370134,-1.097670330297871,1.8083155797593289,1.5272808804385776,1.962684053103867,0.7740616361668773,1.4836019122343094,3.1036964015491204,1.3661843604786978,-0.9301058884914893,0.8617099892178102,2.1150296634662045,3.318402070074486,1.8758401031308651,8.101160326140826,8.329669740779245,5.064595174038523,6.008402093570435,5.244167228848929,1.0580226869166003,1.464101332749487,6.323275738057303
TCGA-WD-A7RX-01A,-0.11272404058502665,4.3269177735044435,0.823338242439029,2.591643970301645,2.145327972715091,-1.762434078699692,0.9512489684231664,0.3535409744847856,-0.13892897545853136,2.1577246889511743,1.1932444465136882,1.4451103100087876,-0.5999714209213837,2.4700169388421886,0.21344039408366788,1.5046431577178,2.5459879903754112,-0.1942025582785021,-1.8257736727867222,1.6845337680396608,-4.7029682199117335,-3.814185698509956,-1.4157392291470297,0.7958394433147391,2.2692176034723706,2.144921321838727,4.9272050339708935,1.108662667889695,-0.03505769284037519,9.007440567293893,2.7546721091135047,-0.16776576022105014,-1.7384604365981133,-6.247145105787686,-3.860552830832767,-1.5891656341815084,-5.425789631756906,-2.6171650668790747,-1.1977004802520905,-2.033529521322777,1.1965941402440927,2.8037272240124667,2.536979818394403,-0.2490316788687617,1.212229868186846,3.0640946592355727,-0.5494554596367651,-1.3620309291419221,0.18581430149258088,1.5563572718991618,2.8557856898394856,1.8729065417366084,0.9298186441482037,0.12565531890024229,-2.9568509273706507,-2.818832063368023,-3.7363947098622425,3.2120402981504466,-2.216602749216869,0.12138765180312695,0.33035515455523345,1.7586327441071545,1.355581887252999,0.6914431932859938,0.4923636015271545,2.382362031562016,-1.0135199513138866,-0.11628746245959229,2.384317809643726,0.1645582194910874,1.657549920617604,-1.3642206167306983,-1.7444330734102436,2.913000723662464,3.5309030307723246,1.1655457039823227,2.449824130419232,2.249465489842532,1.7639733590016797,3.2562477424268788,0.1426847461709292,-1.4951124074616424,-0.08223025790281908,-1.461052758502767,2.0037742775302103,-1.2379774421315577,2.802035785920767,1.8334745674063921,1.5613343740052155,1.0895708733310268,1.701717760299262,0.037975235247035624,0.7812055515583872,1.6362105151830668,4.026049832234609,2.130301994883413,-0.286638753242868,1.4239108055772316,2.266026333881874,1.538666251384724,4.544501137405043,6.916674322714856,6.904110198059713,5.902170185090522,5.999800837581392,4.42807960644988,-0.048154261850743674,1.7485565683635016,4.666276357024359
TCGA-W5-AA2R-01A,0.2773715314877542,4.130896789113268,1.4423455712083684,3.023419348499725,2.7056323457841525,-1.7437953723463762,1.475997078805126,0.2223123317358207,0.6599620308145601,-0.24370376601802238,0.6943515627456914,1.2831073252414322,0.3888360619804399,1.440463047314635,0.9949314257515398,1.615489302169542,2.8922125906533065,0.3010234286099063,-2.4286233431782476,1.2613024952936518,-4.627745985191836,-2.738963463791019,-1.723421872767812,-1.960338717987116,-0.034558442189561396,-0.7293913764590759,4.119240933675876,-2.1934199493133146,-1.324246884329929,11.07979420452927,-0.19743763813919796,-3.224699484076356,-0.8789668929318147,-6.7829714184694065,-5.200368095394183,-1.2143831176044892,-5.935529897758406,-2.4424071586095946,-0.9849747217829903,-1.912503596994113,1.5922640232949703,3.96932137925448,3.507717163593696,0.9126427525502265,3.070411870816282,4.224560893916913,0.808405738857621,0.852466094177265,0.6146734908230533,2.3477865406173364,3.1500928697026627,2.115334276541853,0.19007277269757095,-3.5360880405476687,-3.2441987720414414,-5.743609828644526,-3.313249171725913,-3.8920611665758185,-1.9608082688615647,-3.984719878192565,-4.066910382185998,2.5800410035651917,2.3890287999212267,-0.8008940264584042,1.5297624891649877,1.9640257405094035,1.1215737393814746,-2.4177857954661115,2.006137247872832,-0.6495160813840272,1.174072339424825,4.676079103402626,-2.332175851414137,2.447461784968561,3.2313701893373787,1.189237638060991,0.7375910005186223,2.0883254357512415,0.7470381491354908,2.9983880737818884,-1.1309881615913868,-1.144255730127716,-0.27110362438790453,-4.068258833942511,2.0573014411471693,0.6715667622449952,2.358282655762851,1.0435212256796538,0.14274199606565655,1.4726036378680567,0.15545161827364148,0.9211943030594172,0.7847020108293123,1.3552889396778731,3.5429575913841327,1.6331702363798246,-0.5576700358318426,1.3809816885770771,1.7369007265694356,4.145847486674123,4.2225381731325875,6.606717431832455,6.959830158858433,5.382395041597367,5.614472490687309,4.366913046568558,-0.160121461670849,1.0310459153887184,4.642944444363243
